Classe;Ativo;Sistema;Lado;Variante;ParametrosY;Combinacoes;Algoritmo;MagicNumber;Status;Caminho;SHA256
01_Forex;AUDCAD;01_SLTP;BUY;MULTI;19;398103552000;FAST_GENETIC;662995479;RESEARCH;01_Forex/AUDCAD/01_SLTP/BUY_MULTI.set;651D4A8C87B7A03EB53E1112B5993DC91F170B47004A340E37F14004283F3E13
01_Forex;AUDCAD;01_SLTP;BUY;ICHIMOKU;18;8685895680;FAST_GENETIC;683603558;RESEARCH;01_Forex/AUDCAD/01_SLTP/BUY_ICHIMOKU.set;3EB51D13706D8A1C3FBFA68EE290B195F15B7AD27EA19F2B031774CE142594A7
01_Forex;AUDCAD;01_SLTP;SELL;MULTI;19;398103552000;FAST_GENETIC;664020589;RESEARCH;01_Forex/AUDCAD/01_SLTP/SELL_MULTI.set;DFDDC77DFEE41867ED7B8A30473C50DA67A6584CBB5EF3F8EF9DE3B9D48A1B7C
01_Forex;AUDCAD;01_SLTP;SELL;ICHIMOKU;18;8685895680;FAST_GENETIC;619301347;RESEARCH;01_Forex/AUDCAD/01_SLTP/SELL_ICHIMOKU.set;5FFE285BEBEBD891893A91B0C6A73795D0E99C3B2E2B67046586EB5D7F682B67
01_Forex;AUDCAD;02_SLTP_ORGANIC;BUY;MULTI;19;398103552000;FAST_GENETIC;677313929;RESEARCH;01_Forex/AUDCAD/02_SLTP_ORGANIC/BUY_MULTI.set;3219192E947FA65750B6F5C5712A9E156E13F0B37FA47E5A706728D12C795603
01_Forex;AUDCAD;02_SLTP_ORGANIC;BUY;ICHIMOKU;18;8685895680;FAST_GENETIC;616707629;RESEARCH;01_Forex/AUDCAD/02_SLTP_ORGANIC/BUY_ICHIMOKU.set;FBE90131CB78673DC95B4E5EDDFF92C86BE83ABA7B971034D7D23C359098BC9A
01_Forex;AUDCAD;02_SLTP_ORGANIC;SELL;MULTI;19;398103552000;FAST_GENETIC;684865060;RESEARCH;01_Forex/AUDCAD/02_SLTP_ORGANIC/SELL_MULTI.set;1A4FDF8B24725F434E6DA240035EF81D24ED81A053F39EAEDB54A4CFF00C3EAB
01_Forex;AUDCAD;02_SLTP_ORGANIC;SELL;ICHIMOKU;18;8685895680;FAST_GENETIC;610035473;RESEARCH;01_Forex/AUDCAD/02_SLTP_ORGANIC/SELL_ICHIMOKU.set;FC2F978CFE108A525F7222D3F94B18EF06197879CE4CC19E03FAE6BF4C1D1008
01_Forex;AUDCAD;03_TRAIL_ONLY;BUY;MULTI;20;1287982080000;FAST_GENETIC;673445310;RESEARCH;01_Forex/AUDCAD/03_TRAIL_ONLY/BUY_MULTI.set;53DF16493944B4FFA1906506A8AF72172108C1113043A7027CD2D92039D6E57D
01_Forex;AUDCAD;03_TRAIL_ONLY;BUY;ICHIMOKU;19;28101427200;FAST_GENETIC;654211801;RESEARCH;01_Forex/AUDCAD/03_TRAIL_ONLY/BUY_ICHIMOKU.set;C2F0686B90E5C2100BA2A2D2C93FCB7FDA8652411F154AB7E90E797F13CDE69B
01_Forex;AUDCAD;03_TRAIL_ONLY;SELL;MULTI;20;1287982080000;FAST_GENETIC;610769058;RESEARCH;01_Forex/AUDCAD/03_TRAIL_ONLY/SELL_MULTI.set;A301871252BA621915698A4DFE41795A292C4634ADD7A874342D482BD1F90A1E
01_Forex;AUDCAD;03_TRAIL_ONLY;SELL;ICHIMOKU;19;28101427200;FAST_GENETIC;695634768;RESEARCH;01_Forex/AUDCAD/03_TRAIL_ONLY/SELL_ICHIMOKU.set;9749A62D9AA0ED9625E84507B2786C880D85322CE53A98A25F873A2321D0FCEC
01_Forex;AUDCAD;04_SLTP_TRAIL;BUY;MULTI;20;4379139072000;FAST_GENETIC;616002805;RESEARCH;01_Forex/AUDCAD/04_SLTP_TRAIL/BUY_MULTI.set;924564CF4A7FAE27AFC5171AB2104725873DA2F9263B6F3D746C70CF9FC710D5
01_Forex;AUDCAD;04_SLTP_TRAIL;BUY;ICHIMOKU;19;95544852480;FAST_GENETIC;619375896;RESEARCH;01_Forex/AUDCAD/04_SLTP_TRAIL/BUY_ICHIMOKU.set;7F054ACB54B13790367D5B82B8C906F731C8C877AD2A0ED40219C98980351289
01_Forex;AUDCAD;04_SLTP_TRAIL;SELL;MULTI;20;4379139072000;FAST_GENETIC;649229933;RESEARCH;01_Forex/AUDCAD/04_SLTP_TRAIL/SELL_MULTI.set;B7537672CF527F98C5A62E13C9874004442A81C83EF24B9669FD05F710B2B15C
01_Forex;AUDCAD;04_SLTP_TRAIL;SELL;ICHIMOKU;19;95544852480;FAST_GENETIC;616512542;RESEARCH;01_Forex/AUDCAD/04_SLTP_TRAIL/SELL_ICHIMOKU.set;603D7BCC66523751B01B366B9E410734EF4371708BC1832290CF82C1CE615AC1
01_Forex;AUDCAD;05_BE_TRAIL;BUY;MULTI;19;643991040000;FAST_GENETIC;697643800;RESEARCH;01_Forex/AUDCAD/05_BE_TRAIL/BUY_MULTI.set;DED140FDA603ED48DC2DFC999DE25C6DF00965398AC696241C8FC2EF74549DE2
01_Forex;AUDCAD;05_BE_TRAIL;BUY;ICHIMOKU;18;14050713600;FAST_GENETIC;651702192;RESEARCH;01_Forex/AUDCAD/05_BE_TRAIL/BUY_ICHIMOKU.set;ECDBF9D2558B98120DEF3AE78DECBE450E284EA52C8F870234CF74D2C91A3F94
01_Forex;AUDCAD;05_BE_TRAIL;SELL;MULTI;19;643991040000;FAST_GENETIC;648925543;RESEARCH;01_Forex/AUDCAD/05_BE_TRAIL/SELL_MULTI.set;132D7CE7882CC8D1C58536EDA1A4D8D1BCEE8DF752E988D31E4612277B64721E
01_Forex;AUDCAD;05_BE_TRAIL;SELL;ICHIMOKU;18;14050713600;FAST_GENETIC;677157854;RESEARCH;01_Forex/AUDCAD/05_BE_TRAIL/SELL_ICHIMOKU.set;BEC07F51CA00897901F2E1933A60D59AD83938168FBFC539667C4B1B234A7865
01_Forex;AUDCAD;06_REVERSAL_EXIT;BUY;MULTI;21;1030385664000;FAST_GENETIC;687887669;RESEARCH;01_Forex/AUDCAD/06_REVERSAL_EXIT/BUY_MULTI.set;C68AD5C0F4B74475660EB714BE717801C1C4620CC774B9B7BF17A282A9D16BE0
01_Forex;AUDCAD;06_REVERSAL_EXIT;BUY;ICHIMOKU;20;22481141760;FAST_GENETIC;639556759;RESEARCH;01_Forex/AUDCAD/06_REVERSAL_EXIT/BUY_ICHIMOKU.set;5E0461FD7166F61A9E72055DB2476256D7DAC7053B454F09B4869CDC9D5FD878
01_Forex;AUDCAD;06_REVERSAL_EXIT;SELL;MULTI;21;1030385664000;FAST_GENETIC;654874805;RESEARCH;01_Forex/AUDCAD/06_REVERSAL_EXIT/SELL_MULTI.set;415150A4B920B26CAB32B778E86D6299A6EAD5A88ACB5BF3E23C3CEEF85105B6
01_Forex;AUDCAD;06_REVERSAL_EXIT;SELL;ICHIMOKU;20;22481141760;FAST_GENETIC;667663794;RESEARCH;01_Forex/AUDCAD/06_REVERSAL_EXIT/SELL_ICHIMOKU.set;56C08DF98E4AB2FA36926CF3ADF973B9742B867200B6E3AA2962CC02B5502769
01_Forex;AUDCAD;07_GRID_SEPARATE;BUY;MULTI;20;2442908160000;FAST_GENETIC;679437995;HEDGE_ACCOUNT_REQUIRED;01_Forex/AUDCAD/07_GRID_SEPARATE/BUY_MULTI.set;0A079AE7A4FF0B88B230827095C1F3BCC09B5F2A473ED2AC9D589AD5624AC8AD
01_Forex;AUDCAD;07_GRID_SEPARATE;BUY;ICHIMOKU;19;53299814400;FAST_GENETIC;640778898;HEDGE_ACCOUNT_REQUIRED;01_Forex/AUDCAD/07_GRID_SEPARATE/BUY_ICHIMOKU.set;630463B6E72B7A3FC1ACA0307FEC42F7C96E42BD52C666DD6C1D2251A8CDADD2
01_Forex;AUDCAD;07_GRID_SEPARATE;SELL;MULTI;20;2442908160000;FAST_GENETIC;645068313;HEDGE_ACCOUNT_REQUIRED;01_Forex/AUDCAD/07_GRID_SEPARATE/SELL_MULTI.set;CF52270B63DB20F769762BC39CE13D10D167EC160C3B5DF9A92D0DBF3839431B
01_Forex;AUDCAD;07_GRID_SEPARATE;SELL;ICHIMOKU;19;53299814400;FAST_GENETIC;624084110;HEDGE_ACCOUNT_REQUIRED;01_Forex/AUDCAD/07_GRID_SEPARATE/SELL_ICHIMOKU.set;6144DEE358280EB4E3271CA1C70D24821724ADC5B2D8A6D94667D8F2C46EF4F9
01_Forex;AUDCAD;08_GRID_UNIFIED;BOTH;MULTI;21;12214540800000;FAST_GENETIC;646171051;HEDGE_ACCOUNT_REQUIRED;01_Forex/AUDCAD/08_GRID_UNIFIED/BOTH_MULTI.set;1FCCF3E5B6904FD78809ED782F6C4641B32EC5D849F552E413A9246A73C4CAF9
01_Forex;AUDCAD;08_GRID_UNIFIED;BOTH;ICHIMOKU;20;266499072000;FAST_GENETIC;655575395;HEDGE_ACCOUNT_REQUIRED;01_Forex/AUDCAD/08_GRID_UNIFIED/BOTH_ICHIMOKU.set;3598AF256CF4EAD2CBFCA7B472139FF3E09D2AA4356EA1D3EFB85E3C17EEE305
01_Forex;AUDCAD;09_MARTINGALE;BUY;MULTI;21;11146899456000;FAST_GENETIC;676184828;HIGH_RISK;01_Forex/AUDCAD/09_MARTINGALE/BUY_MULTI.set;7E416F34623338D35C101148214155F37067B53D43559F2051A588FEC46BE6A4
01_Forex;AUDCAD;09_MARTINGALE;BUY;ICHIMOKU;20;243205079040;FAST_GENETIC;612722447;HIGH_RISK;01_Forex/AUDCAD/09_MARTINGALE/BUY_ICHIMOKU.set;468C4274D0545A50944004C0D49FEA74AD708FFBD4D70144C4B19B9B5A07A5C8
01_Forex;AUDCAD;09_MARTINGALE;SELL;MULTI;21;11146899456000;FAST_GENETIC;679555708;HIGH_RISK;01_Forex/AUDCAD/09_MARTINGALE/SELL_MULTI.set;02A4C41A1B4687401DBEA58EBF5DD47E04B7BBE379F426D011F052515D01A642
01_Forex;AUDCAD;09_MARTINGALE;SELL;ICHIMOKU;20;243205079040;FAST_GENETIC;635167859;HIGH_RISK;01_Forex/AUDCAD/09_MARTINGALE/SELL_ICHIMOKU.set;13889D2E9968E2DA8AADB60927A0A8192F93719311B9C16D0E4EAF50D1904944
01_Forex;AUDCAD;10_DALEMBERT;BUY;MULTI;21;7962071040000;FAST_GENETIC;653478669;HIGH_RISK;01_Forex/AUDCAD/10_DALEMBERT/BUY_MULTI.set;DD5FE9AD10925A9D8CD7A571D7AA6CDF7817C2A2B5E9DCF90A6805DD04098574
01_Forex;AUDCAD;10_DALEMBERT;BUY;ICHIMOKU;20;173717913600;FAST_GENETIC;613720140;HIGH_RISK;01_Forex/AUDCAD/10_DALEMBERT/BUY_ICHIMOKU.set;4D983DCC58F8AADFF1A971240676D1F16A34ECF67336D33832A3155BD12ECD77
01_Forex;AUDCAD;10_DALEMBERT;SELL;MULTI;21;7962071040000;FAST_GENETIC;662190008;HIGH_RISK;01_Forex/AUDCAD/10_DALEMBERT/SELL_MULTI.set;C8E4CE2B9905C310CCED22063BC1A5DD152D52D4F11588F9E63290A72EC3F2C8
01_Forex;AUDCAD;10_DALEMBERT;SELL;ICHIMOKU;20;173717913600;FAST_GENETIC;632000212;HIGH_RISK;01_Forex/AUDCAD/10_DALEMBERT/SELL_ICHIMOKU.set;97F2BE866271FED9EFA98CC1A5BD57510D5CB00A1572B7E0A8A6C68AC8568256
01_Forex;AUDCAD;11_SIGNAL_ONLY;BUY;MULTI;16;354816000;FAST_GENETIC;668054277;HIGH_RISK_RESEARCH;01_Forex/AUDCAD/11_SIGNAL_ONLY/BUY_MULTI.set;6B10DD36CD72318872DDC4D0ADCBB81141ADAFC0FCF415AF84BB00567E697079
01_Forex;AUDCAD;11_SIGNAL_ONLY;BUY;ICHIMOKU;15;7741440;FAST_GENETIC;641864773;HIGH_RISK_RESEARCH;01_Forex/AUDCAD/11_SIGNAL_ONLY/BUY_ICHIMOKU.set;4D37AAD762DAFA70744FCCEAC0188EF09D5A0E1135ED3D743F8133A86C853FD1
01_Forex;AUDCAD;11_SIGNAL_ONLY;SELL;MULTI;16;354816000;FAST_GENETIC;659495903;HIGH_RISK_RESEARCH;01_Forex/AUDCAD/11_SIGNAL_ONLY/SELL_MULTI.set;C6E21DF03B3F31DA4082B1CA3C4FDE463F7CA5376490D2ACCA672CB7D082DBC8
01_Forex;AUDCAD;11_SIGNAL_ONLY;SELL;ICHIMOKU;15;7741440;FAST_GENETIC;664166129;HIGH_RISK_RESEARCH;01_Forex/AUDCAD/11_SIGNAL_ONLY/SELL_ICHIMOKU.set;E4D7FB698340354DEFB27C7DB74FD4F5364FEBEAFEBF4C7B50D749F3B309CA5D
01_Forex;AUDCHF;01_SLTP;BUY;MULTI;19;398103552000;FAST_GENETIC;684351864;RESEARCH;01_Forex/AUDCHF/01_SLTP/BUY_MULTI.set;D39248B2CCFF6E96D37FA8E873752A06B25B285E859ACA166B5E5F01114257C4
01_Forex;AUDCHF;01_SLTP;BUY;ICHIMOKU;18;8685895680;FAST_GENETIC;613178379;RESEARCH;01_Forex/AUDCHF/01_SLTP/BUY_ICHIMOKU.set;EF8CC3B3357F13ED2C5240457C44FE3A2411F91937CD1E54289CD7344A82EF84
01_Forex;AUDCHF;01_SLTP;SELL;MULTI;19;398103552000;FAST_GENETIC;684618679;RESEARCH;01_Forex/AUDCHF/01_SLTP/SELL_MULTI.set;5B7C8C60BDEFE9ED0B036989D7A755964153416A69D7EF338437A44D781BEAFB
01_Forex;AUDCHF;01_SLTP;SELL;ICHIMOKU;18;8685895680;FAST_GENETIC;618902868;RESEARCH;01_Forex/AUDCHF/01_SLTP/SELL_ICHIMOKU.set;D30A2945B0487950FC8743AF4B435901F06584206AED0CB1D526E7199EFE9491
01_Forex;AUDCHF;02_SLTP_ORGANIC;BUY;MULTI;19;398103552000;FAST_GENETIC;621131839;RESEARCH;01_Forex/AUDCHF/02_SLTP_ORGANIC/BUY_MULTI.set;258D29C4AC5CA2AF01070AE8434C3659C7D87E20D8BAE2EBAEB495EC02BE5A65
01_Forex;AUDCHF;02_SLTP_ORGANIC;BUY;ICHIMOKU;18;8685895680;FAST_GENETIC;620941671;RESEARCH;01_Forex/AUDCHF/02_SLTP_ORGANIC/BUY_ICHIMOKU.set;841F837D5B8C9533CFEFE71FF935E23C291F88183F8CFAB63636C029461319C3
01_Forex;AUDCHF;02_SLTP_ORGANIC;SELL;MULTI;19;398103552000;FAST_GENETIC;629919490;RESEARCH;01_Forex/AUDCHF/02_SLTP_ORGANIC/SELL_MULTI.set;A10294E90B0A5252FF5157226861E4DDEF2448A88FDC3A90228BD6CD8D60D025
01_Forex;AUDCHF;02_SLTP_ORGANIC;SELL;ICHIMOKU;18;8685895680;FAST_GENETIC;673355277;RESEARCH;01_Forex/AUDCHF/02_SLTP_ORGANIC/SELL_ICHIMOKU.set;681E262C25B8879FFBF3B5938020703941072B64673307E56DCF1A55B56B34C0
01_Forex;AUDCHF;03_TRAIL_ONLY;BUY;MULTI;20;1287982080000;FAST_GENETIC;676593319;RESEARCH;01_Forex/AUDCHF/03_TRAIL_ONLY/BUY_MULTI.set;6EBDB177FA7228C66CBE83E615A26AA5DD1D0B5C74C872FA34183007E52B5435
01_Forex;AUDCHF;03_TRAIL_ONLY;BUY;ICHIMOKU;19;28101427200;FAST_GENETIC;675004173;RESEARCH;01_Forex/AUDCHF/03_TRAIL_ONLY/BUY_ICHIMOKU.set;8BDF107B3FB56AE18992432114E029BC51D0765970FFCC943B16EC70B0F7E3B0
01_Forex;AUDCHF;03_TRAIL_ONLY;SELL;MULTI;20;1287982080000;FAST_GENETIC;690332800;RESEARCH;01_Forex/AUDCHF/03_TRAIL_ONLY/SELL_MULTI.set;A1D25DFB6F450B6F60671CB9503D609C9A3B772FD061349E62D7765EFDBED0EE
01_Forex;AUDCHF;03_TRAIL_ONLY;SELL;ICHIMOKU;19;28101427200;FAST_GENETIC;633791150;RESEARCH;01_Forex/AUDCHF/03_TRAIL_ONLY/SELL_ICHIMOKU.set;702D0B7CA3EE157CBE1B5F92BD0B297C709FC4DDF14C0536ED8AF38361B4EBED
01_Forex;AUDCHF;04_SLTP_TRAIL;BUY;MULTI;20;4379139072000;FAST_GENETIC;690528918;RESEARCH;01_Forex/AUDCHF/04_SLTP_TRAIL/BUY_MULTI.set;D635CBE4C5C8ADE6CA4A24263B8D095046F8CF835CB1FF37292E8EBB78D411A0
01_Forex;AUDCHF;04_SLTP_TRAIL;BUY;ICHIMOKU;19;95544852480;FAST_GENETIC;680647539;RESEARCH;01_Forex/AUDCHF/04_SLTP_TRAIL/BUY_ICHIMOKU.set;F53322AF9BDDAC535B7539ACC36DF8435536B3A110D6D12F4E0A6D84C1908AC9
01_Forex;AUDCHF;04_SLTP_TRAIL;SELL;MULTI;20;4379139072000;FAST_GENETIC;638776013;RESEARCH;01_Forex/AUDCHF/04_SLTP_TRAIL/SELL_MULTI.set;2D25250193F270EA737BE5DD9A247DD492EBF0E474BE91C9F14F511D5E58BDCF
01_Forex;AUDCHF;04_SLTP_TRAIL;SELL;ICHIMOKU;19;95544852480;FAST_GENETIC;632813009;RESEARCH;01_Forex/AUDCHF/04_SLTP_TRAIL/SELL_ICHIMOKU.set;95ED0E6E1B6E3DA342C4C5B8218DA94A3760798E052DA992040D77DB4A8A2F21
01_Forex;AUDCHF;05_BE_TRAIL;BUY;MULTI;19;643991040000;FAST_GENETIC;682211282;RESEARCH;01_Forex/AUDCHF/05_BE_TRAIL/BUY_MULTI.set;4FE6FDC57F9BA8C7B5ADFE2E99D66ABCA22C9620B38FBA019AB346E3F6A97433
01_Forex;AUDCHF;05_BE_TRAIL;BUY;ICHIMOKU;18;14050713600;FAST_GENETIC;619028582;RESEARCH;01_Forex/AUDCHF/05_BE_TRAIL/BUY_ICHIMOKU.set;48A77B1CB36EEF69DECCDA52190A3F707B661232DF78A749215C753868079E30
01_Forex;AUDCHF;05_BE_TRAIL;SELL;MULTI;19;643991040000;FAST_GENETIC;628718469;RESEARCH;01_Forex/AUDCHF/05_BE_TRAIL/SELL_MULTI.set;7949B8C28639CABA16CF7DB6CD9AE8622CE8BB081EDC744262CC4C663FDAC2C3
01_Forex;AUDCHF;05_BE_TRAIL;SELL;ICHIMOKU;18;14050713600;FAST_GENETIC;689014994;RESEARCH;01_Forex/AUDCHF/05_BE_TRAIL/SELL_ICHIMOKU.set;D46F387093DF4CAD5A0A5CB517CF0709E72C63EB94EAD583C4EF323F4FD2A212
01_Forex;AUDCHF;06_REVERSAL_EXIT;BUY;MULTI;21;1030385664000;FAST_GENETIC;637876369;RESEARCH;01_Forex/AUDCHF/06_REVERSAL_EXIT/BUY_MULTI.set;F279C71A4DC2836D46BFA690A9BD67127468A155E1FA054D921105081EF00BF1
01_Forex;AUDCHF;06_REVERSAL_EXIT;BUY;ICHIMOKU;20;22481141760;FAST_GENETIC;623806936;RESEARCH;01_Forex/AUDCHF/06_REVERSAL_EXIT/BUY_ICHIMOKU.set;9E59D46084483C6C048D7D5D2F57CFB475F2822F82111BE9401B2CC3A0A18563
01_Forex;AUDCHF;06_REVERSAL_EXIT;SELL;MULTI;21;1030385664000;FAST_GENETIC;613717521;RESEARCH;01_Forex/AUDCHF/06_REVERSAL_EXIT/SELL_MULTI.set;C404BBA16C02D4EDE4E0F517398F49A72006C00B678B22A6A65CB684A8A828D0
01_Forex;AUDCHF;06_REVERSAL_EXIT;SELL;ICHIMOKU;20;22481141760;FAST_GENETIC;624306757;RESEARCH;01_Forex/AUDCHF/06_REVERSAL_EXIT/SELL_ICHIMOKU.set;2E2B30952046EDC51AE363A39C52832831319481EBE9C0696E998C30A94C77C2
01_Forex;AUDCHF;07_GRID_SEPARATE;BUY;MULTI;20;2442908160000;FAST_GENETIC;624952084;HEDGE_ACCOUNT_REQUIRED;01_Forex/AUDCHF/07_GRID_SEPARATE/BUY_MULTI.set;FE1A1466CB26772B396AF74B8B3B986F12CD89A0726E376AF4BE235BC15E4BD1
01_Forex;AUDCHF;07_GRID_SEPARATE;BUY;ICHIMOKU;19;53299814400;FAST_GENETIC;639562312;HEDGE_ACCOUNT_REQUIRED;01_Forex/AUDCHF/07_GRID_SEPARATE/BUY_ICHIMOKU.set;D17891DC2D25BA8C43FDF35E3442C074D35C4A60274A12A1C7BCA69627321D70
01_Forex;AUDCHF;07_GRID_SEPARATE;SELL;MULTI;20;2442908160000;FAST_GENETIC;650493493;HEDGE_ACCOUNT_REQUIRED;01_Forex/AUDCHF/07_GRID_SEPARATE/SELL_MULTI.set;90A6289146DC36B017036ECD99C4A6F12743FD49BCF5A5141E4AEE43B5D260A3
01_Forex;AUDCHF;07_GRID_SEPARATE;SELL;ICHIMOKU;19;53299814400;FAST_GENETIC;633204744;HEDGE_ACCOUNT_REQUIRED;01_Forex/AUDCHF/07_GRID_SEPARATE/SELL_ICHIMOKU.set;C3296562066B97C126E49C4B5C5D42E8D8C370F5E57415A518C0A776FF964DC4
01_Forex;AUDCHF;08_GRID_UNIFIED;BOTH;MULTI;21;12214540800000;FAST_GENETIC;668085437;HEDGE_ACCOUNT_REQUIRED;01_Forex/AUDCHF/08_GRID_UNIFIED/BOTH_MULTI.set;28FADB722222FD5C0F0BEC67CB1F58F0C6DB0AE7A3909DCB0413ABB4145D35EB
01_Forex;AUDCHF;08_GRID_UNIFIED;BOTH;ICHIMOKU;20;266499072000;FAST_GENETIC;666668164;HEDGE_ACCOUNT_REQUIRED;01_Forex/AUDCHF/08_GRID_UNIFIED/BOTH_ICHIMOKU.set;4B07BC9C3A3A6FCDCA18EC142A085C5AFFBF37086421E3204A152CFEBC4297A9
01_Forex;AUDCHF;09_MARTINGALE;BUY;MULTI;21;11146899456000;FAST_GENETIC;680993881;HIGH_RISK;01_Forex/AUDCHF/09_MARTINGALE/BUY_MULTI.set;8349FEDA366F6FFDE81F72B10F5D425CDA01CB8E48A4F6769C752C2A30757D30
01_Forex;AUDCHF;09_MARTINGALE;BUY;ICHIMOKU;20;243205079040;FAST_GENETIC;624115368;HIGH_RISK;01_Forex/AUDCHF/09_MARTINGALE/BUY_ICHIMOKU.set;84E8C8922DF3D8DB09E24DA6B2E10F0C28A38DF3B8BC46ED4AE8E2428167F99B
01_Forex;AUDCHF;09_MARTINGALE;SELL;MULTI;21;11146899456000;FAST_GENETIC;616032966;HIGH_RISK;01_Forex/AUDCHF/09_MARTINGALE/SELL_MULTI.set;FE42702F6F2A4BC19F089B94579B09794152968E3A18492E36B81D35F427EB9E
01_Forex;AUDCHF;09_MARTINGALE;SELL;ICHIMOKU;20;243205079040;FAST_GENETIC;687516108;HIGH_RISK;01_Forex/AUDCHF/09_MARTINGALE/SELL_ICHIMOKU.set;DF1A4A5E507156E2A33BA8FF6CC0F8DEA9B67BB38A50A6A1F370C8725F5C2C02
01_Forex;AUDCHF;10_DALEMBERT;BUY;MULTI;21;7962071040000;FAST_GENETIC;654865942;HIGH_RISK;01_Forex/AUDCHF/10_DALEMBERT/BUY_MULTI.set;FB2BEDF812E6A9E9781596817BBA7E86C133DADFAF6D7251EAF2B2D52DCB7C81
01_Forex;AUDCHF;10_DALEMBERT;BUY;ICHIMOKU;20;173717913600;FAST_GENETIC;672179115;HIGH_RISK;01_Forex/AUDCHF/10_DALEMBERT/BUY_ICHIMOKU.set;6DD7059DA8F1CF0D2034F9DAF01D7BE91FC4B48A6548191236E11A6427A33873
01_Forex;AUDCHF;10_DALEMBERT;SELL;MULTI;21;7962071040000;FAST_GENETIC;681084776;HIGH_RISK;01_Forex/AUDCHF/10_DALEMBERT/SELL_MULTI.set;03D2C02B88F3CA501CFD74AF4ABB7FC93B02549F45B62F882CBB63FC1E3E3BD4
01_Forex;AUDCHF;10_DALEMBERT;SELL;ICHIMOKU;20;173717913600;FAST_GENETIC;623117333;HIGH_RISK;01_Forex/AUDCHF/10_DALEMBERT/SELL_ICHIMOKU.set;61163349B0F82E1B51B607293320519AF2678902188DE5231D255E07EDA416DC
01_Forex;AUDCHF;11_SIGNAL_ONLY;BUY;MULTI;16;354816000;FAST_GENETIC;649977127;HIGH_RISK_RESEARCH;01_Forex/AUDCHF/11_SIGNAL_ONLY/BUY_MULTI.set;7F5A8605883616AB7BE6AF160FEF0365DED6C033F634A2082F91B1825A864D04
01_Forex;AUDCHF;11_SIGNAL_ONLY;BUY;ICHIMOKU;15;7741440;FAST_GENETIC;675594349;HIGH_RISK_RESEARCH;01_Forex/AUDCHF/11_SIGNAL_ONLY/BUY_ICHIMOKU.set;A248FBEB7EF26D909FB19BCAA585E6C4D09490B605A0DA72F95D224BDC405811
01_Forex;AUDCHF;11_SIGNAL_ONLY;SELL;MULTI;16;354816000;FAST_GENETIC;653353724;HIGH_RISK_RESEARCH;01_Forex/AUDCHF/11_SIGNAL_ONLY/SELL_MULTI.set;BC9BDC41B0E8F5F5DD9B764FDB1EF91850DC8174F148D3A59A6BD814577896BC
01_Forex;AUDCHF;11_SIGNAL_ONLY;SELL;ICHIMOKU;15;7741440;FAST_GENETIC;611569858;HIGH_RISK_RESEARCH;01_Forex/AUDCHF/11_SIGNAL_ONLY/SELL_ICHIMOKU.set;ACE6A257BF0481938592A16884B1FA5F52ACDEAD5934A108F37D19D95BE8F3D0
01_Forex;AUDJPY;01_SLTP;BUY;MULTI;19;398103552000;FAST_GENETIC;684581074;RESEARCH;01_Forex/AUDJPY/01_SLTP/BUY_MULTI.set;1B52134B5C92D0ED426516B56EE9B4B9DE2840C3646DF75D34C82161C8B23264
01_Forex;AUDJPY;01_SLTP;BUY;ICHIMOKU;18;8685895680;FAST_GENETIC;646068074;RESEARCH;01_Forex/AUDJPY/01_SLTP/BUY_ICHIMOKU.set;22678B1F86D28BD89CAD350375E99EACF244CD6450E0E3D26D09595C903BB9DC
01_Forex;AUDJPY;01_SLTP;SELL;MULTI;19;398103552000;FAST_GENETIC;629054426;RESEARCH;01_Forex/AUDJPY/01_SLTP/SELL_MULTI.set;F4BAE05D85EC27C58983830F2AE13E10D215AE302093343D449ECF974A570B11
01_Forex;AUDJPY;01_SLTP;SELL;ICHIMOKU;18;8685895680;FAST_GENETIC;625441880;RESEARCH;01_Forex/AUDJPY/01_SLTP/SELL_ICHIMOKU.set;6B5AF34144DB82EFF700C36A3011E7F015095823CA2AE02E0DF234F6A50D3185
01_Forex;AUDJPY;02_SLTP_ORGANIC;BUY;MULTI;19;398103552000;FAST_GENETIC;636497415;RESEARCH;01_Forex/AUDJPY/02_SLTP_ORGANIC/BUY_MULTI.set;1770C3202EED583A5AA5A8F82C1AFEB9965233E6A71B6741526D01AA19BA36C5
01_Forex;AUDJPY;02_SLTP_ORGANIC;BUY;ICHIMOKU;18;8685895680;FAST_GENETIC;639867696;RESEARCH;01_Forex/AUDJPY/02_SLTP_ORGANIC/BUY_ICHIMOKU.set;3594978A40A70415FCDD1C66D95743DCC23C4E015EC9F6233D31BC424A99F78D
01_Forex;AUDJPY;02_SLTP_ORGANIC;SELL;MULTI;19;398103552000;FAST_GENETIC;628583720;RESEARCH;01_Forex/AUDJPY/02_SLTP_ORGANIC/SELL_MULTI.set;5BB457591F0FDC735C76BD254D54833E117B754E2D41752A242D9C51A5144539
01_Forex;AUDJPY;02_SLTP_ORGANIC;SELL;ICHIMOKU;18;8685895680;FAST_GENETIC;611974989;RESEARCH;01_Forex/AUDJPY/02_SLTP_ORGANIC/SELL_ICHIMOKU.set;8F86878B168532782AADBF24DD3DC3CBA1766A9080B02153F05E75F30B996B93
01_Forex;AUDJPY;03_TRAIL_ONLY;BUY;MULTI;20;1287982080000;FAST_GENETIC;676254216;RESEARCH;01_Forex/AUDJPY/03_TRAIL_ONLY/BUY_MULTI.set;B82FCF60BE3A7B0C0C59E1EB9FF662D01F0F8ABA5BA2A0C81FA5B6C39119FE00
01_Forex;AUDJPY;03_TRAIL_ONLY;BUY;ICHIMOKU;19;28101427200;FAST_GENETIC;683142557;RESEARCH;01_Forex/AUDJPY/03_TRAIL_ONLY/BUY_ICHIMOKU.set;F013D5B5E9A9754D96A44D2D8BA3D1CB8F02319AC406ECB1E791CA3DB1772A68
01_Forex;AUDJPY;03_TRAIL_ONLY;SELL;MULTI;20;1287982080000;FAST_GENETIC;629705095;RESEARCH;01_Forex/AUDJPY/03_TRAIL_ONLY/SELL_MULTI.set;3A7CF62AABFB88E92A3F7695558E9C7ED056DBB2A43EA4BFA87331D8F2F09260
01_Forex;AUDJPY;03_TRAIL_ONLY;SELL;ICHIMOKU;19;28101427200;FAST_GENETIC;661813643;RESEARCH;01_Forex/AUDJPY/03_TRAIL_ONLY/SELL_ICHIMOKU.set;B722141131FB8EC869AFF62FDB6AF80618BB81E61949EDB9E2654CB70209D2C7
01_Forex;AUDJPY;04_SLTP_TRAIL;BUY;MULTI;20;4379139072000;FAST_GENETIC;622408210;RESEARCH;01_Forex/AUDJPY/04_SLTP_TRAIL/BUY_MULTI.set;4DA24CD406E7E6B2807B0AD221EAAA17C248D5263F1C647FC5D4418793263ED5
01_Forex;AUDJPY;04_SLTP_TRAIL;BUY;ICHIMOKU;19;95544852480;FAST_GENETIC;654673737;RESEARCH;01_Forex/AUDJPY/04_SLTP_TRAIL/BUY_ICHIMOKU.set;EF0B1EFD724141AC855E2BA33FAA257A1B720075BF2058933C93A457981EB3F3
01_Forex;AUDJPY;04_SLTP_TRAIL;SELL;MULTI;20;4379139072000;FAST_GENETIC;697725809;RESEARCH;01_Forex/AUDJPY/04_SLTP_TRAIL/SELL_MULTI.set;66EBDDB9AA8096DAB5C88AC54E8EB4A9FE5AB9EC465ABAD842BF8B6F7CA50193
01_Forex;AUDJPY;04_SLTP_TRAIL;SELL;ICHIMOKU;19;95544852480;FAST_GENETIC;627032492;RESEARCH;01_Forex/AUDJPY/04_SLTP_TRAIL/SELL_ICHIMOKU.set;341F7C02E511CF9D21D15698C3DBB4F35420008DB846180BE0CE691FE5C23202
01_Forex;AUDJPY;05_BE_TRAIL;BUY;MULTI;19;643991040000;FAST_GENETIC;672284861;RESEARCH;01_Forex/AUDJPY/05_BE_TRAIL/BUY_MULTI.set;1E5A1988209807C69E3A98226B6F05DCC30072CEC509965C9A86A0976C4A925F
01_Forex;AUDJPY;05_BE_TRAIL;BUY;ICHIMOKU;18;14050713600;FAST_GENETIC;628258702;RESEARCH;01_Forex/AUDJPY/05_BE_TRAIL/BUY_ICHIMOKU.set;B535A6350CCFE712A2EC28663939DE71D607B28FE1C2F5EE3DC721427E802C70
01_Forex;AUDJPY;05_BE_TRAIL;SELL;MULTI;19;643991040000;FAST_GENETIC;675907292;RESEARCH;01_Forex/AUDJPY/05_BE_TRAIL/SELL_MULTI.set;375B1047A62D304A068E6C6D9D62CCDC8E006722F5DAB7E918F618ACD839F7E7
01_Forex;AUDJPY;05_BE_TRAIL;SELL;ICHIMOKU;18;14050713600;FAST_GENETIC;677721112;RESEARCH;01_Forex/AUDJPY/05_BE_TRAIL/SELL_ICHIMOKU.set;C1C8EBFDE4AF3E2AC87FB1F4F8E3F9C75CB023A339D593D675D7F769AFFF8866
01_Forex;AUDJPY;06_REVERSAL_EXIT;BUY;MULTI;21;1030385664000;FAST_GENETIC;659724991;RESEARCH;01_Forex/AUDJPY/06_REVERSAL_EXIT/BUY_MULTI.set;4EF5DBF4EA7A8895577B49F88EEC7E8EBDF68B44265C8CEF69E97A5AA942E998
01_Forex;AUDJPY;06_REVERSAL_EXIT;BUY;ICHIMOKU;20;22481141760;FAST_GENETIC;610770981;RESEARCH;01_Forex/AUDJPY/06_REVERSAL_EXIT/BUY_ICHIMOKU.set;7812B827728A43E2DBD52FE35A3D072ADB6B83E4ACFB77105FD644CFE67407FB
01_Forex;AUDJPY;06_REVERSAL_EXIT;SELL;MULTI;21;1030385664000;FAST_GENETIC;654588353;RESEARCH;01_Forex/AUDJPY/06_REVERSAL_EXIT/SELL_MULTI.set;BCB33C22AC1580BE822EB92950119E5467154DDF1C60CF7B6035DC3530E34D40
01_Forex;AUDJPY;06_REVERSAL_EXIT;SELL;ICHIMOKU;20;22481141760;FAST_GENETIC;649731941;RESEARCH;01_Forex/AUDJPY/06_REVERSAL_EXIT/SELL_ICHIMOKU.set;A214C248AF9D76E315ABF4FDB885949A0D34931E9FC32BE9C44AF5106C0B0135
01_Forex;AUDJPY;07_GRID_SEPARATE;BUY;MULTI;20;2442908160000;FAST_GENETIC;677827545;HEDGE_ACCOUNT_REQUIRED;01_Forex/AUDJPY/07_GRID_SEPARATE/BUY_MULTI.set;5EC950EF4D5C4C663F7AED54620F7EC6B900CBD77647CFF973FBF2CF9EC9FBF8
01_Forex;AUDJPY;07_GRID_SEPARATE;BUY;ICHIMOKU;19;53299814400;FAST_GENETIC;616481068;HEDGE_ACCOUNT_REQUIRED;01_Forex/AUDJPY/07_GRID_SEPARATE/BUY_ICHIMOKU.set;656D38E8F7151352D6670DEA0AD8C5CDA7B6102F065E9DD8371B8EDC0F27AB89
01_Forex;AUDJPY;07_GRID_SEPARATE;SELL;MULTI;20;2442908160000;FAST_GENETIC;643380747;HEDGE_ACCOUNT_REQUIRED;01_Forex/AUDJPY/07_GRID_SEPARATE/SELL_MULTI.set;BE4876202F5D957E921CD192932E9816E3DBF6153E75CBC98221D543365D8FB7
01_Forex;AUDJPY;07_GRID_SEPARATE;SELL;ICHIMOKU;19;53299814400;FAST_GENETIC;610865656;HEDGE_ACCOUNT_REQUIRED;01_Forex/AUDJPY/07_GRID_SEPARATE/SELL_ICHIMOKU.set;62DB66A045DFC1419A36EF91A2B50327090FB4EFAAEE3E75276A70BA4C68E0E6
01_Forex;AUDJPY;08_GRID_UNIFIED;BOTH;MULTI;21;12214540800000;FAST_GENETIC;684493687;HEDGE_ACCOUNT_REQUIRED;01_Forex/AUDJPY/08_GRID_UNIFIED/BOTH_MULTI.set;419E80E54E5BD36FA04CA4AC4BEE9D9B04091DDC149C8AB14F84FAFC05E08878
01_Forex;AUDJPY;08_GRID_UNIFIED;BOTH;ICHIMOKU;20;266499072000;FAST_GENETIC;671682957;HEDGE_ACCOUNT_REQUIRED;01_Forex/AUDJPY/08_GRID_UNIFIED/BOTH_ICHIMOKU.set;69697318A9B5EEC773782F873C0C219DD018E3CCA57AAEE33D78EB46C2189694
01_Forex;AUDJPY;09_MARTINGALE;BUY;MULTI;21;11146899456000;FAST_GENETIC;657103377;HIGH_RISK;01_Forex/AUDJPY/09_MARTINGALE/BUY_MULTI.set;C56C7F4EA17112E98DC0C50EE4CB3DFF4454810FC245D4EFABD0A4F2A8DF8ED7
01_Forex;AUDJPY;09_MARTINGALE;BUY;ICHIMOKU;20;243205079040;FAST_GENETIC;698255040;HIGH_RISK;01_Forex/AUDJPY/09_MARTINGALE/BUY_ICHIMOKU.set;DE4E28FF751E4238CE31E11EACC5BA5C24D65423E5EBCC22C41C18EC8541A1DA
01_Forex;AUDJPY;09_MARTINGALE;SELL;MULTI;21;11146899456000;FAST_GENETIC;676370997;HIGH_RISK;01_Forex/AUDJPY/09_MARTINGALE/SELL_MULTI.set;80E7D7A3D515AD23974249C9D1512A25A815E613B20030CDECDFCECEBB6DE89B
01_Forex;AUDJPY;09_MARTINGALE;SELL;ICHIMOKU;20;243205079040;FAST_GENETIC;631087049;HIGH_RISK;01_Forex/AUDJPY/09_MARTINGALE/SELL_ICHIMOKU.set;0B74FB99A17A408C72316595C7B20AAB7725C3781F33DD6F0B2D4E92DAB78E9C
01_Forex;AUDJPY;10_DALEMBERT;BUY;MULTI;21;7962071040000;FAST_GENETIC;661233182;HIGH_RISK;01_Forex/AUDJPY/10_DALEMBERT/BUY_MULTI.set;3FC7785BE7119CB4F484120AC0F0D2A4CF01FEF59F10BCB41BEB5BB6175B7B2B
01_Forex;AUDJPY;10_DALEMBERT;BUY;ICHIMOKU;20;173717913600;FAST_GENETIC;630629298;HIGH_RISK;01_Forex/AUDJPY/10_DALEMBERT/BUY_ICHIMOKU.set;3ED153FB8874526384CC6918CCEAA20D70DF5FA66EA00504161A033B980B59A2
01_Forex;AUDJPY;10_DALEMBERT;SELL;MULTI;21;7962071040000;FAST_GENETIC;617483837;HIGH_RISK;01_Forex/AUDJPY/10_DALEMBERT/SELL_MULTI.set;DB8223EBCCB01C86057267E8D87164EC4192C938441B62D0A2FB224D0F22D0CB
01_Forex;AUDJPY;10_DALEMBERT;SELL;ICHIMOKU;20;173717913600;FAST_GENETIC;629473616;HIGH_RISK;01_Forex/AUDJPY/10_DALEMBERT/SELL_ICHIMOKU.set;3E4691259CACB8104943CC020F0E9AAD80FAEA919367EEA233CC007FE6C22E6F
01_Forex;AUDJPY;11_SIGNAL_ONLY;BUY;MULTI;16;354816000;FAST_GENETIC;610153502;HIGH_RISK_RESEARCH;01_Forex/AUDJPY/11_SIGNAL_ONLY/BUY_MULTI.set;A9FBDF363FC782958C8BE4B564D62325019E1A8BC639C2D1EDA26CA719A1A688
01_Forex;AUDJPY;11_SIGNAL_ONLY;BUY;ICHIMOKU;15;7741440;FAST_GENETIC;660201816;HIGH_RISK_RESEARCH;01_Forex/AUDJPY/11_SIGNAL_ONLY/BUY_ICHIMOKU.set;F68C392D997B3967294CB97E074A72F744F7CE8109E0F80F350D7A5B6E437AF5
01_Forex;AUDJPY;11_SIGNAL_ONLY;SELL;MULTI;16;354816000;FAST_GENETIC;620531023;HIGH_RISK_RESEARCH;01_Forex/AUDJPY/11_SIGNAL_ONLY/SELL_MULTI.set;296144D3BABBBAC253630FDB57818D3823B9F3DB5B3C51A8D7474E432105BA98
01_Forex;AUDJPY;11_SIGNAL_ONLY;SELL;ICHIMOKU;15;7741440;FAST_GENETIC;675059523;HIGH_RISK_RESEARCH;01_Forex/AUDJPY/11_SIGNAL_ONLY/SELL_ICHIMOKU.set;575A07957C27F93D08E012DF4FE6AFD945AEADE6391F94845069FD83CCDCB8AE
01_Forex;AUDNZD;01_SLTP;BUY;MULTI;19;398103552000;FAST_GENETIC;638979265;RESEARCH;01_Forex/AUDNZD/01_SLTP/BUY_MULTI.set;389683B2635BFD78896430B6071EDE131103276C1BDEDC0CAA415F0DD550271B
01_Forex;AUDNZD;01_SLTP;BUY;ICHIMOKU;18;8685895680;FAST_GENETIC;671172823;RESEARCH;01_Forex/AUDNZD/01_SLTP/BUY_ICHIMOKU.set;996E104F9614BD98AB9315D4B1BF2D4E8EAC304448B1FE178AAC3B3DABE4EF00
01_Forex;AUDNZD;01_SLTP;SELL;MULTI;19;398103552000;FAST_GENETIC;636715277;RESEARCH;01_Forex/AUDNZD/01_SLTP/SELL_MULTI.set;9969C4E350FA1754B741D6CFF5A318A67F745AB45CB512244B844A23B5F2470E
01_Forex;AUDNZD;01_SLTP;SELL;ICHIMOKU;18;8685895680;FAST_GENETIC;638858565;RESEARCH;01_Forex/AUDNZD/01_SLTP/SELL_ICHIMOKU.set;08CA357F410ABABE7C13E322D796BA7569E526334F567903F62EB8230143CD0A
01_Forex;AUDNZD;02_SLTP_ORGANIC;BUY;MULTI;19;398103552000;FAST_GENETIC;630352510;RESEARCH;01_Forex/AUDNZD/02_SLTP_ORGANIC/BUY_MULTI.set;D3988E30B047D08AB50C469F3D262FBDAA01458E906070134D8CAC0956CE019F
01_Forex;AUDNZD;02_SLTP_ORGANIC;BUY;ICHIMOKU;18;8685895680;FAST_GENETIC;615646315;RESEARCH;01_Forex/AUDNZD/02_SLTP_ORGANIC/BUY_ICHIMOKU.set;78D4952EC2FDEF2EFC96CB3DAE3ED5A6CB1AD4A93302C17F3FC45537EFBC8742
01_Forex;AUDNZD;02_SLTP_ORGANIC;SELL;MULTI;19;398103552000;FAST_GENETIC;698218136;RESEARCH;01_Forex/AUDNZD/02_SLTP_ORGANIC/SELL_MULTI.set;70E9D1B25B909C7A0B1843580C41237272DF3B9C8977B4075D4708411F52C692
01_Forex;AUDNZD;02_SLTP_ORGANIC;SELL;ICHIMOKU;18;8685895680;FAST_GENETIC;686113479;RESEARCH;01_Forex/AUDNZD/02_SLTP_ORGANIC/SELL_ICHIMOKU.set;8A764459684ABEFE99AE7DC1984C2C7A08721CF27D7F4D0B325E81FA7E932169
01_Forex;AUDNZD;03_TRAIL_ONLY;BUY;MULTI;20;1287982080000;FAST_GENETIC;690402770;RESEARCH;01_Forex/AUDNZD/03_TRAIL_ONLY/BUY_MULTI.set;C232CE8FBEBA15FCCA34F846B74B1B7CD5EB361846BCD541EDBEE093997DCE73
01_Forex;AUDNZD;03_TRAIL_ONLY;BUY;ICHIMOKU;19;28101427200;FAST_GENETIC;694984401;RESEARCH;01_Forex/AUDNZD/03_TRAIL_ONLY/BUY_ICHIMOKU.set;17A99B121E28AF6A48038DDB12931AB81D4AC6AF175E2A03047EB6AFD63B3E96
01_Forex;AUDNZD;03_TRAIL_ONLY;SELL;MULTI;20;1287982080000;FAST_GENETIC;625881262;RESEARCH;01_Forex/AUDNZD/03_TRAIL_ONLY/SELL_MULTI.set;DEAC67D4758A3725EAB754AE74FEDC6FB93C2CCC383D2ABBDEEFB20E107893C8
01_Forex;AUDNZD;03_TRAIL_ONLY;SELL;ICHIMOKU;19;28101427200;FAST_GENETIC;663640560;RESEARCH;01_Forex/AUDNZD/03_TRAIL_ONLY/SELL_ICHIMOKU.set;17EF4C6FAFADD553A451117F7A6B0A8FACFAB8D0E607B0EF97F793A2A38E3BA5
01_Forex;AUDNZD;04_SLTP_TRAIL;BUY;MULTI;20;4379139072000;FAST_GENETIC;635222627;RESEARCH;01_Forex/AUDNZD/04_SLTP_TRAIL/BUY_MULTI.set;7FD5682A379804A6BB8F5EB70B6BBE5BFF8FECD34F3DBFA8618C37689557B6A1
01_Forex;AUDNZD;04_SLTP_TRAIL;BUY;ICHIMOKU;19;95544852480;FAST_GENETIC;639344061;RESEARCH;01_Forex/AUDNZD/04_SLTP_TRAIL/BUY_ICHIMOKU.set;034042D49B4FDE4604D105A0AEBFF345F860B8F0F4BFD60619740384FF78D261
01_Forex;AUDNZD;04_SLTP_TRAIL;SELL;MULTI;20;4379139072000;FAST_GENETIC;625390282;RESEARCH;01_Forex/AUDNZD/04_SLTP_TRAIL/SELL_MULTI.set;B81B877443F75C5C94C826945276AF316112ACCF197D5E62A7D99FE83CACF1AC
01_Forex;AUDNZD;04_SLTP_TRAIL;SELL;ICHIMOKU;19;95544852480;FAST_GENETIC;678056173;RESEARCH;01_Forex/AUDNZD/04_SLTP_TRAIL/SELL_ICHIMOKU.set;0034CE4B5765D516F7CED61279478092EDD041BF9F83946FE3FB44B5773D08D7
01_Forex;AUDNZD;05_BE_TRAIL;BUY;MULTI;19;643991040000;FAST_GENETIC;673243375;RESEARCH;01_Forex/AUDNZD/05_BE_TRAIL/BUY_MULTI.set;4491763D8BA71FE17BD9B932A4E3FD5E8B2688956C86A32514EDABE6045B5E30
01_Forex;AUDNZD;05_BE_TRAIL;BUY;ICHIMOKU;18;14050713600;FAST_GENETIC;621086629;RESEARCH;01_Forex/AUDNZD/05_BE_TRAIL/BUY_ICHIMOKU.set;7DEF4A3B3C0EACBC4E6436CF1A7A3F343E2DAAEB9D7B37D16F3252CADD26ADBE
01_Forex;AUDNZD;05_BE_TRAIL;SELL;MULTI;19;643991040000;FAST_GENETIC;646296510;RESEARCH;01_Forex/AUDNZD/05_BE_TRAIL/SELL_MULTI.set;F45BFA873298213C80101B14A8C2224044A0F67B3545FC87DA8B1AC1A5236717
01_Forex;AUDNZD;05_BE_TRAIL;SELL;ICHIMOKU;18;14050713600;FAST_GENETIC;698167644;RESEARCH;01_Forex/AUDNZD/05_BE_TRAIL/SELL_ICHIMOKU.set;47705732E4BA332C69EA6D7FA7667BD022BC6E129AFB1D3801F6E6984CC0DCC7
01_Forex;AUDNZD;06_REVERSAL_EXIT;BUY;MULTI;21;1030385664000;FAST_GENETIC;666534305;RESEARCH;01_Forex/AUDNZD/06_REVERSAL_EXIT/BUY_MULTI.set;2A1E1C6FA4F35EF181FAA70A528A262D8E3D8E0DA9BCA1EBC59FC528EBC6361E
01_Forex;AUDNZD;06_REVERSAL_EXIT;BUY;ICHIMOKU;20;22481141760;FAST_GENETIC;623342214;RESEARCH;01_Forex/AUDNZD/06_REVERSAL_EXIT/BUY_ICHIMOKU.set;55DA8C3F28E1A8F0D44FC0BC4BE63F764C59C30605F4315159E6778D1A9D0441
01_Forex;AUDNZD;06_REVERSAL_EXIT;SELL;MULTI;21;1030385664000;FAST_GENETIC;662535060;RESEARCH;01_Forex/AUDNZD/06_REVERSAL_EXIT/SELL_MULTI.set;7E9E0ECFEAF70541D6C7FDB0025E083418082D94BB2455D776D5906697DBCCD0
01_Forex;AUDNZD;06_REVERSAL_EXIT;SELL;ICHIMOKU;20;22481141760;FAST_GENETIC;634204648;RESEARCH;01_Forex/AUDNZD/06_REVERSAL_EXIT/SELL_ICHIMOKU.set;6E1C08981E825A5166B245B7D2F87B06EC5198C23F491F80CBD3D8C7185297BC
01_Forex;AUDNZD;07_GRID_SEPARATE;BUY;MULTI;20;2442908160000;FAST_GENETIC;679678240;HEDGE_ACCOUNT_REQUIRED;01_Forex/AUDNZD/07_GRID_SEPARATE/BUY_MULTI.set;EB811724B3C2AD60A3126C7E71A3E9E0FCF85CD148139BBFA0BA3CD138B4B427
01_Forex;AUDNZD;07_GRID_SEPARATE;BUY;ICHIMOKU;19;53299814400;FAST_GENETIC;626098126;HEDGE_ACCOUNT_REQUIRED;01_Forex/AUDNZD/07_GRID_SEPARATE/BUY_ICHIMOKU.set;6122667094C15C42BECE2FD4B9C79CF7437FD18AEB694FED710D5E6B48D73594
01_Forex;AUDNZD;07_GRID_SEPARATE;SELL;MULTI;20;2442908160000;FAST_GENETIC;692545749;HEDGE_ACCOUNT_REQUIRED;01_Forex/AUDNZD/07_GRID_SEPARATE/SELL_MULTI.set;AE07B1E7CAB367058D3876CE6CC650B0E456D32B567BC8295D8899866BD467DA
01_Forex;AUDNZD;07_GRID_SEPARATE;SELL;ICHIMOKU;19;53299814400;FAST_GENETIC;697718202;HEDGE_ACCOUNT_REQUIRED;01_Forex/AUDNZD/07_GRID_SEPARATE/SELL_ICHIMOKU.set;DE1BDED73A8F8179DA939C12B900A1E9715AE2C814988B3540146C647A1A1C48
01_Forex;AUDNZD;08_GRID_UNIFIED;BOTH;MULTI;21;12214540800000;FAST_GENETIC;699306296;HEDGE_ACCOUNT_REQUIRED;01_Forex/AUDNZD/08_GRID_UNIFIED/BOTH_MULTI.set;BB45B47A11EF84E2A5280DA0F233E1870D61CDBAC0AAF630DF292B08AFBABE7F
01_Forex;AUDNZD;08_GRID_UNIFIED;BOTH;ICHIMOKU;20;266499072000;FAST_GENETIC;628666096;HEDGE_ACCOUNT_REQUIRED;01_Forex/AUDNZD/08_GRID_UNIFIED/BOTH_ICHIMOKU.set;372785455B38C6093F47FE71D23FC662CA0997243C91DCB9076DC88180670555
01_Forex;AUDNZD;09_MARTINGALE;BUY;MULTI;21;11146899456000;FAST_GENETIC;627321695;HIGH_RISK;01_Forex/AUDNZD/09_MARTINGALE/BUY_MULTI.set;F7193AEA60CEAEE7DEDE8A90B9B7034C261192A1252E2B751EAF11894917F80C
01_Forex;AUDNZD;09_MARTINGALE;BUY;ICHIMOKU;20;243205079040;FAST_GENETIC;645995837;HIGH_RISK;01_Forex/AUDNZD/09_MARTINGALE/BUY_ICHIMOKU.set;FA7D342ED567196EBF1DBE31D305B9F1990B154A641D829EF79639BA214B2C1B
01_Forex;AUDNZD;09_MARTINGALE;SELL;MULTI;21;11146899456000;FAST_GENETIC;661003912;HIGH_RISK;01_Forex/AUDNZD/09_MARTINGALE/SELL_MULTI.set;CE2C614555D2E011EC47A9F43070828927F8A4BC8BEA520314E73749E0215D21
01_Forex;AUDNZD;09_MARTINGALE;SELL;ICHIMOKU;20;243205079040;FAST_GENETIC;666906706;HIGH_RISK;01_Forex/AUDNZD/09_MARTINGALE/SELL_ICHIMOKU.set;ECFAD403C90C591A85A430C99C31C82A28C204EC2701F34CC44C5254394F6E70
01_Forex;AUDNZD;10_DALEMBERT;BUY;MULTI;21;7962071040000;FAST_GENETIC;631454076;HIGH_RISK;01_Forex/AUDNZD/10_DALEMBERT/BUY_MULTI.set;17F5EB2379660AE3D677AB89BE6DBE24CDB7E9C6CDC3F5F200FE66B4B853555B
01_Forex;AUDNZD;10_DALEMBERT;BUY;ICHIMOKU;20;173717913600;FAST_GENETIC;681627215;HIGH_RISK;01_Forex/AUDNZD/10_DALEMBERT/BUY_ICHIMOKU.set;0549DB2D72822D234568681BA3512A60849A4BD98C13702132A3496E0A98F5F9
01_Forex;AUDNZD;10_DALEMBERT;SELL;MULTI;21;7962071040000;FAST_GENETIC;677794362;HIGH_RISK;01_Forex/AUDNZD/10_DALEMBERT/SELL_MULTI.set;6F82F789636C98EE14401A4B2C1A745F12B1082D71AA5D3D841976FA9685FD2C
01_Forex;AUDNZD;10_DALEMBERT;SELL;ICHIMOKU;20;173717913600;FAST_GENETIC;669066371;HIGH_RISK;01_Forex/AUDNZD/10_DALEMBERT/SELL_ICHIMOKU.set;354D7B167B421C8BBE3A62CE3129E6039D9C12E6D50C605640B11A92DCA886A3
01_Forex;AUDNZD;11_SIGNAL_ONLY;BUY;MULTI;16;354816000;FAST_GENETIC;611875164;HIGH_RISK_RESEARCH;01_Forex/AUDNZD/11_SIGNAL_ONLY/BUY_MULTI.set;22BCD967A7370766143711E5D36973F459FE4F1B53A8AB721739CA7D7059480D
01_Forex;AUDNZD;11_SIGNAL_ONLY;BUY;ICHIMOKU;15;7741440;FAST_GENETIC;659746259;HIGH_RISK_RESEARCH;01_Forex/AUDNZD/11_SIGNAL_ONLY/BUY_ICHIMOKU.set;6EA208293E86951AE981D6BF4FC18A85D3830086C28DBCEB623538AE93698128
01_Forex;AUDNZD;11_SIGNAL_ONLY;SELL;MULTI;16;354816000;FAST_GENETIC;674357400;HIGH_RISK_RESEARCH;01_Forex/AUDNZD/11_SIGNAL_ONLY/SELL_MULTI.set;956581901FAF7A1D3F444DAE6A9D049E0441E0DEC6D2B5D252A12EC690C9DA1F
01_Forex;AUDNZD;11_SIGNAL_ONLY;SELL;ICHIMOKU;15;7741440;FAST_GENETIC;637487489;HIGH_RISK_RESEARCH;01_Forex/AUDNZD/11_SIGNAL_ONLY/SELL_ICHIMOKU.set;28F5219104A20EE7645FFAE90AD12C8D7196D9E0FF3ADC9B151359CB0C021BC2
01_Forex;AUDUSD;01_SLTP;BUY;MULTI;19;398103552000;FAST_GENETIC;632187435;RESEARCH;01_Forex/AUDUSD/01_SLTP/BUY_MULTI.set;FED6083BB516D97383734F92E0C8537F6CD3501AD05AFDC63C15D544CAECE1BB
01_Forex;AUDUSD;01_SLTP;BUY;ICHIMOKU;18;8685895680;FAST_GENETIC;621977664;RESEARCH;01_Forex/AUDUSD/01_SLTP/BUY_ICHIMOKU.set;787921E504F8B76B98BE5799BD06BBA9D87177D20F470348C595D76C2AD3D697
01_Forex;AUDUSD;01_SLTP;SELL;MULTI;19;398103552000;FAST_GENETIC;624088012;RESEARCH;01_Forex/AUDUSD/01_SLTP/SELL_MULTI.set;FFC940F2085575EE2773BC98EE5FDB98BA8283593185ADB652885A74812D90F6
01_Forex;AUDUSD;01_SLTP;SELL;ICHIMOKU;18;8685895680;FAST_GENETIC;634421716;RESEARCH;01_Forex/AUDUSD/01_SLTP/SELL_ICHIMOKU.set;03D0AE5629152154ECCD5E1E231CB3A3819C31E1722E95ECBD6AF012BC7AE550
01_Forex;AUDUSD;02_SLTP_ORGANIC;BUY;MULTI;19;398103552000;FAST_GENETIC;698738998;RESEARCH;01_Forex/AUDUSD/02_SLTP_ORGANIC/BUY_MULTI.set;E199EB11CD93F6EC403D51AF68FE331F3189D18CFF7A4270E2F7EE1B8AAA0EF3
01_Forex;AUDUSD;02_SLTP_ORGANIC;BUY;ICHIMOKU;18;8685895680;FAST_GENETIC;651475377;RESEARCH;01_Forex/AUDUSD/02_SLTP_ORGANIC/BUY_ICHIMOKU.set;CE050FFD8495D06D9402C8D0B1A161B163C15E47AFB7EF408AAB83928E865B5E
01_Forex;AUDUSD;02_SLTP_ORGANIC;SELL;MULTI;19;398103552000;FAST_GENETIC;675606981;RESEARCH;01_Forex/AUDUSD/02_SLTP_ORGANIC/SELL_MULTI.set;DC4614A11498ABAC9B91A17F79B7581682BFCDBC68C044A4D79F776DD8AAE581
01_Forex;AUDUSD;02_SLTP_ORGANIC;SELL;ICHIMOKU;18;8685895680;FAST_GENETIC;620477331;RESEARCH;01_Forex/AUDUSD/02_SLTP_ORGANIC/SELL_ICHIMOKU.set;696A5D19946E2B249141CD8B471316D01D38EA21FC9FF5B3FC98187E9A97E670
01_Forex;AUDUSD;03_TRAIL_ONLY;BUY;MULTI;20;1287982080000;FAST_GENETIC;644155205;RESEARCH;01_Forex/AUDUSD/03_TRAIL_ONLY/BUY_MULTI.set;F370DF52E0C917FB2BFCAD47E0BD4DD48FBCB7D9CEB3181C5C8B975811E2B7AD
01_Forex;AUDUSD;03_TRAIL_ONLY;BUY;ICHIMOKU;19;28101427200;FAST_GENETIC;646057971;RESEARCH;01_Forex/AUDUSD/03_TRAIL_ONLY/BUY_ICHIMOKU.set;0F5A8AEC7B4379BF3E9D5D9B8B6105F42C1E4D9EC82E13BC579B6FA08EE2DAD5
01_Forex;AUDUSD;03_TRAIL_ONLY;SELL;MULTI;20;1287982080000;FAST_GENETIC;665306797;RESEARCH;01_Forex/AUDUSD/03_TRAIL_ONLY/SELL_MULTI.set;906C838BCC36E734A1EA4F86F88FF9EA12AB6F5EFDD03E5FEAD418A494EF0B9F
01_Forex;AUDUSD;03_TRAIL_ONLY;SELL;ICHIMOKU;19;28101427200;FAST_GENETIC;655321952;RESEARCH;01_Forex/AUDUSD/03_TRAIL_ONLY/SELL_ICHIMOKU.set;A2FCAFF52903B91EB3E73E3CDE6C81C8AE782D6C34F1669983C09E5159D71F59
01_Forex;AUDUSD;04_SLTP_TRAIL;BUY;MULTI;20;4379139072000;FAST_GENETIC;698253895;RESEARCH;01_Forex/AUDUSD/04_SLTP_TRAIL/BUY_MULTI.set;0D18922E14235B10011664D86C742BBD7474E96F109B425E9FAF1B7CB616626B
01_Forex;AUDUSD;04_SLTP_TRAIL;BUY;ICHIMOKU;19;95544852480;FAST_GENETIC;689431530;RESEARCH;01_Forex/AUDUSD/04_SLTP_TRAIL/BUY_ICHIMOKU.set;217AA0D5B2E7506BDA3213B845905A8673EFC5FD00F495B1B3DC515DB9BDBD9E
01_Forex;AUDUSD;04_SLTP_TRAIL;SELL;MULTI;20;4379139072000;FAST_GENETIC;662087539;RESEARCH;01_Forex/AUDUSD/04_SLTP_TRAIL/SELL_MULTI.set;9F41B956D942ACE9A89A05F6D12306DF9B974D97DF6FD77B233D12A792CC5594
01_Forex;AUDUSD;04_SLTP_TRAIL;SELL;ICHIMOKU;19;95544852480;FAST_GENETIC;685107088;RESEARCH;01_Forex/AUDUSD/04_SLTP_TRAIL/SELL_ICHIMOKU.set;853D440A7A21745C790F7FDADA12E4455B46BB5A8DDA8BA9EA0015191693F328
01_Forex;AUDUSD;05_BE_TRAIL;BUY;MULTI;19;643991040000;FAST_GENETIC;653542829;RESEARCH;01_Forex/AUDUSD/05_BE_TRAIL/BUY_MULTI.set;3869E97FCC95E4B99792E4EB933EEF9750EB0E9594BB874609ADD70051DFDC85
01_Forex;AUDUSD;05_BE_TRAIL;BUY;ICHIMOKU;18;14050713600;FAST_GENETIC;619090654;RESEARCH;01_Forex/AUDUSD/05_BE_TRAIL/BUY_ICHIMOKU.set;9E4B9E9096850DFC3BA76512DA5B90142F72DD915E2ACB8A22C1A4F19E8B6E4A
01_Forex;AUDUSD;05_BE_TRAIL;SELL;MULTI;19;643991040000;FAST_GENETIC;637531110;RESEARCH;01_Forex/AUDUSD/05_BE_TRAIL/SELL_MULTI.set;7693488A2C7DF3E74A82AD61F6AF298517419FDCD3A57D78241CE91CFFF87864
01_Forex;AUDUSD;05_BE_TRAIL;SELL;ICHIMOKU;18;14050713600;FAST_GENETIC;673484938;RESEARCH;01_Forex/AUDUSD/05_BE_TRAIL/SELL_ICHIMOKU.set;50B661868D146371A76D85404D0686FE9F8B7DF7DC865F85EA247200DAA1C474
01_Forex;AUDUSD;06_REVERSAL_EXIT;BUY;MULTI;21;1030385664000;FAST_GENETIC;662833051;RESEARCH;01_Forex/AUDUSD/06_REVERSAL_EXIT/BUY_MULTI.set;527C5B273F1FBC2A67794DB4FA1C16B6F915C2D33B925E258B5EFD8C8ADC21B8
01_Forex;AUDUSD;06_REVERSAL_EXIT;BUY;ICHIMOKU;20;22481141760;FAST_GENETIC;689875302;RESEARCH;01_Forex/AUDUSD/06_REVERSAL_EXIT/BUY_ICHIMOKU.set;0B64BF8D678477BB7DFFA5E2E89CC7B74062104F61F3D35C984A65E1FC7692BC
01_Forex;AUDUSD;06_REVERSAL_EXIT;SELL;MULTI;21;1030385664000;FAST_GENETIC;655663611;RESEARCH;01_Forex/AUDUSD/06_REVERSAL_EXIT/SELL_MULTI.set;0F8945E24EC428A99F0C86DD2805515F6A0E616E4A897C50C711005F063D6B0A
01_Forex;AUDUSD;06_REVERSAL_EXIT;SELL;ICHIMOKU;20;22481141760;FAST_GENETIC;623059607;RESEARCH;01_Forex/AUDUSD/06_REVERSAL_EXIT/SELL_ICHIMOKU.set;0EFDD455F95F3E7ABADC2D8F390FC37A5376E046EFE2CEF6984E69BA1328A665
01_Forex;AUDUSD;07_GRID_SEPARATE;BUY;MULTI;20;2442908160000;FAST_GENETIC;652779940;HEDGE_ACCOUNT_REQUIRED;01_Forex/AUDUSD/07_GRID_SEPARATE/BUY_MULTI.set;BE6CFB3357771302AC6AA0E089CEF86762BF1150F23ABC417B63F38912209E53
01_Forex;AUDUSD;07_GRID_SEPARATE;BUY;ICHIMOKU;19;53299814400;FAST_GENETIC;695855163;HEDGE_ACCOUNT_REQUIRED;01_Forex/AUDUSD/07_GRID_SEPARATE/BUY_ICHIMOKU.set;670CBAC4EE7576BED182BE0AB0ADE6F30399DA44F53562CA947E39585273FA77
01_Forex;AUDUSD;07_GRID_SEPARATE;SELL;MULTI;20;2442908160000;FAST_GENETIC;654142825;HEDGE_ACCOUNT_REQUIRED;01_Forex/AUDUSD/07_GRID_SEPARATE/SELL_MULTI.set;26C0E8925FBF3A1E8F865893AC45C70DD31835A30631B948B1EF057247107A67
01_Forex;AUDUSD;07_GRID_SEPARATE;SELL;ICHIMOKU;19;53299814400;FAST_GENETIC;667214814;HEDGE_ACCOUNT_REQUIRED;01_Forex/AUDUSD/07_GRID_SEPARATE/SELL_ICHIMOKU.set;A49A8BEFE069E54B034365C441DB9735042540D12107DE30A5894C493C9FAB48
01_Forex;AUDUSD;08_GRID_UNIFIED;BOTH;MULTI;21;12214540800000;FAST_GENETIC;633386188;HEDGE_ACCOUNT_REQUIRED;01_Forex/AUDUSD/08_GRID_UNIFIED/BOTH_MULTI.set;C2D7D68419C51538C9A64907639114055FC1AE158428EA6037F456AF93546A44
01_Forex;AUDUSD;08_GRID_UNIFIED;BOTH;ICHIMOKU;20;266499072000;FAST_GENETIC;636029819;HEDGE_ACCOUNT_REQUIRED;01_Forex/AUDUSD/08_GRID_UNIFIED/BOTH_ICHIMOKU.set;A20864FF0C19DFB99BA5A67C9889AAF6753DED9574B7BBB037F68E6886AD579E
01_Forex;AUDUSD;09_MARTINGALE;BUY;MULTI;21;11146899456000;FAST_GENETIC;623389736;HIGH_RISK;01_Forex/AUDUSD/09_MARTINGALE/BUY_MULTI.set;D3EA110AE0A650A4102086D21B47FE73F4EC52C011C607EE9255F6C83103E587
01_Forex;AUDUSD;09_MARTINGALE;BUY;ICHIMOKU;20;243205079040;FAST_GENETIC;699206332;HIGH_RISK;01_Forex/AUDUSD/09_MARTINGALE/BUY_ICHIMOKU.set;0382D50A717536C911588F0CC0030A282FD2955574FC53B82CA5F72784602423
01_Forex;AUDUSD;09_MARTINGALE;SELL;MULTI;21;11146899456000;FAST_GENETIC;680249389;HIGH_RISK;01_Forex/AUDUSD/09_MARTINGALE/SELL_MULTI.set;50A595563E363089BBF84FA9D76E002C72DFA0171BA4735E004D9EEE0D9280C3
01_Forex;AUDUSD;09_MARTINGALE;SELL;ICHIMOKU;20;243205079040;FAST_GENETIC;615372113;HIGH_RISK;01_Forex/AUDUSD/09_MARTINGALE/SELL_ICHIMOKU.set;B4BDC82B93F38551DDE0F1772A60DBC772765C74B487D1E595EB4245D9B87990
01_Forex;AUDUSD;10_DALEMBERT;BUY;MULTI;21;7962071040000;FAST_GENETIC;618697643;HIGH_RISK;01_Forex/AUDUSD/10_DALEMBERT/BUY_MULTI.set;DF030663CC68465D4643AAC9E8603EE310ABAD58BB1C3E05E3E0BA5CDEE4C80D
01_Forex;AUDUSD;10_DALEMBERT;BUY;ICHIMOKU;20;173717913600;FAST_GENETIC;631908175;HIGH_RISK;01_Forex/AUDUSD/10_DALEMBERT/BUY_ICHIMOKU.set;168153E69B052C7E430C401680D6EBEC7FC154472980444B833E312973F698E2
01_Forex;AUDUSD;10_DALEMBERT;SELL;MULTI;21;7962071040000;FAST_GENETIC;680484717;HIGH_RISK;01_Forex/AUDUSD/10_DALEMBERT/SELL_MULTI.set;8366E946CEF423DE3A532FCE37400F50243B5652F382F35777044343784C6FF4
01_Forex;AUDUSD;10_DALEMBERT;SELL;ICHIMOKU;20;173717913600;FAST_GENETIC;672354828;HIGH_RISK;01_Forex/AUDUSD/10_DALEMBERT/SELL_ICHIMOKU.set;50BEC01698297A764E142F437931A5EE8CD24309B7550DF37ECF9003C1386A3E
01_Forex;AUDUSD;11_SIGNAL_ONLY;BUY;MULTI;16;354816000;FAST_GENETIC;697945086;HIGH_RISK_RESEARCH;01_Forex/AUDUSD/11_SIGNAL_ONLY/BUY_MULTI.set;C39BFCCF1AE665250D0716C65350AC98BF541C9D63759410A0A4EF2063711BBE
01_Forex;AUDUSD;11_SIGNAL_ONLY;BUY;ICHIMOKU;15;7741440;FAST_GENETIC;690321577;HIGH_RISK_RESEARCH;01_Forex/AUDUSD/11_SIGNAL_ONLY/BUY_ICHIMOKU.set;6A2A7B7158362DE41EFF3E5E420245D82B12EC2F0F16C0B6D8AB282EB896A85E
01_Forex;AUDUSD;11_SIGNAL_ONLY;SELL;MULTI;16;354816000;FAST_GENETIC;616788292;HIGH_RISK_RESEARCH;01_Forex/AUDUSD/11_SIGNAL_ONLY/SELL_MULTI.set;D373D930C65FFD81C86867BD2CCDE4CE5F6620D8B172747F9CCDF73787030E0F
01_Forex;AUDUSD;11_SIGNAL_ONLY;SELL;ICHIMOKU;15;7741440;FAST_GENETIC;633613139;HIGH_RISK_RESEARCH;01_Forex/AUDUSD/11_SIGNAL_ONLY/SELL_ICHIMOKU.set;571709757EAC53610AE2714D9CDBC020E2483477520EB97827C1796A256B85BE
01_Forex;CADCHF;01_SLTP;BUY;MULTI;19;398103552000;FAST_GENETIC;692586440;RESEARCH;01_Forex/CADCHF/01_SLTP/BUY_MULTI.set;475D955AD505C930B1CBD24F77A92B914FC6C496CAA56B08CC39BF6FE299A6B0
01_Forex;CADCHF;01_SLTP;BUY;ICHIMOKU;18;8685895680;FAST_GENETIC;651569672;RESEARCH;01_Forex/CADCHF/01_SLTP/BUY_ICHIMOKU.set;ABC4E2ED4FCAF7FCF3C000D05E13FDEAE5F715CAF83F14E51CAC22D98F7DA003
01_Forex;CADCHF;01_SLTP;SELL;MULTI;19;398103552000;FAST_GENETIC;652356523;RESEARCH;01_Forex/CADCHF/01_SLTP/SELL_MULTI.set;D02C91A62983DACF5227F33F384890A14CD919ABFD073B0EE40AF569FBAD4BB2
01_Forex;CADCHF;01_SLTP;SELL;ICHIMOKU;18;8685895680;FAST_GENETIC;622130460;RESEARCH;01_Forex/CADCHF/01_SLTP/SELL_ICHIMOKU.set;7A0F24ADD192486FF8E59D0F38193DAF230F0680DF6DB8122052DCC471767C20
01_Forex;CADCHF;02_SLTP_ORGANIC;BUY;MULTI;19;398103552000;FAST_GENETIC;650186910;RESEARCH;01_Forex/CADCHF/02_SLTP_ORGANIC/BUY_MULTI.set;0050A78CB2C17F3F9961F3EF372132B7F3394C3F8B5A72DD7A84D58FE2B5825E
01_Forex;CADCHF;02_SLTP_ORGANIC;BUY;ICHIMOKU;18;8685895680;FAST_GENETIC;627492598;RESEARCH;01_Forex/CADCHF/02_SLTP_ORGANIC/BUY_ICHIMOKU.set;A22E0A444FE46223C1BB59BA898D1C097A9F94785422767CF9B6AF39299FD429
01_Forex;CADCHF;02_SLTP_ORGANIC;SELL;MULTI;19;398103552000;FAST_GENETIC;678322338;RESEARCH;01_Forex/CADCHF/02_SLTP_ORGANIC/SELL_MULTI.set;E298E1C4C9A2A44ED50940A1F2728A236DF62061E21DF5031ED415A151710F3C
01_Forex;CADCHF;02_SLTP_ORGANIC;SELL;ICHIMOKU;18;8685895680;FAST_GENETIC;650451900;RESEARCH;01_Forex/CADCHF/02_SLTP_ORGANIC/SELL_ICHIMOKU.set;77BE59DBE9F346E40AB90488DCD9F491C5858B0F5D4FB0818CEA9744399126F8
01_Forex;CADCHF;03_TRAIL_ONLY;BUY;MULTI;20;1287982080000;FAST_GENETIC;662817852;RESEARCH;01_Forex/CADCHF/03_TRAIL_ONLY/BUY_MULTI.set;CE1CEDDC87D93EFFBAB60F0165E137F1D97AF26A1AB2684FB98583009543B009
01_Forex;CADCHF;03_TRAIL_ONLY;BUY;ICHIMOKU;19;28101427200;FAST_GENETIC;638573766;RESEARCH;01_Forex/CADCHF/03_TRAIL_ONLY/BUY_ICHIMOKU.set;6F103723D50889F1F7FE74110CB0D4BC3CAADFBA0F59E3F1B31CCCCDF33434AD
01_Forex;CADCHF;03_TRAIL_ONLY;SELL;MULTI;20;1287982080000;FAST_GENETIC;616964628;RESEARCH;01_Forex/CADCHF/03_TRAIL_ONLY/SELL_MULTI.set;0022378155806DF5E0CEC5A6F89012F00C5AA496EE93564F881CB3C7C53602F4
01_Forex;CADCHF;03_TRAIL_ONLY;SELL;ICHIMOKU;19;28101427200;FAST_GENETIC;632955183;RESEARCH;01_Forex/CADCHF/03_TRAIL_ONLY/SELL_ICHIMOKU.set;6D9B94B84DAA7C2CB8A629527A10AD98FE26FD916D3E1BFF395F7D973A8EFB07
01_Forex;CADCHF;04_SLTP_TRAIL;BUY;MULTI;20;4379139072000;FAST_GENETIC;691008050;RESEARCH;01_Forex/CADCHF/04_SLTP_TRAIL/BUY_MULTI.set;5056D77256C9E6061799841DED7AE89FEB8BF05A798DB366384FD3B5B1FAD75C
01_Forex;CADCHF;04_SLTP_TRAIL;BUY;ICHIMOKU;19;95544852480;FAST_GENETIC;631651466;RESEARCH;01_Forex/CADCHF/04_SLTP_TRAIL/BUY_ICHIMOKU.set;8C052BB83EE2FBCDF102FC524CA606141BDDB0125E25E8F81175249284050E68
01_Forex;CADCHF;04_SLTP_TRAIL;SELL;MULTI;20;4379139072000;FAST_GENETIC;698489728;RESEARCH;01_Forex/CADCHF/04_SLTP_TRAIL/SELL_MULTI.set;A0F35344BF17D549FE0974CA08BF1BF2746E4222A1DA841B3F646097A1DB66ED
01_Forex;CADCHF;04_SLTP_TRAIL;SELL;ICHIMOKU;19;95544852480;FAST_GENETIC;673069400;RESEARCH;01_Forex/CADCHF/04_SLTP_TRAIL/SELL_ICHIMOKU.set;08856818FCEFBA3F593A88B5D4FE22DF8757283FD114940B83D4D82E6BE91F69
01_Forex;CADCHF;05_BE_TRAIL;BUY;MULTI;19;643991040000;FAST_GENETIC;640115349;RESEARCH;01_Forex/CADCHF/05_BE_TRAIL/BUY_MULTI.set;E355385B2D1E9739DD9716CDB5BE4379112BF97B12ADF4FE4170EFE859DD3FB7
01_Forex;CADCHF;05_BE_TRAIL;BUY;ICHIMOKU;18;14050713600;FAST_GENETIC;620930652;RESEARCH;01_Forex/CADCHF/05_BE_TRAIL/BUY_ICHIMOKU.set;2189940751E1BE3C4C67615DBF17D6B86CD96D70CA54F2DA2EEB1B79AEE6B496
01_Forex;CADCHF;05_BE_TRAIL;SELL;MULTI;19;643991040000;FAST_GENETIC;651072429;RESEARCH;01_Forex/CADCHF/05_BE_TRAIL/SELL_MULTI.set;177DF8BAFBCDFF37D4F016AB91E1DFC8C146A7F09176ADFDAE93EA88A6B38CDB
01_Forex;CADCHF;05_BE_TRAIL;SELL;ICHIMOKU;18;14050713600;FAST_GENETIC;651558552;RESEARCH;01_Forex/CADCHF/05_BE_TRAIL/SELL_ICHIMOKU.set;3366A0FDE610504A6B6ACDB056AE8473B2BF4B9D2132AB7CE7F2CFD0E56ED843
01_Forex;CADCHF;06_REVERSAL_EXIT;BUY;MULTI;21;1030385664000;FAST_GENETIC;619111111;RESEARCH;01_Forex/CADCHF/06_REVERSAL_EXIT/BUY_MULTI.set;480D4315C45D192536B530F368EB54FD60A2066B2B2C3C2D93042C04671301EB
01_Forex;CADCHF;06_REVERSAL_EXIT;BUY;ICHIMOKU;20;22481141760;FAST_GENETIC;694184943;RESEARCH;01_Forex/CADCHF/06_REVERSAL_EXIT/BUY_ICHIMOKU.set;52B85CF5A72383DADD572687E49DE22EEE83D92C2B430000DB9BC9FB4721B76D
01_Forex;CADCHF;06_REVERSAL_EXIT;SELL;MULTI;21;1030385664000;FAST_GENETIC;656124467;RESEARCH;01_Forex/CADCHF/06_REVERSAL_EXIT/SELL_MULTI.set;29AB17BE1976FCB130DCC8E55670BB6BDFA286D040ECC33B2B7487B0D301C6B9
01_Forex;CADCHF;06_REVERSAL_EXIT;SELL;ICHIMOKU;20;22481141760;FAST_GENETIC;646162163;RESEARCH;01_Forex/CADCHF/06_REVERSAL_EXIT/SELL_ICHIMOKU.set;861CC31E2A665ABCA5D783BF1BF074D1A2CCB2C9B60B7A93C0E44F202E009965
01_Forex;CADCHF;07_GRID_SEPARATE;BUY;MULTI;20;2442908160000;FAST_GENETIC;618246608;HEDGE_ACCOUNT_REQUIRED;01_Forex/CADCHF/07_GRID_SEPARATE/BUY_MULTI.set;010C6A93259679B238E7F2B2CF7ABCCFCABA0A7BA3109A9D148CAC0CBEEC0A37
01_Forex;CADCHF;07_GRID_SEPARATE;BUY;ICHIMOKU;19;53299814400;FAST_GENETIC;623445936;HEDGE_ACCOUNT_REQUIRED;01_Forex/CADCHF/07_GRID_SEPARATE/BUY_ICHIMOKU.set;C083198185D7010C587CAF09DA97D8E73CBCDBA6B376614A318B73FB2FA5E34D
01_Forex;CADCHF;07_GRID_SEPARATE;SELL;MULTI;20;2442908160000;FAST_GENETIC;634818800;HEDGE_ACCOUNT_REQUIRED;01_Forex/CADCHF/07_GRID_SEPARATE/SELL_MULTI.set;FF83402F47E3DFBFB81A4C838C29F1C1AD3E7E3312AB5B132EA961BB1C54901D
01_Forex;CADCHF;07_GRID_SEPARATE;SELL;ICHIMOKU;19;53299814400;FAST_GENETIC;695848975;HEDGE_ACCOUNT_REQUIRED;01_Forex/CADCHF/07_GRID_SEPARATE/SELL_ICHIMOKU.set;8B630830C124CF06D0FB78D898C7B8D95742970DC1693B382D6FF0657F5C9D18
01_Forex;CADCHF;08_GRID_UNIFIED;BOTH;MULTI;21;12214540800000;FAST_GENETIC;659917899;HEDGE_ACCOUNT_REQUIRED;01_Forex/CADCHF/08_GRID_UNIFIED/BOTH_MULTI.set;825E255F722EBEC882A40E824A8B064A33EA9946B8CA876766E462998F27D274
01_Forex;CADCHF;08_GRID_UNIFIED;BOTH;ICHIMOKU;20;266499072000;FAST_GENETIC;643734858;HEDGE_ACCOUNT_REQUIRED;01_Forex/CADCHF/08_GRID_UNIFIED/BOTH_ICHIMOKU.set;B76888395796A2B22F730159DC2169902373FAF429D2391E496DE530CB6902D7
01_Forex;CADCHF;09_MARTINGALE;BUY;MULTI;21;11146899456000;FAST_GENETIC;647975106;HIGH_RISK;01_Forex/CADCHF/09_MARTINGALE/BUY_MULTI.set;A5C4D08B7998E281B4726AC17AFF6BE936393DA7CCBF74CE544769F375E274E0
01_Forex;CADCHF;09_MARTINGALE;BUY;ICHIMOKU;20;243205079040;FAST_GENETIC;690843737;HIGH_RISK;01_Forex/CADCHF/09_MARTINGALE/BUY_ICHIMOKU.set;D78602433C8B59F96EEE8B3EADA5EAB1E3BBB611F96CF933EA88B6DAC851619E
01_Forex;CADCHF;09_MARTINGALE;SELL;MULTI;21;11146899456000;FAST_GENETIC;697012685;HIGH_RISK;01_Forex/CADCHF/09_MARTINGALE/SELL_MULTI.set;D4AD618BCDC3317B4177FFEF7A8890183D7FD1CD3FEA9DC20269B1E3B5DC5353
01_Forex;CADCHF;09_MARTINGALE;SELL;ICHIMOKU;20;243205079040;FAST_GENETIC;627881105;HIGH_RISK;01_Forex/CADCHF/09_MARTINGALE/SELL_ICHIMOKU.set;919BFAD3BFE835605FA9FF960F413970F17850D34A8B82B1121A330746748E7F
01_Forex;CADCHF;10_DALEMBERT;BUY;MULTI;21;7962071040000;FAST_GENETIC;654740875;HIGH_RISK;01_Forex/CADCHF/10_DALEMBERT/BUY_MULTI.set;E7EA89E2BBBF63F3F97BB043461B7DAF860795AE1AC49C51512F39CE53B03811
01_Forex;CADCHF;10_DALEMBERT;BUY;ICHIMOKU;20;173717913600;FAST_GENETIC;678402821;HIGH_RISK;01_Forex/CADCHF/10_DALEMBERT/BUY_ICHIMOKU.set;871CDDF93138E0EF8F65DC62D35D76F0A3963E27324D69716F42C62DBCE0BE3C
01_Forex;CADCHF;10_DALEMBERT;SELL;MULTI;21;7962071040000;FAST_GENETIC;624509326;HIGH_RISK;01_Forex/CADCHF/10_DALEMBERT/SELL_MULTI.set;FC4C59A25FF18503C8B7B0E4164FB819774B1285A1F70FDA93DFB075F900A7BC
01_Forex;CADCHF;10_DALEMBERT;SELL;ICHIMOKU;20;173717913600;FAST_GENETIC;697481454;HIGH_RISK;01_Forex/CADCHF/10_DALEMBERT/SELL_ICHIMOKU.set;57AB40361774F4D84F4E68EA12352774EFF485C71751830462E1726DD8E86C3F
01_Forex;CADCHF;11_SIGNAL_ONLY;BUY;MULTI;16;354816000;FAST_GENETIC;616944285;HIGH_RISK_RESEARCH;01_Forex/CADCHF/11_SIGNAL_ONLY/BUY_MULTI.set;C8B8E35BD22C65008756EE7CA1433AD4A0A89B442F6534535C0BDD838141A265
01_Forex;CADCHF;11_SIGNAL_ONLY;BUY;ICHIMOKU;15;7741440;FAST_GENETIC;622691650;HIGH_RISK_RESEARCH;01_Forex/CADCHF/11_SIGNAL_ONLY/BUY_ICHIMOKU.set;B801B83B9A45CB0D059EF0C5EB8870FAF666054BBD4F1C34FD30E1CFF093999A
01_Forex;CADCHF;11_SIGNAL_ONLY;SELL;MULTI;16;354816000;FAST_GENETIC;693319805;HIGH_RISK_RESEARCH;01_Forex/CADCHF/11_SIGNAL_ONLY/SELL_MULTI.set;E87448914A8B8D0D80B4E210B4C8EF25353E1003087F0C77B4B35D147DD86A9C
01_Forex;CADCHF;11_SIGNAL_ONLY;SELL;ICHIMOKU;15;7741440;FAST_GENETIC;653069386;HIGH_RISK_RESEARCH;01_Forex/CADCHF/11_SIGNAL_ONLY/SELL_ICHIMOKU.set;883C2441EC8742AD42AAE9957CC7488D6D92E08A857131E1FEFD33EEF2120C94
01_Forex;CADJPY;01_SLTP;BUY;MULTI;19;398103552000;FAST_GENETIC;665792819;RESEARCH;01_Forex/CADJPY/01_SLTP/BUY_MULTI.set;29EF9EEE6674964D17ECBD55A478901988A5453E0C5D6E3D5CD18315F76B1C76
01_Forex;CADJPY;01_SLTP;BUY;ICHIMOKU;18;8685895680;FAST_GENETIC;647942232;RESEARCH;01_Forex/CADJPY/01_SLTP/BUY_ICHIMOKU.set;4E14C0EAF6F79282E1B0E93385A9FF16E6B05B268836ED5B5AF558F128A8CB5C
01_Forex;CADJPY;01_SLTP;SELL;MULTI;19;398103552000;FAST_GENETIC;640818696;RESEARCH;01_Forex/CADJPY/01_SLTP/SELL_MULTI.set;5D38F5F191EBCFDC0FCAA60F8FC0D483DB5E0E7374E255D9E316824F844EF988
01_Forex;CADJPY;01_SLTP;SELL;ICHIMOKU;18;8685895680;FAST_GENETIC;690250195;RESEARCH;01_Forex/CADJPY/01_SLTP/SELL_ICHIMOKU.set;650DE6CD04F4FACF2C67D2AEE47276D8B8BEF6162F685329A35E16F570E4D7D4
01_Forex;CADJPY;02_SLTP_ORGANIC;BUY;MULTI;19;398103552000;FAST_GENETIC;612808450;RESEARCH;01_Forex/CADJPY/02_SLTP_ORGANIC/BUY_MULTI.set;2982D3BAC4EACA12BB9EA0362E3F60971C26CD3B5AA0D93B941BB73BAE7A4769
01_Forex;CADJPY;02_SLTP_ORGANIC;BUY;ICHIMOKU;18;8685895680;FAST_GENETIC;613482064;RESEARCH;01_Forex/CADJPY/02_SLTP_ORGANIC/BUY_ICHIMOKU.set;18B00F98BD58004290BF329F0876D11286965DBA8606E756C73FC48E721182DC
01_Forex;CADJPY;02_SLTP_ORGANIC;SELL;MULTI;19;398103552000;FAST_GENETIC;636260518;RESEARCH;01_Forex/CADJPY/02_SLTP_ORGANIC/SELL_MULTI.set;400513F83D32D1328BA29CEE3979080D3098E808D7AE0F30A4AC0C1B167E98BF
01_Forex;CADJPY;02_SLTP_ORGANIC;SELL;ICHIMOKU;18;8685895680;FAST_GENETIC;654271703;RESEARCH;01_Forex/CADJPY/02_SLTP_ORGANIC/SELL_ICHIMOKU.set;5497E81FE45D5CA5873D11103834CA8E0D8850D98CC20DE80F7A105F9EF1F267
01_Forex;CADJPY;03_TRAIL_ONLY;BUY;MULTI;20;1287982080000;FAST_GENETIC;645333834;RESEARCH;01_Forex/CADJPY/03_TRAIL_ONLY/BUY_MULTI.set;6C396EDBDAAB9D06E78D640826A462BDFE1A1397884E44ECAB881DCF9C77051B
01_Forex;CADJPY;03_TRAIL_ONLY;BUY;ICHIMOKU;19;28101427200;FAST_GENETIC;690282342;RESEARCH;01_Forex/CADJPY/03_TRAIL_ONLY/BUY_ICHIMOKU.set;23FE711BE4EA5A57AD5061A280CBB0B5C61C52C7C8D9BE20EC2D88B0BABDF308
01_Forex;CADJPY;03_TRAIL_ONLY;SELL;MULTI;20;1287982080000;FAST_GENETIC;614507487;RESEARCH;01_Forex/CADJPY/03_TRAIL_ONLY/SELL_MULTI.set;F73B91A25E2A2C2199952128D5FFCF89DD21461A8C0585C76E343B906FF64A13
01_Forex;CADJPY;03_TRAIL_ONLY;SELL;ICHIMOKU;19;28101427200;FAST_GENETIC;665032978;RESEARCH;01_Forex/CADJPY/03_TRAIL_ONLY/SELL_ICHIMOKU.set;10B418F878B8048D3393BDA8A878CAEA9C58142DE06BAD73F4570E5D23578C8B
01_Forex;CADJPY;04_SLTP_TRAIL;BUY;MULTI;20;4379139072000;FAST_GENETIC;634413693;RESEARCH;01_Forex/CADJPY/04_SLTP_TRAIL/BUY_MULTI.set;11598E2EBCE8720ED74F75B0A3571E3BD4B5B3F40C8563E6F26AB8B501DDAD48
01_Forex;CADJPY;04_SLTP_TRAIL;BUY;ICHIMOKU;19;95544852480;FAST_GENETIC;693084121;RESEARCH;01_Forex/CADJPY/04_SLTP_TRAIL/BUY_ICHIMOKU.set;7CCD040D60A37E6434624137ACD3108724485D12E9E7F60AF7E32CA043E44BA7
01_Forex;CADJPY;04_SLTP_TRAIL;SELL;MULTI;20;4379139072000;FAST_GENETIC;654229039;RESEARCH;01_Forex/CADJPY/04_SLTP_TRAIL/SELL_MULTI.set;51EABEE8F365DB9A4432881A3E01BD7B5EDB8E7ECB09BC5DD973A9BA7C2E14B1
01_Forex;CADJPY;04_SLTP_TRAIL;SELL;ICHIMOKU;19;95544852480;FAST_GENETIC;626639273;RESEARCH;01_Forex/CADJPY/04_SLTP_TRAIL/SELL_ICHIMOKU.set;F642B098B4A6A48A751A60F62DAEB87488817F57320000B6FA66B1728CD22C4B
01_Forex;CADJPY;05_BE_TRAIL;BUY;MULTI;19;643991040000;FAST_GENETIC;670335947;RESEARCH;01_Forex/CADJPY/05_BE_TRAIL/BUY_MULTI.set;9CA3796289871F0311312CA5FD4006376BEC89A18DD824704A6E785D79763275
01_Forex;CADJPY;05_BE_TRAIL;BUY;ICHIMOKU;18;14050713600;FAST_GENETIC;695777716;RESEARCH;01_Forex/CADJPY/05_BE_TRAIL/BUY_ICHIMOKU.set;7D230D44CC4A32803AEEE77C35ADCEF2AAC25AEE1970C7DB0AAC0D3A287EDD5F
01_Forex;CADJPY;05_BE_TRAIL;SELL;MULTI;19;643991040000;FAST_GENETIC;619904726;RESEARCH;01_Forex/CADJPY/05_BE_TRAIL/SELL_MULTI.set;1683201840602B2FE8B4E6E7D2E5FBE3F707D49EE3F4580290A6A761E8A9FB72
01_Forex;CADJPY;05_BE_TRAIL;SELL;ICHIMOKU;18;14050713600;FAST_GENETIC;640179470;RESEARCH;01_Forex/CADJPY/05_BE_TRAIL/SELL_ICHIMOKU.set;632CFD9984557EBA49E61544802114471C653EC19A36DD849191E058B0E3511D
01_Forex;CADJPY;06_REVERSAL_EXIT;BUY;MULTI;21;1030385664000;FAST_GENETIC;614077052;RESEARCH;01_Forex/CADJPY/06_REVERSAL_EXIT/BUY_MULTI.set;932C04095CBC4D05F74D47F6594331B6559129B05B9BA9691715A85DE59EE895
01_Forex;CADJPY;06_REVERSAL_EXIT;BUY;ICHIMOKU;20;22481141760;FAST_GENETIC;665773836;RESEARCH;01_Forex/CADJPY/06_REVERSAL_EXIT/BUY_ICHIMOKU.set;55F41884DCD90B54DC8EDC0BC0CB62F0464F5A96A198557F54D7100D8F7AB19D
01_Forex;CADJPY;06_REVERSAL_EXIT;SELL;MULTI;21;1030385664000;FAST_GENETIC;649313118;RESEARCH;01_Forex/CADJPY/06_REVERSAL_EXIT/SELL_MULTI.set;6FB3F3AE7F9E28706F6F1DA94319F4071188F136776C7A79297832F66A9E8DFB
01_Forex;CADJPY;06_REVERSAL_EXIT;SELL;ICHIMOKU;20;22481141760;FAST_GENETIC;634354546;RESEARCH;01_Forex/CADJPY/06_REVERSAL_EXIT/SELL_ICHIMOKU.set;69F951D9B734122DE89E7AD948DA315792E74071149E7C8958121DC2518BF19F
01_Forex;CADJPY;07_GRID_SEPARATE;BUY;MULTI;20;2442908160000;FAST_GENETIC;649280026;HEDGE_ACCOUNT_REQUIRED;01_Forex/CADJPY/07_GRID_SEPARATE/BUY_MULTI.set;C6185F3F730D42DE86556CEB9BEB801B6F7E1C983D0D7CD4EDBB68E3932FA2F8
01_Forex;CADJPY;07_GRID_SEPARATE;BUY;ICHIMOKU;19;53299814400;FAST_GENETIC;686465055;HEDGE_ACCOUNT_REQUIRED;01_Forex/CADJPY/07_GRID_SEPARATE/BUY_ICHIMOKU.set;337191FDF0EBC19C4FEEB6B1188AFE0BB11C509D6CAAF0FACFCA3A685003FEBA
01_Forex;CADJPY;07_GRID_SEPARATE;SELL;MULTI;20;2442908160000;FAST_GENETIC;674010626;HEDGE_ACCOUNT_REQUIRED;01_Forex/CADJPY/07_GRID_SEPARATE/SELL_MULTI.set;91EEC9606A4D0DF69E91BABB75234D42D9EF757812915D7EC730FCB3C54EBA8A
01_Forex;CADJPY;07_GRID_SEPARATE;SELL;ICHIMOKU;19;53299814400;FAST_GENETIC;610524814;HEDGE_ACCOUNT_REQUIRED;01_Forex/CADJPY/07_GRID_SEPARATE/SELL_ICHIMOKU.set;4F81819258430C21A3D214B26E83E2CF24FCDE457F8F4AFB2048782D6F1EACAE
01_Forex;CADJPY;08_GRID_UNIFIED;BOTH;MULTI;21;12214540800000;FAST_GENETIC;680908165;HEDGE_ACCOUNT_REQUIRED;01_Forex/CADJPY/08_GRID_UNIFIED/BOTH_MULTI.set;5FAF02DC3D9F22836C973371D040ECC635AF5A1A9B89617A84D0E55D0290E53C
01_Forex;CADJPY;08_GRID_UNIFIED;BOTH;ICHIMOKU;20;266499072000;FAST_GENETIC;696385992;HEDGE_ACCOUNT_REQUIRED;01_Forex/CADJPY/08_GRID_UNIFIED/BOTH_ICHIMOKU.set;CABD1E8CCDA2D9DFFAB3F244E3DD661BA1A999DB7EB6DB9DA390B92FBA2CC6D7
01_Forex;CADJPY;09_MARTINGALE;BUY;MULTI;21;11146899456000;FAST_GENETIC;616816690;HIGH_RISK;01_Forex/CADJPY/09_MARTINGALE/BUY_MULTI.set;F643536E9295A9C102FE096851476C480F2EC75BF378F3C515D4A35A62261362
01_Forex;CADJPY;09_MARTINGALE;BUY;ICHIMOKU;20;243205079040;FAST_GENETIC;624068625;HIGH_RISK;01_Forex/CADJPY/09_MARTINGALE/BUY_ICHIMOKU.set;3190B403410876D85A85F15F32EC7189B683103B25E390211017A91CF2DCA378
01_Forex;CADJPY;09_MARTINGALE;SELL;MULTI;21;11146899456000;FAST_GENETIC;675166785;HIGH_RISK;01_Forex/CADJPY/09_MARTINGALE/SELL_MULTI.set;E848F302FEE8FC5A178E54ABC4837E75FFBBB375999DF8D3BB2836CCE91E643C
01_Forex;CADJPY;09_MARTINGALE;SELL;ICHIMOKU;20;243205079040;FAST_GENETIC;672788352;HIGH_RISK;01_Forex/CADJPY/09_MARTINGALE/SELL_ICHIMOKU.set;32607FBE86C3E81DF9EDECAD8C31CA6B34A7A77631D713BDDD780D1F3B0DE652
01_Forex;CADJPY;10_DALEMBERT;BUY;MULTI;21;7962071040000;FAST_GENETIC;654841074;HIGH_RISK;01_Forex/CADJPY/10_DALEMBERT/BUY_MULTI.set;D5585D4AD6B5CB7767C53EFF3DE668DC4F57803225697F46D5BD1AFF7B0157E6
01_Forex;CADJPY;10_DALEMBERT;BUY;ICHIMOKU;20;173717913600;FAST_GENETIC;683930061;HIGH_RISK;01_Forex/CADJPY/10_DALEMBERT/BUY_ICHIMOKU.set;5DB8835023D63B1DCF4E7A87620D50F9D697E18BBEF04B79D46B60B84A120802
01_Forex;CADJPY;10_DALEMBERT;SELL;MULTI;21;7962071040000;FAST_GENETIC;654193290;HIGH_RISK;01_Forex/CADJPY/10_DALEMBERT/SELL_MULTI.set;1B0C95E91413685CF488C7A81DE97CD9024357D13A009F6896893003AB83BD5E
01_Forex;CADJPY;10_DALEMBERT;SELL;ICHIMOKU;20;173717913600;FAST_GENETIC;680339239;HIGH_RISK;01_Forex/CADJPY/10_DALEMBERT/SELL_ICHIMOKU.set;042EA62120A23A3EE02A5AF659C4245AC715F1A262611D7C485BDC672C91C7F8
01_Forex;CADJPY;11_SIGNAL_ONLY;BUY;MULTI;16;354816000;FAST_GENETIC;694476321;HIGH_RISK_RESEARCH;01_Forex/CADJPY/11_SIGNAL_ONLY/BUY_MULTI.set;758E7D89CE808108E77A3011C5E105AA1FAD7D3AF209F171CADE70F510CC0775
01_Forex;CADJPY;11_SIGNAL_ONLY;BUY;ICHIMOKU;15;7741440;FAST_GENETIC;642597055;HIGH_RISK_RESEARCH;01_Forex/CADJPY/11_SIGNAL_ONLY/BUY_ICHIMOKU.set;80753816A8FEE01D6F845C648E80962CDD33D9D6845256C1DD945616CA90DB9F
01_Forex;CADJPY;11_SIGNAL_ONLY;SELL;MULTI;16;354816000;FAST_GENETIC;632291401;HIGH_RISK_RESEARCH;01_Forex/CADJPY/11_SIGNAL_ONLY/SELL_MULTI.set;989FBD3C6331A458EF3A34F121F2EE81B51D39432D2934B2CCEA9689473C32CA
01_Forex;CADJPY;11_SIGNAL_ONLY;SELL;ICHIMOKU;15;7741440;FAST_GENETIC;641526396;HIGH_RISK_RESEARCH;01_Forex/CADJPY/11_SIGNAL_ONLY/SELL_ICHIMOKU.set;C70817F02DD6522E51DA8CB963749E993A6C6CBAB08DEBEF411A8D21B4964270
01_Forex;CHFJPY;01_SLTP;BUY;MULTI;19;398103552000;FAST_GENETIC;676948971;RESEARCH;01_Forex/CHFJPY/01_SLTP/BUY_MULTI.set;2CF34A803AF6D6D50475341214AB6FC772438D1AB6438EE38F729F6B7F0FCF9E
01_Forex;CHFJPY;01_SLTP;BUY;ICHIMOKU;18;8685895680;FAST_GENETIC;691235232;RESEARCH;01_Forex/CHFJPY/01_SLTP/BUY_ICHIMOKU.set;37002068C2294B37814E55805573739C0247BF55FFF4B4F277CD07F86EBF2ADD
01_Forex;CHFJPY;01_SLTP;SELL;MULTI;19;398103552000;FAST_GENETIC;695983130;RESEARCH;01_Forex/CHFJPY/01_SLTP/SELL_MULTI.set;C90B1F0612B66FBC2A8656EFA98E83B274CEDBADBBB8256D21EB9553159EE8E0
01_Forex;CHFJPY;01_SLTP;SELL;ICHIMOKU;18;8685895680;FAST_GENETIC;682310917;RESEARCH;01_Forex/CHFJPY/01_SLTP/SELL_ICHIMOKU.set;9CAD285EA72D561693F9C6CA3BB7E23E0435A10F305A93694C1CB9B5EC6F7B63
01_Forex;CHFJPY;02_SLTP_ORGANIC;BUY;MULTI;19;398103552000;FAST_GENETIC;688781919;RESEARCH;01_Forex/CHFJPY/02_SLTP_ORGANIC/BUY_MULTI.set;0DCDFE58C51BD662F0D77D63CF209C38F5FD3D5E8EE4E7A82B1912CE87F733EA
01_Forex;CHFJPY;02_SLTP_ORGANIC;BUY;ICHIMOKU;18;8685895680;FAST_GENETIC;651365076;RESEARCH;01_Forex/CHFJPY/02_SLTP_ORGANIC/BUY_ICHIMOKU.set;80B6464824EECBB186775F26FB9DCCCB3DCE6B79BF7C5F01A08465786C3AD4A9
01_Forex;CHFJPY;02_SLTP_ORGANIC;SELL;MULTI;19;398103552000;FAST_GENETIC;689560631;RESEARCH;01_Forex/CHFJPY/02_SLTP_ORGANIC/SELL_MULTI.set;AB713B71DA348289A86DB4807CA2D2CB8B8CE06AD1735DC5CC99FE6BBF1ACBA7
01_Forex;CHFJPY;02_SLTP_ORGANIC;SELL;ICHIMOKU;18;8685895680;FAST_GENETIC;657108613;RESEARCH;01_Forex/CHFJPY/02_SLTP_ORGANIC/SELL_ICHIMOKU.set;470F6B6C66C3D846F30048ECFA79414374B217B7CD1D4A7E8E0A9263BA66D597
01_Forex;CHFJPY;03_TRAIL_ONLY;BUY;MULTI;20;1287982080000;FAST_GENETIC;612875332;RESEARCH;01_Forex/CHFJPY/03_TRAIL_ONLY/BUY_MULTI.set;689643C06B68BC9D172C396191DE8DA48D5ED452878D072495045A991547AE70
01_Forex;CHFJPY;03_TRAIL_ONLY;BUY;ICHIMOKU;19;28101427200;FAST_GENETIC;642402889;RESEARCH;01_Forex/CHFJPY/03_TRAIL_ONLY/BUY_ICHIMOKU.set;6522431158717337940EB0D60E03DD2BB2073204715ABA66C24F40430916DD25
01_Forex;CHFJPY;03_TRAIL_ONLY;SELL;MULTI;20;1287982080000;FAST_GENETIC;626020669;RESEARCH;01_Forex/CHFJPY/03_TRAIL_ONLY/SELL_MULTI.set;187ACB20CD75427CC13DDFF0FDC523DCB867087C3243008B4968E9C87DC63A32
01_Forex;CHFJPY;03_TRAIL_ONLY;SELL;ICHIMOKU;19;28101427200;FAST_GENETIC;652860052;RESEARCH;01_Forex/CHFJPY/03_TRAIL_ONLY/SELL_ICHIMOKU.set;3E970F3577D93A5E449372439AF3FB9C2B9B935BFC17B400BEEF5D91AFE59CE9
01_Forex;CHFJPY;04_SLTP_TRAIL;BUY;MULTI;20;4379139072000;FAST_GENETIC;654728255;RESEARCH;01_Forex/CHFJPY/04_SLTP_TRAIL/BUY_MULTI.set;BAEFF36D14B0FD6C310897454FA6F4F9FF0BAC4441C2834DB5A14D208700548A
01_Forex;CHFJPY;04_SLTP_TRAIL;BUY;ICHIMOKU;19;95544852480;FAST_GENETIC;620417372;RESEARCH;01_Forex/CHFJPY/04_SLTP_TRAIL/BUY_ICHIMOKU.set;66CF7303F5A06524032D9EC72E053A9402D2F74B6E0454073FC7FBB426914877
01_Forex;CHFJPY;04_SLTP_TRAIL;SELL;MULTI;20;4379139072000;FAST_GENETIC;645498988;RESEARCH;01_Forex/CHFJPY/04_SLTP_TRAIL/SELL_MULTI.set;31F8D87976A1731C6584FAF12AD68F9013D4F8D4340CCCB55C99BCA969457021
01_Forex;CHFJPY;04_SLTP_TRAIL;SELL;ICHIMOKU;19;95544852480;FAST_GENETIC;693175820;RESEARCH;01_Forex/CHFJPY/04_SLTP_TRAIL/SELL_ICHIMOKU.set;D5379BBCC1ED34E3C9AB598046B02FA91344CD5B69A4C0159E502131BF02060A
01_Forex;CHFJPY;05_BE_TRAIL;BUY;MULTI;19;643991040000;FAST_GENETIC;637944839;RESEARCH;01_Forex/CHFJPY/05_BE_TRAIL/BUY_MULTI.set;B8D6B44C12829F02E04D875AAA4544A03EF6DB6B90F0A5CBD867AC947803CBE5
01_Forex;CHFJPY;05_BE_TRAIL;BUY;ICHIMOKU;18;14050713600;FAST_GENETIC;643567064;RESEARCH;01_Forex/CHFJPY/05_BE_TRAIL/BUY_ICHIMOKU.set;5D510343A03C117870126B2F0141424FFF432E5F045157E5CE87794B2A3C0FB1
01_Forex;CHFJPY;05_BE_TRAIL;SELL;MULTI;19;643991040000;FAST_GENETIC;625030098;RESEARCH;01_Forex/CHFJPY/05_BE_TRAIL/SELL_MULTI.set;4C6D80B2FFA75FABBCD406F87C7CC8BBF14C56B8EBC18394D3081D2078CC125A
01_Forex;CHFJPY;05_BE_TRAIL;SELL;ICHIMOKU;18;14050713600;FAST_GENETIC;675910392;RESEARCH;01_Forex/CHFJPY/05_BE_TRAIL/SELL_ICHIMOKU.set;116EA3B056445763429F602A7EE8A15CA8C0B492F0C1C77CEB47BE9FAC5AC8F6
01_Forex;CHFJPY;06_REVERSAL_EXIT;BUY;MULTI;21;1030385664000;FAST_GENETIC;658841831;RESEARCH;01_Forex/CHFJPY/06_REVERSAL_EXIT/BUY_MULTI.set;E79E5EFB003D8E79C839C83A65EA2C968A6FE01B876C16CD0FD9787C2FB310C2
01_Forex;CHFJPY;06_REVERSAL_EXIT;BUY;ICHIMOKU;20;22481141760;FAST_GENETIC;683786172;RESEARCH;01_Forex/CHFJPY/06_REVERSAL_EXIT/BUY_ICHIMOKU.set;505F3DDF4B69B5B8B32A32233E8BA3D46BF572C953B5C4996EBC911E8A6BA286
01_Forex;CHFJPY;06_REVERSAL_EXIT;SELL;MULTI;21;1030385664000;FAST_GENETIC;612376428;RESEARCH;01_Forex/CHFJPY/06_REVERSAL_EXIT/SELL_MULTI.set;A6397430D53EE27BC6B3B108E5E33E1D1F5CB53BBC07EEA8BE98D0F813F99458
01_Forex;CHFJPY;06_REVERSAL_EXIT;SELL;ICHIMOKU;20;22481141760;FAST_GENETIC;630241607;RESEARCH;01_Forex/CHFJPY/06_REVERSAL_EXIT/SELL_ICHIMOKU.set;96930352BF20ECA4AD58EAB990F2EC7EBB8FCDAE92B62FA9CF4F6745F320C687
01_Forex;CHFJPY;07_GRID_SEPARATE;BUY;MULTI;20;2442908160000;FAST_GENETIC;622012699;HEDGE_ACCOUNT_REQUIRED;01_Forex/CHFJPY/07_GRID_SEPARATE/BUY_MULTI.set;0E1B056A95243D1D12B09E2956EC319A6E312C7590D0160012D88DEA0B721A8B
01_Forex;CHFJPY;07_GRID_SEPARATE;BUY;ICHIMOKU;19;53299814400;FAST_GENETIC;691819382;HEDGE_ACCOUNT_REQUIRED;01_Forex/CHFJPY/07_GRID_SEPARATE/BUY_ICHIMOKU.set;8C00A4930D0323E157030D2A5E1D5DF142370B6D667BB1CD6D4829657AAF2A64
01_Forex;CHFJPY;07_GRID_SEPARATE;SELL;MULTI;20;2442908160000;FAST_GENETIC;695085740;HEDGE_ACCOUNT_REQUIRED;01_Forex/CHFJPY/07_GRID_SEPARATE/SELL_MULTI.set;48BD580117AC04088C476A8096EEF772460F38BE1E95C13C3E6B8CA81DA9E81B
01_Forex;CHFJPY;07_GRID_SEPARATE;SELL;ICHIMOKU;19;53299814400;FAST_GENETIC;675532583;HEDGE_ACCOUNT_REQUIRED;01_Forex/CHFJPY/07_GRID_SEPARATE/SELL_ICHIMOKU.set;790A783A1473E66FF7CCD30D606F9003C93B133381516C9DCC668C4ED6EED99E
01_Forex;CHFJPY;08_GRID_UNIFIED;BOTH;MULTI;21;12214540800000;FAST_GENETIC;671368916;HEDGE_ACCOUNT_REQUIRED;01_Forex/CHFJPY/08_GRID_UNIFIED/BOTH_MULTI.set;F3D5163DE81E699897DC2F192C497EE78FE698BEB541E4E47378BE2212B62205
01_Forex;CHFJPY;08_GRID_UNIFIED;BOTH;ICHIMOKU;20;266499072000;FAST_GENETIC;685408144;HEDGE_ACCOUNT_REQUIRED;01_Forex/CHFJPY/08_GRID_UNIFIED/BOTH_ICHIMOKU.set;08DA98577A431BFB32B055F8729082A2FD8EF9905715CFF1914F6B159E12E91D
01_Forex;CHFJPY;09_MARTINGALE;BUY;MULTI;21;11146899456000;FAST_GENETIC;633529481;HIGH_RISK;01_Forex/CHFJPY/09_MARTINGALE/BUY_MULTI.set;CF662798797276D763768FC20501F9DB4D89870C71AD67736C0CFF4094CA1B24
01_Forex;CHFJPY;09_MARTINGALE;BUY;ICHIMOKU;20;243205079040;FAST_GENETIC;629773196;HIGH_RISK;01_Forex/CHFJPY/09_MARTINGALE/BUY_ICHIMOKU.set;7E97622D4A59FDCE8B2CB58C09986001DA2591445E2C35D6FF1580AABE0EE599
01_Forex;CHFJPY;09_MARTINGALE;SELL;MULTI;21;11146899456000;FAST_GENETIC;691420340;HIGH_RISK;01_Forex/CHFJPY/09_MARTINGALE/SELL_MULTI.set;A907B3FB25E38FB5FCB4DB7C494A294AB04C2AE6A2810D18C337C186D2E1100C
01_Forex;CHFJPY;09_MARTINGALE;SELL;ICHIMOKU;20;243205079040;FAST_GENETIC;686015518;HIGH_RISK;01_Forex/CHFJPY/09_MARTINGALE/SELL_ICHIMOKU.set;FE2103FBDA95A298740989AD4B45830AE7D34C24DEE034699A9AD0E4A1E9F6FD
01_Forex;CHFJPY;10_DALEMBERT;BUY;MULTI;21;7962071040000;FAST_GENETIC;659973004;HIGH_RISK;01_Forex/CHFJPY/10_DALEMBERT/BUY_MULTI.set;12ECFF5574424F1ED926E2E8F9A431304543D6C054E138902763521A5CD6BC90
01_Forex;CHFJPY;10_DALEMBERT;BUY;ICHIMOKU;20;173717913600;FAST_GENETIC;610603331;HIGH_RISK;01_Forex/CHFJPY/10_DALEMBERT/BUY_ICHIMOKU.set;9CFFCCA000F1D6A488D2C3A69914EB08A8A360781D2C5798C74A31E474BA116D
01_Forex;CHFJPY;10_DALEMBERT;SELL;MULTI;21;7962071040000;FAST_GENETIC;626305885;HIGH_RISK;01_Forex/CHFJPY/10_DALEMBERT/SELL_MULTI.set;6E618EF95287E48C862764B735CF3FDAF07B6521F170114B57F71D75CA9905F6
01_Forex;CHFJPY;10_DALEMBERT;SELL;ICHIMOKU;20;173717913600;FAST_GENETIC;617593584;HIGH_RISK;01_Forex/CHFJPY/10_DALEMBERT/SELL_ICHIMOKU.set;14B17B63CC52821448D2E166D6FD9ABAE5BDB321E6CFC82BC1B57A13E7504640
01_Forex;CHFJPY;11_SIGNAL_ONLY;BUY;MULTI;16;354816000;FAST_GENETIC;671292778;HIGH_RISK_RESEARCH;01_Forex/CHFJPY/11_SIGNAL_ONLY/BUY_MULTI.set;FAA2E7BACB5198EB06FB1D1D231DE609A4ED6E1D811BF9C596F029A5F54061CE
01_Forex;CHFJPY;11_SIGNAL_ONLY;BUY;ICHIMOKU;15;7741440;FAST_GENETIC;692670848;HIGH_RISK_RESEARCH;01_Forex/CHFJPY/11_SIGNAL_ONLY/BUY_ICHIMOKU.set;F46C46FC6BC5E4833634022C253EE6CAC7CCADE9EF8B96A4E64028C75788043E
01_Forex;CHFJPY;11_SIGNAL_ONLY;SELL;MULTI;16;354816000;FAST_GENETIC;621520835;HIGH_RISK_RESEARCH;01_Forex/CHFJPY/11_SIGNAL_ONLY/SELL_MULTI.set;C048BA156DDD9902F8E7C2210627ECB14FDF06A99958BF1E54080F33B9AAF6CF
01_Forex;CHFJPY;11_SIGNAL_ONLY;SELL;ICHIMOKU;15;7741440;FAST_GENETIC;695384502;HIGH_RISK_RESEARCH;01_Forex/CHFJPY/11_SIGNAL_ONLY/SELL_ICHIMOKU.set;96BC132A0DD69BFFDB9BC17678CB2BC4E4065580E9D32B36345E54CDD5A907D6
01_Forex;EURAUD;01_SLTP;BUY;MULTI;19;398103552000;FAST_GENETIC;626971545;RESEARCH;01_Forex/EURAUD/01_SLTP/BUY_MULTI.set;C64E130B3096E12E36003A61A103448C8BD6D1F06D16D32D1B1385489EE9549B
01_Forex;EURAUD;01_SLTP;BUY;ICHIMOKU;18;8685895680;FAST_GENETIC;661677924;RESEARCH;01_Forex/EURAUD/01_SLTP/BUY_ICHIMOKU.set;419E58F476A584D3DE4E72E950D91B34DD3A870BDC4A090A102628F87516D184
01_Forex;EURAUD;01_SLTP;SELL;MULTI;19;398103552000;FAST_GENETIC;676224087;RESEARCH;01_Forex/EURAUD/01_SLTP/SELL_MULTI.set;8065E6ACD6113EF61B250643A4FE6978443A0469BFAE17E923BB84416AFC22B9
01_Forex;EURAUD;01_SLTP;SELL;ICHIMOKU;18;8685895680;FAST_GENETIC;676960876;RESEARCH;01_Forex/EURAUD/01_SLTP/SELL_ICHIMOKU.set;F397EB6FFF43CE079946BDCFA88A4F0782A385708FAE92DFB4CFC763F381F1DF
01_Forex;EURAUD;02_SLTP_ORGANIC;BUY;MULTI;19;398103552000;FAST_GENETIC;669182325;RESEARCH;01_Forex/EURAUD/02_SLTP_ORGANIC/BUY_MULTI.set;804DB672A75D600F418AC6C40B7F0008F53E5765356C7E4B3CFF804ED1448DA2
01_Forex;EURAUD;02_SLTP_ORGANIC;BUY;ICHIMOKU;18;8685895680;FAST_GENETIC;611849827;RESEARCH;01_Forex/EURAUD/02_SLTP_ORGANIC/BUY_ICHIMOKU.set;27F4B3E4C76EEF1034ABE7D57D3DCAEE7AB213BA8247A53E4C8153F39F58AF50
01_Forex;EURAUD;02_SLTP_ORGANIC;SELL;MULTI;19;398103552000;FAST_GENETIC;682820697;RESEARCH;01_Forex/EURAUD/02_SLTP_ORGANIC/SELL_MULTI.set;9A26A7F13F75E496661A91374B141FD694CC8BE266D9F086CCE8FA0BDB265D55
01_Forex;EURAUD;02_SLTP_ORGANIC;SELL;ICHIMOKU;18;8685895680;FAST_GENETIC;655840299;RESEARCH;01_Forex/EURAUD/02_SLTP_ORGANIC/SELL_ICHIMOKU.set;F3037D67E5C66542E58F5052928FE7A87B380F2D0995EDC3FF35CECCA7D19474
01_Forex;EURAUD;03_TRAIL_ONLY;BUY;MULTI;20;1287982080000;FAST_GENETIC;619008757;RESEARCH;01_Forex/EURAUD/03_TRAIL_ONLY/BUY_MULTI.set;02FA00EEE2E2EB850620F23193D48D90D0E502B707A6E3129C7D508CEEAC3E98
01_Forex;EURAUD;03_TRAIL_ONLY;BUY;ICHIMOKU;19;28101427200;FAST_GENETIC;635268734;RESEARCH;01_Forex/EURAUD/03_TRAIL_ONLY/BUY_ICHIMOKU.set;738CF8ED3899BA1F6613E301BB9208B79E2E3C4770C978A40F393944ACD63AA2
01_Forex;EURAUD;03_TRAIL_ONLY;SELL;MULTI;20;1287982080000;FAST_GENETIC;666994207;RESEARCH;01_Forex/EURAUD/03_TRAIL_ONLY/SELL_MULTI.set;E384A31DA5015F3E0B8D60D08DA0B9098E9F3645AF49F16D81B143DDEFF21967
01_Forex;EURAUD;03_TRAIL_ONLY;SELL;ICHIMOKU;19;28101427200;FAST_GENETIC;664547512;RESEARCH;01_Forex/EURAUD/03_TRAIL_ONLY/SELL_ICHIMOKU.set;DD5F75BDDE5A993E656477ED34A14F1ED6938972B733333B7D5E7F6236E89774
01_Forex;EURAUD;04_SLTP_TRAIL;BUY;MULTI;20;4379139072000;FAST_GENETIC;682064373;RESEARCH;01_Forex/EURAUD/04_SLTP_TRAIL/BUY_MULTI.set;266732ECECA26771B3AED461D7471DE8A5ADDEC83E459228F0232A3B6C45FD31
01_Forex;EURAUD;04_SLTP_TRAIL;BUY;ICHIMOKU;19;95544852480;FAST_GENETIC;654896027;RESEARCH;01_Forex/EURAUD/04_SLTP_TRAIL/BUY_ICHIMOKU.set;F28D35E559EF09A2651F8D2006E33D201B2C5174E82A19A4A54A171B05B47EC5
01_Forex;EURAUD;04_SLTP_TRAIL;SELL;MULTI;20;4379139072000;FAST_GENETIC;688399812;RESEARCH;01_Forex/EURAUD/04_SLTP_TRAIL/SELL_MULTI.set;D5D5A66BA9EBD928815372315F38C7A6904E2A08EC56E129062E88EFA9F804A0
01_Forex;EURAUD;04_SLTP_TRAIL;SELL;ICHIMOKU;19;95544852480;FAST_GENETIC;690593853;RESEARCH;01_Forex/EURAUD/04_SLTP_TRAIL/SELL_ICHIMOKU.set;BDF75DA594D2E2B46620F79E68A9FA359B7C9B9CD4DBFD348296DA3F2A0B949C
01_Forex;EURAUD;05_BE_TRAIL;BUY;MULTI;19;643991040000;FAST_GENETIC;639358302;RESEARCH;01_Forex/EURAUD/05_BE_TRAIL/BUY_MULTI.set;24F51A3D0FBC1F5E51994C8A8A2F63B62575BCC9F8EF0829F28522292C3815E8
01_Forex;EURAUD;05_BE_TRAIL;BUY;ICHIMOKU;18;14050713600;FAST_GENETIC;651629274;RESEARCH;01_Forex/EURAUD/05_BE_TRAIL/BUY_ICHIMOKU.set;DFFC17858FDA728EFC2E7366E0625A2D0FCCCFB0901CF05CAFE0A557641BB788
01_Forex;EURAUD;05_BE_TRAIL;SELL;MULTI;19;643991040000;FAST_GENETIC;611910474;RESEARCH;01_Forex/EURAUD/05_BE_TRAIL/SELL_MULTI.set;2327A1A58F0440B2C5627C9DA180139BA0283174BFD23AF2C570816BBB4C87C1
01_Forex;EURAUD;05_BE_TRAIL;SELL;ICHIMOKU;18;14050713600;FAST_GENETIC;612414406;RESEARCH;01_Forex/EURAUD/05_BE_TRAIL/SELL_ICHIMOKU.set;E87F4D51B957CCDB650D804C021644E2FA20CAF91B527514FC273E5911917B81
01_Forex;EURAUD;06_REVERSAL_EXIT;BUY;MULTI;21;1030385664000;FAST_GENETIC;650939812;RESEARCH;01_Forex/EURAUD/06_REVERSAL_EXIT/BUY_MULTI.set;2A41B7855F253D216C57952B72DD90E979C6B6C96C749D4E2A165C313808311D
01_Forex;EURAUD;06_REVERSAL_EXIT;BUY;ICHIMOKU;20;22481141760;FAST_GENETIC;611217708;RESEARCH;01_Forex/EURAUD/06_REVERSAL_EXIT/BUY_ICHIMOKU.set;B5E1A2B3D22C03E25076C0EE232B6BC0C671E51186D4533A03EA84CD3499AD65
01_Forex;EURAUD;06_REVERSAL_EXIT;SELL;MULTI;21;1030385664000;FAST_GENETIC;639361877;RESEARCH;01_Forex/EURAUD/06_REVERSAL_EXIT/SELL_MULTI.set;38ECBF2DD97B7701836DF02274E1A6D829338E418FE54C6C9465D82E2EE47045
01_Forex;EURAUD;06_REVERSAL_EXIT;SELL;ICHIMOKU;20;22481141760;FAST_GENETIC;652168679;RESEARCH;01_Forex/EURAUD/06_REVERSAL_EXIT/SELL_ICHIMOKU.set;D74DA14AC51A520AED2A26267963566C22C98D2F423EF0EC370C8BDA07EC4FCF
01_Forex;EURAUD;07_GRID_SEPARATE;BUY;MULTI;20;2442908160000;FAST_GENETIC;670291635;HEDGE_ACCOUNT_REQUIRED;01_Forex/EURAUD/07_GRID_SEPARATE/BUY_MULTI.set;00C5E2E7AF760838F2F542163CFE04E584B859FC5CBD83C3A4084EB7562932D9
01_Forex;EURAUD;07_GRID_SEPARATE;BUY;ICHIMOKU;19;53299814400;FAST_GENETIC;660405089;HEDGE_ACCOUNT_REQUIRED;01_Forex/EURAUD/07_GRID_SEPARATE/BUY_ICHIMOKU.set;0F73319BB4BA9CC5B5499F9C86C58215A484030617ECAEC35A7F7D7F9D33D115
01_Forex;EURAUD;07_GRID_SEPARATE;SELL;MULTI;20;2442908160000;FAST_GENETIC;632706876;HEDGE_ACCOUNT_REQUIRED;01_Forex/EURAUD/07_GRID_SEPARATE/SELL_MULTI.set;7E7981D2478344EC3D919A192498BF3B1C103A1E6AA991BDEA71EA7202833D20
01_Forex;EURAUD;07_GRID_SEPARATE;SELL;ICHIMOKU;19;53299814400;FAST_GENETIC;686657688;HEDGE_ACCOUNT_REQUIRED;01_Forex/EURAUD/07_GRID_SEPARATE/SELL_ICHIMOKU.set;1EA09384037BE08C1177A1ED2CB5C805C208C7C986E88E58F4206F83F35CD4A9
01_Forex;EURAUD;08_GRID_UNIFIED;BOTH;MULTI;21;12214540800000;FAST_GENETIC;615232139;HEDGE_ACCOUNT_REQUIRED;01_Forex/EURAUD/08_GRID_UNIFIED/BOTH_MULTI.set;D77361331CBBA782457FBDA844AE07CBA0941B2F4E0445D1842012D5B7F9A435
01_Forex;EURAUD;08_GRID_UNIFIED;BOTH;ICHIMOKU;20;266499072000;FAST_GENETIC;659736779;HEDGE_ACCOUNT_REQUIRED;01_Forex/EURAUD/08_GRID_UNIFIED/BOTH_ICHIMOKU.set;956016563ACC5841FFB7E3AB3FC08D41B25AA29B4B72291CF1FFBE08A86EC22C
01_Forex;EURAUD;09_MARTINGALE;BUY;MULTI;21;11146899456000;FAST_GENETIC;610740842;HIGH_RISK;01_Forex/EURAUD/09_MARTINGALE/BUY_MULTI.set;BB000A255A0BFE6102C3FECCEAB5092A0994B6984181CE036FA2C9D156E54855
01_Forex;EURAUD;09_MARTINGALE;BUY;ICHIMOKU;20;243205079040;FAST_GENETIC;654407374;HIGH_RISK;01_Forex/EURAUD/09_MARTINGALE/BUY_ICHIMOKU.set;FE994698867B7A3259582D99EA0D2094F489F6C68469193C3A06D9F4BDDBA5FD
01_Forex;EURAUD;09_MARTINGALE;SELL;MULTI;21;11146899456000;FAST_GENETIC;626857810;HIGH_RISK;01_Forex/EURAUD/09_MARTINGALE/SELL_MULTI.set;948AD0E0F95BBC9263B5947A70CADD840BB055ED8FC57E49EDC27EE5A293D681
01_Forex;EURAUD;09_MARTINGALE;SELL;ICHIMOKU;20;243205079040;FAST_GENETIC;643085626;HIGH_RISK;01_Forex/EURAUD/09_MARTINGALE/SELL_ICHIMOKU.set;F2787748A3F720C91EFB65EF5220001374AD06BF5202513EAC50B785B4E3E6B4
01_Forex;EURAUD;10_DALEMBERT;BUY;MULTI;21;7962071040000;FAST_GENETIC;626322351;HIGH_RISK;01_Forex/EURAUD/10_DALEMBERT/BUY_MULTI.set;3F9A0F92FBCB4DC03CF4D4A302A21A241189A4D160424E9F15DEFA79D1F73152
01_Forex;EURAUD;10_DALEMBERT;BUY;ICHIMOKU;20;173717913600;FAST_GENETIC;623985317;HIGH_RISK;01_Forex/EURAUD/10_DALEMBERT/BUY_ICHIMOKU.set;EB06BD043D0BE8D64A18D10720683AC9BBDB887D880498AAB0C229E9D12057D9
01_Forex;EURAUD;10_DALEMBERT;SELL;MULTI;21;7962071040000;FAST_GENETIC;674125264;HIGH_RISK;01_Forex/EURAUD/10_DALEMBERT/SELL_MULTI.set;B336D755F504FD54C2B56801F16F18CB8CA1DE6B20F8F4C3EB6077AC878E282F
01_Forex;EURAUD;10_DALEMBERT;SELL;ICHIMOKU;20;173717913600;FAST_GENETIC;662971688;HIGH_RISK;01_Forex/EURAUD/10_DALEMBERT/SELL_ICHIMOKU.set;2737A3A4FCE3CAE2B8F62EEDA2FB11597EA7EF46CA777F27875CC8B9350858AF
01_Forex;EURAUD;11_SIGNAL_ONLY;BUY;MULTI;16;354816000;FAST_GENETIC;626821667;HIGH_RISK_RESEARCH;01_Forex/EURAUD/11_SIGNAL_ONLY/BUY_MULTI.set;9643A78297FA827B8FCDEE5DBDA13490D814E14D791647819833304993EBAB3D
01_Forex;EURAUD;11_SIGNAL_ONLY;BUY;ICHIMOKU;15;7741440;FAST_GENETIC;689775319;HIGH_RISK_RESEARCH;01_Forex/EURAUD/11_SIGNAL_ONLY/BUY_ICHIMOKU.set;150BFC2FD9F657CD91281DFB29C41F1D54C040FA2F39F5FEA24EE7E44D697918
01_Forex;EURAUD;11_SIGNAL_ONLY;SELL;MULTI;16;354816000;FAST_GENETIC;682757463;HIGH_RISK_RESEARCH;01_Forex/EURAUD/11_SIGNAL_ONLY/SELL_MULTI.set;BDD17E76BB48AFB9D725964BFA8A5632F02A6A6000D628B364B7CB8105C820ED
01_Forex;EURAUD;11_SIGNAL_ONLY;SELL;ICHIMOKU;15;7741440;FAST_GENETIC;653909843;HIGH_RISK_RESEARCH;01_Forex/EURAUD/11_SIGNAL_ONLY/SELL_ICHIMOKU.set;90941C13A98B7696E722951D9A8DE6A06B90B4F5260D9390F741AB8BEDE66270
01_Forex;EURCAD;01_SLTP;BUY;MULTI;19;398103552000;FAST_GENETIC;620352577;RESEARCH;01_Forex/EURCAD/01_SLTP/BUY_MULTI.set;640AE848E4F187288814A0ACE1E3E952AF3F258CAAA6B1FA0BE492DF0656088A
01_Forex;EURCAD;01_SLTP;BUY;ICHIMOKU;18;8685895680;FAST_GENETIC;636319590;RESEARCH;01_Forex/EURCAD/01_SLTP/BUY_ICHIMOKU.set;FB47F39998708E10CA7CFED3A56A708B22F01D69D2BBD97D8B0D2ACB3817118B
01_Forex;EURCAD;01_SLTP;SELL;MULTI;19;398103552000;FAST_GENETIC;636774050;RESEARCH;01_Forex/EURCAD/01_SLTP/SELL_MULTI.set;C56E85F0B451F5F16A1E5DC9ECA2669DFD8D2016E22F2B32EA6367094D96DEE0
01_Forex;EURCAD;01_SLTP;SELL;ICHIMOKU;18;8685895680;FAST_GENETIC;616146452;RESEARCH;01_Forex/EURCAD/01_SLTP/SELL_ICHIMOKU.set;0ED21FDA6AFED5D4ED935F68D4A430D2A180EC62267D262230D1F7E89DE2ABE8
01_Forex;EURCAD;02_SLTP_ORGANIC;BUY;MULTI;19;398103552000;FAST_GENETIC;629009063;RESEARCH;01_Forex/EURCAD/02_SLTP_ORGANIC/BUY_MULTI.set;FCE31890810952F785858D8BA469A5070874409B42ED308E7CB016EA5B88D464
01_Forex;EURCAD;02_SLTP_ORGANIC;BUY;ICHIMOKU;18;8685895680;FAST_GENETIC;650148580;RESEARCH;01_Forex/EURCAD/02_SLTP_ORGANIC/BUY_ICHIMOKU.set;F78D0809A0ED3DDBBA0DCD219C3A3522B4103974008B880605CE1A006F475C80
01_Forex;EURCAD;02_SLTP_ORGANIC;SELL;MULTI;19;398103552000;FAST_GENETIC;619807976;RESEARCH;01_Forex/EURCAD/02_SLTP_ORGANIC/SELL_MULTI.set;878C2230A5C0EBA70700F3C9400B21923B7C800B42A1A5AED24ABDAD421155D2
01_Forex;EURCAD;02_SLTP_ORGANIC;SELL;ICHIMOKU;18;8685895680;FAST_GENETIC;667580215;RESEARCH;01_Forex/EURCAD/02_SLTP_ORGANIC/SELL_ICHIMOKU.set;A9D231E58A223042D2C77A582B8E68F7DE5594D5EF6C9CFF18B52DEC253A67DF
01_Forex;EURCAD;03_TRAIL_ONLY;BUY;MULTI;20;1287982080000;FAST_GENETIC;639812560;RESEARCH;01_Forex/EURCAD/03_TRAIL_ONLY/BUY_MULTI.set;7E676ADB7EF2D24D70842D82C6933B11ED0E6ED3B896220A4E71E14DADCD3492
01_Forex;EURCAD;03_TRAIL_ONLY;BUY;ICHIMOKU;19;28101427200;FAST_GENETIC;673977881;RESEARCH;01_Forex/EURCAD/03_TRAIL_ONLY/BUY_ICHIMOKU.set;D901B0B3446F49407AE3D7CB4AE52CAD380245173D4ACD52B9AA8DF86CB9C01E
01_Forex;EURCAD;03_TRAIL_ONLY;SELL;MULTI;20;1287982080000;FAST_GENETIC;657489169;RESEARCH;01_Forex/EURCAD/03_TRAIL_ONLY/SELL_MULTI.set;3411708308B545941F138890E902C304C9BD195E53C687D6FFC0AED4B72853B9
01_Forex;EURCAD;03_TRAIL_ONLY;SELL;ICHIMOKU;19;28101427200;FAST_GENETIC;613464658;RESEARCH;01_Forex/EURCAD/03_TRAIL_ONLY/SELL_ICHIMOKU.set;7D6D0F6E0CE8A44BA6AB97CA10D583D98465B7C26E62C8794139A33B9E62AF39
01_Forex;EURCAD;04_SLTP_TRAIL;BUY;MULTI;20;4379139072000;FAST_GENETIC;645779738;RESEARCH;01_Forex/EURCAD/04_SLTP_TRAIL/BUY_MULTI.set;8B2FA22548A2848C4FD4A5A64B926CDDC687E8B406622EC8F6C68143E6ACBEF7
01_Forex;EURCAD;04_SLTP_TRAIL;BUY;ICHIMOKU;19;95544852480;FAST_GENETIC;675257419;RESEARCH;01_Forex/EURCAD/04_SLTP_TRAIL/BUY_ICHIMOKU.set;A1137879D3B3753381BA9C2F8CB69F0103389ABF9792F35278EA247C03ED1580
01_Forex;EURCAD;04_SLTP_TRAIL;SELL;MULTI;20;4379139072000;FAST_GENETIC;635480314;RESEARCH;01_Forex/EURCAD/04_SLTP_TRAIL/SELL_MULTI.set;2BDAE9957261B1DB17F8F5531BA17D32655D3BD5F95FCF864931B5DBFC0FD528
01_Forex;EURCAD;04_SLTP_TRAIL;SELL;ICHIMOKU;19;95544852480;FAST_GENETIC;670328090;RESEARCH;01_Forex/EURCAD/04_SLTP_TRAIL/SELL_ICHIMOKU.set;1D7808275E1D53D785F06B63FAE115BD519C2FFE031F6942D58657C9535E656F
01_Forex;EURCAD;05_BE_TRAIL;BUY;MULTI;19;643991040000;FAST_GENETIC;688758379;RESEARCH;01_Forex/EURCAD/05_BE_TRAIL/BUY_MULTI.set;B9C1ECE9DC4FD07812D9121E648DDC8D27A1A6519E28D1B7FA684DA9D69B57F9
01_Forex;EURCAD;05_BE_TRAIL;BUY;ICHIMOKU;18;14050713600;FAST_GENETIC;686951482;RESEARCH;01_Forex/EURCAD/05_BE_TRAIL/BUY_ICHIMOKU.set;FD4207C707B9F6ECF93418A6FCEAAB694FF69D9FB6A89224301AE866CF77650E
01_Forex;EURCAD;05_BE_TRAIL;SELL;MULTI;19;643991040000;FAST_GENETIC;691047948;RESEARCH;01_Forex/EURCAD/05_BE_TRAIL/SELL_MULTI.set;2D8051216BAB4D9E1BD68DBEC82CC87F3EFBEA58401315452AF6273B9F458503
01_Forex;EURCAD;05_BE_TRAIL;SELL;ICHIMOKU;18;14050713600;FAST_GENETIC;668307772;RESEARCH;01_Forex/EURCAD/05_BE_TRAIL/SELL_ICHIMOKU.set;DFA9EBA09584D1CA36E45EFDF7B91BA0BC4C977DDB36FF8BA5FC6D7A194C1D1C
01_Forex;EURCAD;06_REVERSAL_EXIT;BUY;MULTI;21;1030385664000;FAST_GENETIC;679855468;RESEARCH;01_Forex/EURCAD/06_REVERSAL_EXIT/BUY_MULTI.set;CAE2B2D4D75530658BEA020884C93B9FB75D4033C3FF03597EB8C880D77B5E8A
01_Forex;EURCAD;06_REVERSAL_EXIT;BUY;ICHIMOKU;20;22481141760;FAST_GENETIC;616587315;RESEARCH;01_Forex/EURCAD/06_REVERSAL_EXIT/BUY_ICHIMOKU.set;A2B62A2B4E7AC7964FCAEB50871C48CBF573F0BF9833593FD1BE634BBA45C448
01_Forex;EURCAD;06_REVERSAL_EXIT;SELL;MULTI;21;1030385664000;FAST_GENETIC;635015298;RESEARCH;01_Forex/EURCAD/06_REVERSAL_EXIT/SELL_MULTI.set;8115CEFF97BF3EF1C684EB7BB0AA7063FD6F217D9FCB5F7735F7EAD3A27F876C
01_Forex;EURCAD;06_REVERSAL_EXIT;SELL;ICHIMOKU;20;22481141760;FAST_GENETIC;666567539;RESEARCH;01_Forex/EURCAD/06_REVERSAL_EXIT/SELL_ICHIMOKU.set;BD2E8E981439C6ABF53E0A1100934B03B58EEC4CB1A3808A4A7C75DE89A4EEFE
01_Forex;EURCAD;07_GRID_SEPARATE;BUY;MULTI;20;2442908160000;FAST_GENETIC;694242923;HEDGE_ACCOUNT_REQUIRED;01_Forex/EURCAD/07_GRID_SEPARATE/BUY_MULTI.set;E2B86FF8647AF7E4182A29DE98DDBB9C08309555DF1B5E073F13BAF16F70B2CB
01_Forex;EURCAD;07_GRID_SEPARATE;BUY;ICHIMOKU;19;53299814400;FAST_GENETIC;649793035;HEDGE_ACCOUNT_REQUIRED;01_Forex/EURCAD/07_GRID_SEPARATE/BUY_ICHIMOKU.set;C1A07A94A6E2F554F5DF213E9073522A25BC90025EA72A2A47E91E1CF0BADE28
01_Forex;EURCAD;07_GRID_SEPARATE;SELL;MULTI;20;2442908160000;FAST_GENETIC;651991928;HEDGE_ACCOUNT_REQUIRED;01_Forex/EURCAD/07_GRID_SEPARATE/SELL_MULTI.set;079C782F1DB8EE0F3F5C816495FF931EFE47E8278FDAD1878123522D18815FAB
01_Forex;EURCAD;07_GRID_SEPARATE;SELL;ICHIMOKU;19;53299814400;FAST_GENETIC;684524548;HEDGE_ACCOUNT_REQUIRED;01_Forex/EURCAD/07_GRID_SEPARATE/SELL_ICHIMOKU.set;B542D58641D41FDFEF2CB61F12BAB422F435A0F6648EF9839A4B11532D51DC12
01_Forex;EURCAD;08_GRID_UNIFIED;BOTH;MULTI;21;12214540800000;FAST_GENETIC;641707466;HEDGE_ACCOUNT_REQUIRED;01_Forex/EURCAD/08_GRID_UNIFIED/BOTH_MULTI.set;5C12645B6773A98C2E3F5AE91585F804834D6D8C2A09CAEAD05F807ECF2BED4E
01_Forex;EURCAD;08_GRID_UNIFIED;BOTH;ICHIMOKU;20;266499072000;FAST_GENETIC;681025372;HEDGE_ACCOUNT_REQUIRED;01_Forex/EURCAD/08_GRID_UNIFIED/BOTH_ICHIMOKU.set;13280F1821724553C33D54F2B99A8604F936E164C30874ABF1892F8AD820BDB5
01_Forex;EURCAD;09_MARTINGALE;BUY;MULTI;21;11146899456000;FAST_GENETIC;691099254;HIGH_RISK;01_Forex/EURCAD/09_MARTINGALE/BUY_MULTI.set;EC8B4D2A64B536A16769006748EC35EBE767E6FA8955D7A6D9AE1D6969648E0E
01_Forex;EURCAD;09_MARTINGALE;BUY;ICHIMOKU;20;243205079040;FAST_GENETIC;687702204;HIGH_RISK;01_Forex/EURCAD/09_MARTINGALE/BUY_ICHIMOKU.set;0DCD40E1C10CF8129D3DDE42EEF2D2C61DB7C77DA499149C282668286573B883
01_Forex;EURCAD;09_MARTINGALE;SELL;MULTI;21;11146899456000;FAST_GENETIC;687171031;HIGH_RISK;01_Forex/EURCAD/09_MARTINGALE/SELL_MULTI.set;5725AA36068F7F6EB9F1BC8FFBBB5EEE1884A342F8FC2CF70013ED237D4970B9
01_Forex;EURCAD;09_MARTINGALE;SELL;ICHIMOKU;20;243205079040;FAST_GENETIC;662598392;HIGH_RISK;01_Forex/EURCAD/09_MARTINGALE/SELL_ICHIMOKU.set;3B71395261EEEFBD5D4B149D33A8C9E4C518EC5D7459BE26B504C86E8520B349
01_Forex;EURCAD;10_DALEMBERT;BUY;MULTI;21;7962071040000;FAST_GENETIC;639291897;HIGH_RISK;01_Forex/EURCAD/10_DALEMBERT/BUY_MULTI.set;2107CAAADA6AD6A0D3C6BB8165ECDCC55D7A123AAAAC5B2BB7CB787772CC6D74
01_Forex;EURCAD;10_DALEMBERT;BUY;ICHIMOKU;20;173717913600;FAST_GENETIC;632962327;HIGH_RISK;01_Forex/EURCAD/10_DALEMBERT/BUY_ICHIMOKU.set;07E014B3CD0A8FBDADA7EF7FF965C803940F3C010261AE492DFD3D726AFCD1C1
01_Forex;EURCAD;10_DALEMBERT;SELL;MULTI;21;7962071040000;FAST_GENETIC;656907183;HIGH_RISK;01_Forex/EURCAD/10_DALEMBERT/SELL_MULTI.set;B6340EB7C7D5CBB79FA932D9734D69ABD7D9489B23E7D49E271BF93B8D508015
01_Forex;EURCAD;10_DALEMBERT;SELL;ICHIMOKU;20;173717913600;FAST_GENETIC;652541261;HIGH_RISK;01_Forex/EURCAD/10_DALEMBERT/SELL_ICHIMOKU.set;3A00D64F6D28DBA16054C72ECE08A74D625A44FA75300550F77C2FE9E1EBEB1E
01_Forex;EURCAD;11_SIGNAL_ONLY;BUY;MULTI;16;354816000;FAST_GENETIC;687897510;HIGH_RISK_RESEARCH;01_Forex/EURCAD/11_SIGNAL_ONLY/BUY_MULTI.set;3C6FF619D18F3D7AC44E3712B2B95CAE80F6549091B670FAD2B517A4D3FDEE7D
01_Forex;EURCAD;11_SIGNAL_ONLY;BUY;ICHIMOKU;15;7741440;FAST_GENETIC;697056167;HIGH_RISK_RESEARCH;01_Forex/EURCAD/11_SIGNAL_ONLY/BUY_ICHIMOKU.set;24520DDBCF52515DA87DA017D486F506BD399FB72CCB3E9D67E0203A2F1E67FA
01_Forex;EURCAD;11_SIGNAL_ONLY;SELL;MULTI;16;354816000;FAST_GENETIC;612617182;HIGH_RISK_RESEARCH;01_Forex/EURCAD/11_SIGNAL_ONLY/SELL_MULTI.set;DE503E73E2BFEB0F1BF1A12ADC9F11FA2CE36B1465902F18E184C7535B1D6EF5
01_Forex;EURCAD;11_SIGNAL_ONLY;SELL;ICHIMOKU;15;7741440;FAST_GENETIC;642341442;HIGH_RISK_RESEARCH;01_Forex/EURCAD/11_SIGNAL_ONLY/SELL_ICHIMOKU.set;C015DCF9B5551599FA84B9CD192BC8A8598E248991F520B23E983081DA519AB2
01_Forex;EURCHF;01_SLTP;BUY;MULTI;19;398103552000;FAST_GENETIC;662901878;RESEARCH;01_Forex/EURCHF/01_SLTP/BUY_MULTI.set;31D4A3833E6DFD1B822DB165480354CBB04C10FEE7C84E4A22F143FB63257645
01_Forex;EURCHF;01_SLTP;BUY;ICHIMOKU;18;8685895680;FAST_GENETIC;653419492;RESEARCH;01_Forex/EURCHF/01_SLTP/BUY_ICHIMOKU.set;BD432015D4EAEFD6A77A495A08D256F8EB5757A03C1FE99955010F7FEF9062BF
01_Forex;EURCHF;01_SLTP;SELL;MULTI;19;398103552000;FAST_GENETIC;685955874;RESEARCH;01_Forex/EURCHF/01_SLTP/SELL_MULTI.set;3EF67A50F30E8B948140B9A72F12C2A121CEEBB5C312882E634A097214B44C0F
01_Forex;EURCHF;01_SLTP;SELL;ICHIMOKU;18;8685895680;FAST_GENETIC;695094872;RESEARCH;01_Forex/EURCHF/01_SLTP/SELL_ICHIMOKU.set;FCD8F9D2012D2DF239640365BE917927327F3062CD622CAEA9C7529277718F7F
01_Forex;EURCHF;02_SLTP_ORGANIC;BUY;MULTI;19;398103552000;FAST_GENETIC;614431635;RESEARCH;01_Forex/EURCHF/02_SLTP_ORGANIC/BUY_MULTI.set;BF83082EBFC8E4D58EE729FDCAFEE8EE6D80AB4196D05B63754DC958915614F3
01_Forex;EURCHF;02_SLTP_ORGANIC;BUY;ICHIMOKU;18;8685895680;FAST_GENETIC;645839408;RESEARCH;01_Forex/EURCHF/02_SLTP_ORGANIC/BUY_ICHIMOKU.set;08EB81A32CB67D1FC88D23C71D84E5092E2F8893A25C681C2187121B418DB24E
01_Forex;EURCHF;02_SLTP_ORGANIC;SELL;MULTI;19;398103552000;FAST_GENETIC;621782979;RESEARCH;01_Forex/EURCHF/02_SLTP_ORGANIC/SELL_MULTI.set;9DF6568D1940E819940A1D9CA3BD87982BC9A2B0E97A533DAC74986A091DF576
01_Forex;EURCHF;02_SLTP_ORGANIC;SELL;ICHIMOKU;18;8685895680;FAST_GENETIC;624835626;RESEARCH;01_Forex/EURCHF/02_SLTP_ORGANIC/SELL_ICHIMOKU.set;8B0134D1534CFAB7A6624FC28E6B2313BA9D4A550E05C64846E1D18B07020D20
01_Forex;EURCHF;03_TRAIL_ONLY;BUY;MULTI;20;1287982080000;FAST_GENETIC;697045014;RESEARCH;01_Forex/EURCHF/03_TRAIL_ONLY/BUY_MULTI.set;1937F80B119F5D7FDA0AEFA3BB1EEB151A1EE06F799C91C74689AFE64A775975
01_Forex;EURCHF;03_TRAIL_ONLY;BUY;ICHIMOKU;19;28101427200;FAST_GENETIC;631925484;RESEARCH;01_Forex/EURCHF/03_TRAIL_ONLY/BUY_ICHIMOKU.set;A0CD58C2A4D45D41155593E8B41F24E2842FB490311C3B38C4BA41EA69FC7C3B
01_Forex;EURCHF;03_TRAIL_ONLY;SELL;MULTI;20;1287982080000;FAST_GENETIC;686748689;RESEARCH;01_Forex/EURCHF/03_TRAIL_ONLY/SELL_MULTI.set;4F2BBE79BC1914506C6C4BFA0A3AEAE80541D129F0F6B2237A3187F40D64C8C8
01_Forex;EURCHF;03_TRAIL_ONLY;SELL;ICHIMOKU;19;28101427200;FAST_GENETIC;699227501;RESEARCH;01_Forex/EURCHF/03_TRAIL_ONLY/SELL_ICHIMOKU.set;71ECD170CB5E657DD7986386C1A41257AD41B9CAD73C9FA9A14A1028340A9E91
01_Forex;EURCHF;04_SLTP_TRAIL;BUY;MULTI;20;4379139072000;FAST_GENETIC;645730671;RESEARCH;01_Forex/EURCHF/04_SLTP_TRAIL/BUY_MULTI.set;D5586EB7354EB2B76C74536B75D975E878B7207792F85F1A1B2657337B1604DE
01_Forex;EURCHF;04_SLTP_TRAIL;BUY;ICHIMOKU;19;95544852480;FAST_GENETIC;654631257;RESEARCH;01_Forex/EURCHF/04_SLTP_TRAIL/BUY_ICHIMOKU.set;B607CD3748A071FA9DC4F28E099F6725F3812D53081B93B9E9A25546BDBCC6D4
01_Forex;EURCHF;04_SLTP_TRAIL;SELL;MULTI;20;4379139072000;FAST_GENETIC;646722819;RESEARCH;01_Forex/EURCHF/04_SLTP_TRAIL/SELL_MULTI.set;7291674FF64E102C5A4D79F48B0D0F4806014050CD1762EF3C72B827D26EFEB9
01_Forex;EURCHF;04_SLTP_TRAIL;SELL;ICHIMOKU;19;95544852480;FAST_GENETIC;630516150;RESEARCH;01_Forex/EURCHF/04_SLTP_TRAIL/SELL_ICHIMOKU.set;8B5A8E8C0EC2AA5BC86A648CC65A35B34606189A1FBFBC3909034AEE11356E7E
01_Forex;EURCHF;05_BE_TRAIL;BUY;MULTI;19;643991040000;FAST_GENETIC;669684160;RESEARCH;01_Forex/EURCHF/05_BE_TRAIL/BUY_MULTI.set;1EC9C7C7044856F4293E1EC009DF05C82182D47968BDDDE9433D9869B41C0B2D
01_Forex;EURCHF;05_BE_TRAIL;BUY;ICHIMOKU;18;14050713600;FAST_GENETIC;640652514;RESEARCH;01_Forex/EURCHF/05_BE_TRAIL/BUY_ICHIMOKU.set;DDB5ACB2AAC8193EE6748DD65ECE57D1698164146A84C106C68B63FBDE4917E0
01_Forex;EURCHF;05_BE_TRAIL;SELL;MULTI;19;643991040000;FAST_GENETIC;623805718;RESEARCH;01_Forex/EURCHF/05_BE_TRAIL/SELL_MULTI.set;58807663DBC0BAFAD2CBCC6E985793BEB6F6B2DC92875A60BA13B1AA5698AE98
01_Forex;EURCHF;05_BE_TRAIL;SELL;ICHIMOKU;18;14050713600;FAST_GENETIC;679382753;RESEARCH;01_Forex/EURCHF/05_BE_TRAIL/SELL_ICHIMOKU.set;473574E15FFDF0917751BC5EEA29BFC66EE625FDED0C509FB2560A95D7277BF2
01_Forex;EURCHF;06_REVERSAL_EXIT;BUY;MULTI;21;1030385664000;FAST_GENETIC;624224446;RESEARCH;01_Forex/EURCHF/06_REVERSAL_EXIT/BUY_MULTI.set;BAC14AD6BAC10EA01E1C560FA72DA1A4B19C529FE997057D208C222A15ACA57F
01_Forex;EURCHF;06_REVERSAL_EXIT;BUY;ICHIMOKU;20;22481141760;FAST_GENETIC;680631842;RESEARCH;01_Forex/EURCHF/06_REVERSAL_EXIT/BUY_ICHIMOKU.set;685A9D824BD3626D2A2D2FB9F461021095197C1C8A815AA12C891B4DDAF07B73
01_Forex;EURCHF;06_REVERSAL_EXIT;SELL;MULTI;21;1030385664000;FAST_GENETIC;638870048;RESEARCH;01_Forex/EURCHF/06_REVERSAL_EXIT/SELL_MULTI.set;5EF61EDC4FA083656828159392D43961E41BBBBD384B9946D78D868886A15C00
01_Forex;EURCHF;06_REVERSAL_EXIT;SELL;ICHIMOKU;20;22481141760;FAST_GENETIC;648495764;RESEARCH;01_Forex/EURCHF/06_REVERSAL_EXIT/SELL_ICHIMOKU.set;0387DEE4CEFAA75302525AACA6F0607FC97ED37867BEB176FB60F1294ABA4950
01_Forex;EURCHF;07_GRID_SEPARATE;BUY;MULTI;20;2442908160000;FAST_GENETIC;644239668;HEDGE_ACCOUNT_REQUIRED;01_Forex/EURCHF/07_GRID_SEPARATE/BUY_MULTI.set;DE71AE758AE21D24BA4C5DA471447D501F4B7621A9726F0E1B929794D62AB38A
01_Forex;EURCHF;07_GRID_SEPARATE;BUY;ICHIMOKU;19;53299814400;FAST_GENETIC;655486328;HEDGE_ACCOUNT_REQUIRED;01_Forex/EURCHF/07_GRID_SEPARATE/BUY_ICHIMOKU.set;3CF5FA416C8AB9867BBAE3EEA99AAA44B0C7D0BB584CF48A6559FAAD131714F1
01_Forex;EURCHF;07_GRID_SEPARATE;SELL;MULTI;20;2442908160000;FAST_GENETIC;669104042;HEDGE_ACCOUNT_REQUIRED;01_Forex/EURCHF/07_GRID_SEPARATE/SELL_MULTI.set;8A76256B31EF67AEE6272E7ED4621902F1669D440E44094C48AAABF75093A104
01_Forex;EURCHF;07_GRID_SEPARATE;SELL;ICHIMOKU;19;53299814400;FAST_GENETIC;675563409;HEDGE_ACCOUNT_REQUIRED;01_Forex/EURCHF/07_GRID_SEPARATE/SELL_ICHIMOKU.set;92D4549FC3BA8A2FB1271860A7930E80B2DD05615591FE95287009F287FC37EA
01_Forex;EURCHF;08_GRID_UNIFIED;BOTH;MULTI;21;12214540800000;FAST_GENETIC;645032407;HEDGE_ACCOUNT_REQUIRED;01_Forex/EURCHF/08_GRID_UNIFIED/BOTH_MULTI.set;C6F6C26935BF27EADF903E1BAFB8F10EF42A9B5753CC6320C211A258B7A0A815
01_Forex;EURCHF;08_GRID_UNIFIED;BOTH;ICHIMOKU;20;266499072000;FAST_GENETIC;661097215;HEDGE_ACCOUNT_REQUIRED;01_Forex/EURCHF/08_GRID_UNIFIED/BOTH_ICHIMOKU.set;3A8DA84A2641D904C673DDB874412C3A33240A17C6775290D89C64BB8F044791
01_Forex;EURCHF;09_MARTINGALE;BUY;MULTI;21;11146899456000;FAST_GENETIC;684334138;HIGH_RISK;01_Forex/EURCHF/09_MARTINGALE/BUY_MULTI.set;627D1D31FA8489FB744278242510D1454E1451DF8F1C81C61EF203AB62ECDB25
01_Forex;EURCHF;09_MARTINGALE;BUY;ICHIMOKU;20;243205079040;FAST_GENETIC;679778375;HIGH_RISK;01_Forex/EURCHF/09_MARTINGALE/BUY_ICHIMOKU.set;5D87A9E43A3E28D55207051F02B8293F0D3C4511052E6963E48377B169432CEF
01_Forex;EURCHF;09_MARTINGALE;SELL;MULTI;21;11146899456000;FAST_GENETIC;642547448;HIGH_RISK;01_Forex/EURCHF/09_MARTINGALE/SELL_MULTI.set;DD6EF6C03FC8DC9233D239D6321839BA92347AC7020B9202EC7684E01B2B1016
01_Forex;EURCHF;09_MARTINGALE;SELL;ICHIMOKU;20;243205079040;FAST_GENETIC;612221948;HIGH_RISK;01_Forex/EURCHF/09_MARTINGALE/SELL_ICHIMOKU.set;DD01E912DD58440FF099BE99BCF73D36AFDCB1817206FC307B10DA515975F2E8
01_Forex;EURCHF;10_DALEMBERT;BUY;MULTI;21;7962071040000;FAST_GENETIC;637889266;HIGH_RISK;01_Forex/EURCHF/10_DALEMBERT/BUY_MULTI.set;2168A41DF3CEBE1DDFF156C14039408680FA75A4915D910559F369FF5B39A969
01_Forex;EURCHF;10_DALEMBERT;BUY;ICHIMOKU;20;173717913600;FAST_GENETIC;670588841;HIGH_RISK;01_Forex/EURCHF/10_DALEMBERT/BUY_ICHIMOKU.set;9A192F95E726922A01120128DE88E13D8E92FC678FF2A90E1A8C47D82C875496
01_Forex;EURCHF;10_DALEMBERT;SELL;MULTI;21;7962071040000;FAST_GENETIC;612869225;HIGH_RISK;01_Forex/EURCHF/10_DALEMBERT/SELL_MULTI.set;2D82520449461C6A47A4E0827330206AE8CF2844237B23DB65B31A316E85FB05
01_Forex;EURCHF;10_DALEMBERT;SELL;ICHIMOKU;20;173717913600;FAST_GENETIC;694080704;HIGH_RISK;01_Forex/EURCHF/10_DALEMBERT/SELL_ICHIMOKU.set;B0DC6AFF6D44E793028DA2A476662975B414A13729274B042FE0693A8D36DF86
01_Forex;EURCHF;11_SIGNAL_ONLY;BUY;MULTI;16;354816000;FAST_GENETIC;614114946;HIGH_RISK_RESEARCH;01_Forex/EURCHF/11_SIGNAL_ONLY/BUY_MULTI.set;7CFEBAAE0C0780864AA587064D5B6E5CC9AAC58127BCBF0B6E2445329A389AA6
01_Forex;EURCHF;11_SIGNAL_ONLY;BUY;ICHIMOKU;15;7741440;FAST_GENETIC;658707969;HIGH_RISK_RESEARCH;01_Forex/EURCHF/11_SIGNAL_ONLY/BUY_ICHIMOKU.set;CD4949CFC5C26D808555CB33150FFB82C66DCEE8B0A9BD07E41206115A5541D4
01_Forex;EURCHF;11_SIGNAL_ONLY;SELL;MULTI;16;354816000;FAST_GENETIC;677135054;HIGH_RISK_RESEARCH;01_Forex/EURCHF/11_SIGNAL_ONLY/SELL_MULTI.set;249F758BFCFA9CD746DB2E87C4B662202809BDEAA53334761B94A47092ACFDFE
01_Forex;EURCHF;11_SIGNAL_ONLY;SELL;ICHIMOKU;15;7741440;FAST_GENETIC;634112445;HIGH_RISK_RESEARCH;01_Forex/EURCHF/11_SIGNAL_ONLY/SELL_ICHIMOKU.set;B7DE589B0EA1071D6FD3E4C32F0ABB8EDBAD8084AA88996155B8971C413CD3D9
01_Forex;EURGBP;01_SLTP;BUY;MULTI;19;398103552000;FAST_GENETIC;682761854;RESEARCH;01_Forex/EURGBP/01_SLTP/BUY_MULTI.set;F9C359CF9B3CBBAACD426327609DB87B42910C98404849F2BC35F55FEB4C1453
01_Forex;EURGBP;01_SLTP;BUY;ICHIMOKU;18;8685895680;FAST_GENETIC;660433152;RESEARCH;01_Forex/EURGBP/01_SLTP/BUY_ICHIMOKU.set;B72AA0B53D168986AAC4FE06237B9051C2F41CB23AF941E91C8F11B0D3BC9204
01_Forex;EURGBP;01_SLTP;SELL;MULTI;19;398103552000;FAST_GENETIC;655073649;RESEARCH;01_Forex/EURGBP/01_SLTP/SELL_MULTI.set;9E5C84BE99C99746A3D82F67BC49E2C485C40620ED2CD8CA0EF4DC1D93C59B4B
01_Forex;EURGBP;01_SLTP;SELL;ICHIMOKU;18;8685895680;FAST_GENETIC;633644816;RESEARCH;01_Forex/EURGBP/01_SLTP/SELL_ICHIMOKU.set;502D51ACBF00CE55A93A179649D5A5161524C2E3BDA6A4BB7312018A089AEF6E
01_Forex;EURGBP;02_SLTP_ORGANIC;BUY;MULTI;19;398103552000;FAST_GENETIC;642910479;RESEARCH;01_Forex/EURGBP/02_SLTP_ORGANIC/BUY_MULTI.set;1F8B4C0AD66CA383B5C51D307BB3551A5D95B5726F1C7232B781CFF4CAFB5A86
01_Forex;EURGBP;02_SLTP_ORGANIC;BUY;ICHIMOKU;18;8685895680;FAST_GENETIC;655553206;RESEARCH;01_Forex/EURGBP/02_SLTP_ORGANIC/BUY_ICHIMOKU.set;0AC8A618C62C35DBA84779B7671A3AC4A09EE56D44334D36AC22DB6BA941040E
01_Forex;EURGBP;02_SLTP_ORGANIC;SELL;MULTI;19;398103552000;FAST_GENETIC;689578802;RESEARCH;01_Forex/EURGBP/02_SLTP_ORGANIC/SELL_MULTI.set;0F975BF115DA4A24423F3303D120D09332E2EBA3A846C45A1649E840B68F5E1B
01_Forex;EURGBP;02_SLTP_ORGANIC;SELL;ICHIMOKU;18;8685895680;FAST_GENETIC;687852539;RESEARCH;01_Forex/EURGBP/02_SLTP_ORGANIC/SELL_ICHIMOKU.set;701DF3885A2D88B799126E0B6AE8DCBDCE34B5BF96F4AF9830EAA01D874ECF79
01_Forex;EURGBP;03_TRAIL_ONLY;BUY;MULTI;20;1287982080000;FAST_GENETIC;616703910;RESEARCH;01_Forex/EURGBP/03_TRAIL_ONLY/BUY_MULTI.set;471C6492E5B9C3002A63A504331636AD27A26896D35984939C7F10A427239AAF
01_Forex;EURGBP;03_TRAIL_ONLY;BUY;ICHIMOKU;19;28101427200;FAST_GENETIC;624750937;RESEARCH;01_Forex/EURGBP/03_TRAIL_ONLY/BUY_ICHIMOKU.set;B063B3811F9D0FE53DB4D3C4844BB34AAB833FA83B144BF05927EF65A1D9E39D
01_Forex;EURGBP;03_TRAIL_ONLY;SELL;MULTI;20;1287982080000;FAST_GENETIC;693513760;RESEARCH;01_Forex/EURGBP/03_TRAIL_ONLY/SELL_MULTI.set;9B7A8CD801A28352267070ABBB81C51AE1EBEEA630B7ED9F3C3F26938E84C883
01_Forex;EURGBP;03_TRAIL_ONLY;SELL;ICHIMOKU;19;28101427200;FAST_GENETIC;615566995;RESEARCH;01_Forex/EURGBP/03_TRAIL_ONLY/SELL_ICHIMOKU.set;571C8A06BE3ECA54F22A5A7FBF04F09A4FCDAE094E7BC30DA1FE0DD6C940302E
01_Forex;EURGBP;04_SLTP_TRAIL;BUY;MULTI;20;4379139072000;FAST_GENETIC;664445640;RESEARCH;01_Forex/EURGBP/04_SLTP_TRAIL/BUY_MULTI.set;52561CCAE66BF08BF18DF6744AEF18761304B76383DCE2B0179AB8D6DE60FE77
01_Forex;EURGBP;04_SLTP_TRAIL;BUY;ICHIMOKU;19;95544852480;FAST_GENETIC;674597925;RESEARCH;01_Forex/EURGBP/04_SLTP_TRAIL/BUY_ICHIMOKU.set;AB4145881AD89262D474B1E1EC76AEC0E304DA927321129DDBAFCBD41BCDC4DE
01_Forex;EURGBP;04_SLTP_TRAIL;SELL;MULTI;20;4379139072000;FAST_GENETIC;625901151;RESEARCH;01_Forex/EURGBP/04_SLTP_TRAIL/SELL_MULTI.set;530BEF34698A7E788C7BB0EAD3AAE89D4BB128312CF8C7554E3C7089D360F05A
01_Forex;EURGBP;04_SLTP_TRAIL;SELL;ICHIMOKU;19;95544852480;FAST_GENETIC;636697517;RESEARCH;01_Forex/EURGBP/04_SLTP_TRAIL/SELL_ICHIMOKU.set;A72352D374E32FF626B39013FB5BC47D935283E88F7CFE993CD39F93387B1E89
01_Forex;EURGBP;05_BE_TRAIL;BUY;MULTI;19;643991040000;FAST_GENETIC;653292255;RESEARCH;01_Forex/EURGBP/05_BE_TRAIL/BUY_MULTI.set;D65F1AAE6DDFCB8133562BBEFE1504A1E90798302A0D504437D8AE795E8AAC0A
01_Forex;EURGBP;05_BE_TRAIL;BUY;ICHIMOKU;18;14050713600;FAST_GENETIC;675394602;RESEARCH;01_Forex/EURGBP/05_BE_TRAIL/BUY_ICHIMOKU.set;52347EE3D90C9F90CA0D9EFA1F531B0CFA0B2D4A1E4A845FD2E06A943351E9D4
01_Forex;EURGBP;05_BE_TRAIL;SELL;MULTI;19;643991040000;FAST_GENETIC;690757341;RESEARCH;01_Forex/EURGBP/05_BE_TRAIL/SELL_MULTI.set;E3E2475488493B52BE365272DCEAD3DE16923E0A73F2D671A31311C6CCF1DAD6
01_Forex;EURGBP;05_BE_TRAIL;SELL;ICHIMOKU;18;14050713600;FAST_GENETIC;662515771;RESEARCH;01_Forex/EURGBP/05_BE_TRAIL/SELL_ICHIMOKU.set;483002D98D00F3E29812E86EB2743580C8F4F26930B91CE29E3CFFC5835E9AE8
01_Forex;EURGBP;06_REVERSAL_EXIT;BUY;MULTI;21;1030385664000;FAST_GENETIC;693613488;RESEARCH;01_Forex/EURGBP/06_REVERSAL_EXIT/BUY_MULTI.set;177540474D31338BD8D4BDC5E2AE73E99AC46E108ECBDC7EE05F64A6C84A5ADE
01_Forex;EURGBP;06_REVERSAL_EXIT;BUY;ICHIMOKU;20;22481141760;FAST_GENETIC;658377121;RESEARCH;01_Forex/EURGBP/06_REVERSAL_EXIT/BUY_ICHIMOKU.set;14D6638D80F7950D99F4877343E33D627000DA65DB6104AF7F93F17F8CFE246A
01_Forex;EURGBP;06_REVERSAL_EXIT;SELL;MULTI;21;1030385664000;FAST_GENETIC;663458669;RESEARCH;01_Forex/EURGBP/06_REVERSAL_EXIT/SELL_MULTI.set;4755FF2D76C6835A9679C139C28D9298913CEC9748D9E0C7456A1ECD112ED2F5
01_Forex;EURGBP;06_REVERSAL_EXIT;SELL;ICHIMOKU;20;22481141760;FAST_GENETIC;623231465;RESEARCH;01_Forex/EURGBP/06_REVERSAL_EXIT/SELL_ICHIMOKU.set;8EE9EFC237213E210D8A1806AC99F2974C8C6C467E40025043B9FA44618CC7E2
01_Forex;EURGBP;07_GRID_SEPARATE;BUY;MULTI;20;2442908160000;FAST_GENETIC;686153794;HEDGE_ACCOUNT_REQUIRED;01_Forex/EURGBP/07_GRID_SEPARATE/BUY_MULTI.set;A8A1872BFDE25765C23BC1C2FA7803AF2B8D8DABA4D719AC4855786508C1B63B
01_Forex;EURGBP;07_GRID_SEPARATE;BUY;ICHIMOKU;19;53299814400;FAST_GENETIC;690026199;HEDGE_ACCOUNT_REQUIRED;01_Forex/EURGBP/07_GRID_SEPARATE/BUY_ICHIMOKU.set;8AC357C2E69724A2179C93B6506E98340B16CAF7FF6380C8A86D735423107E55
01_Forex;EURGBP;07_GRID_SEPARATE;SELL;MULTI;20;2442908160000;FAST_GENETIC;667551934;HEDGE_ACCOUNT_REQUIRED;01_Forex/EURGBP/07_GRID_SEPARATE/SELL_MULTI.set;E70355E98D68BF53187BB2AE4BE5E2B314C5EB198D62E3C5900D3E65B9981A4A
01_Forex;EURGBP;07_GRID_SEPARATE;SELL;ICHIMOKU;19;53299814400;FAST_GENETIC;674689459;HEDGE_ACCOUNT_REQUIRED;01_Forex/EURGBP/07_GRID_SEPARATE/SELL_ICHIMOKU.set;A072BA8CAC3D85C19E1A453D3EF3E85B2832970953F15EDDC3C58B4402E890FF
01_Forex;EURGBP;08_GRID_UNIFIED;BOTH;MULTI;21;12214540800000;FAST_GENETIC;672051193;HEDGE_ACCOUNT_REQUIRED;01_Forex/EURGBP/08_GRID_UNIFIED/BOTH_MULTI.set;CBF09023632A54B1838BC9F767A8B0CBE97125CAA2EE9F2BF6774EF49F48A286
01_Forex;EURGBP;08_GRID_UNIFIED;BOTH;ICHIMOKU;20;266499072000;FAST_GENETIC;688686022;HEDGE_ACCOUNT_REQUIRED;01_Forex/EURGBP/08_GRID_UNIFIED/BOTH_ICHIMOKU.set;82266E7BA1A0F1F026FB03A02AF2C1E046DA61148D8CB0B0ADBF62CB8FAE90F2
01_Forex;EURGBP;09_MARTINGALE;BUY;MULTI;21;11146899456000;FAST_GENETIC;617883073;HIGH_RISK;01_Forex/EURGBP/09_MARTINGALE/BUY_MULTI.set;105B4981C4C4647F853A879F7FCD3FE5E12710EC754B879E0C7EAFB5975E9E82
01_Forex;EURGBP;09_MARTINGALE;BUY;ICHIMOKU;20;243205079040;FAST_GENETIC;658286432;HIGH_RISK;01_Forex/EURGBP/09_MARTINGALE/BUY_ICHIMOKU.set;7688E1B6532A9EC82FA1A904EEC66432F9DB5E98F9EE297176EBD44D8705A452
01_Forex;EURGBP;09_MARTINGALE;SELL;MULTI;21;11146899456000;FAST_GENETIC;625195511;HIGH_RISK;01_Forex/EURGBP/09_MARTINGALE/SELL_MULTI.set;9939D7A188A760BB671CC72E3A4F6F3070EB2A3B36ADF2975178661730DD9CC3
01_Forex;EURGBP;09_MARTINGALE;SELL;ICHIMOKU;20;243205079040;FAST_GENETIC;615427404;HIGH_RISK;01_Forex/EURGBP/09_MARTINGALE/SELL_ICHIMOKU.set;FBEC506BC6DA557C1DF2CCD188738246CED61EF8EB5E020903047342C58AD602
01_Forex;EURGBP;10_DALEMBERT;BUY;MULTI;21;7962071040000;FAST_GENETIC;692910957;HIGH_RISK;01_Forex/EURGBP/10_DALEMBERT/BUY_MULTI.set;9B5D2EC2463CDCFC3044C42216812D919070AB7363A0AC60548EDB5F55F5E987
01_Forex;EURGBP;10_DALEMBERT;BUY;ICHIMOKU;20;173717913600;FAST_GENETIC;667594546;HIGH_RISK;01_Forex/EURGBP/10_DALEMBERT/BUY_ICHIMOKU.set;B3E4C3003D47E422706EE22885AE7EE8B6B35BDA857C69CE784F8C358F071ACF
01_Forex;EURGBP;10_DALEMBERT;SELL;MULTI;21;7962071040000;FAST_GENETIC;610581103;HIGH_RISK;01_Forex/EURGBP/10_DALEMBERT/SELL_MULTI.set;67FA10E37A13CCCC8BE3DD7E8BB5D6114F8C5C74BC1EA3131AADE78BD9EF2E89
01_Forex;EURGBP;10_DALEMBERT;SELL;ICHIMOKU;20;173717913600;FAST_GENETIC;634111128;HIGH_RISK;01_Forex/EURGBP/10_DALEMBERT/SELL_ICHIMOKU.set;5827881683F301BDE4A7E3CA2296E93CA50F8EAF00756D0AD3DAA3A7DC157D5A
01_Forex;EURGBP;11_SIGNAL_ONLY;BUY;MULTI;16;354816000;FAST_GENETIC;696976862;HIGH_RISK_RESEARCH;01_Forex/EURGBP/11_SIGNAL_ONLY/BUY_MULTI.set;2B76441EBDBEDF3CF2FC5DE1AC455AD76E6B917F7E3E672A5AF01E7CEDF0A292
01_Forex;EURGBP;11_SIGNAL_ONLY;BUY;ICHIMOKU;15;7741440;FAST_GENETIC;674825789;HIGH_RISK_RESEARCH;01_Forex/EURGBP/11_SIGNAL_ONLY/BUY_ICHIMOKU.set;159EE9C5E1586698F1D507860AFB59D85E512093C4A844EFE6E3DE77643A7765
01_Forex;EURGBP;11_SIGNAL_ONLY;SELL;MULTI;16;354816000;FAST_GENETIC;679787555;HIGH_RISK_RESEARCH;01_Forex/EURGBP/11_SIGNAL_ONLY/SELL_MULTI.set;B1E9D4392731FEF0FC47510FA601C7EDE57DED88778B07BF1DF51B9D242AE81A
01_Forex;EURGBP;11_SIGNAL_ONLY;SELL;ICHIMOKU;15;7741440;FAST_GENETIC;613565996;HIGH_RISK_RESEARCH;01_Forex/EURGBP/11_SIGNAL_ONLY/SELL_ICHIMOKU.set;1F0D66701C93E4DF9F06DB266B2FB3BD230865AE54590B5ECE06613D1C4713A1
01_Forex;EURJPY;01_SLTP;BUY;MULTI;19;398103552000;FAST_GENETIC;652721557;RESEARCH;01_Forex/EURJPY/01_SLTP/BUY_MULTI.set;B68F1895D7805B8DEDD59CDA47621F46F6C68D02B9C964D2CD8AAC7C225B2914
01_Forex;EURJPY;01_SLTP;BUY;ICHIMOKU;18;8685895680;FAST_GENETIC;697868727;RESEARCH;01_Forex/EURJPY/01_SLTP/BUY_ICHIMOKU.set;6409D15E4AB9CB12B39E2EC125EEEF679AF9A63699842E847C243C02B5BCAFFC
01_Forex;EURJPY;01_SLTP;SELL;MULTI;19;398103552000;FAST_GENETIC;614876123;RESEARCH;01_Forex/EURJPY/01_SLTP/SELL_MULTI.set;6E7419331DE6E312FAF9726EFD35D5C367473D98F16385FAA7C3380576864CCB
01_Forex;EURJPY;01_SLTP;SELL;ICHIMOKU;18;8685895680;FAST_GENETIC;693943475;RESEARCH;01_Forex/EURJPY/01_SLTP/SELL_ICHIMOKU.set;5B76597F1F175B4941B31C814503BCD9E086CB9435FFD7B0AD9AED0EA46FF104
01_Forex;EURJPY;02_SLTP_ORGANIC;BUY;MULTI;19;398103552000;FAST_GENETIC;680410204;RESEARCH;01_Forex/EURJPY/02_SLTP_ORGANIC/BUY_MULTI.set;2AC29B58312EE1B19455E575CF7E71FD6E752C57BB4388A252C5F39D3699088C
01_Forex;EURJPY;02_SLTP_ORGANIC;BUY;ICHIMOKU;18;8685895680;FAST_GENETIC;684295597;RESEARCH;01_Forex/EURJPY/02_SLTP_ORGANIC/BUY_ICHIMOKU.set;D042B3A908E1FE1B00DC8E796971FC91DA538C3DF659AAF6DEF6AF96F1CA1F9B
01_Forex;EURJPY;02_SLTP_ORGANIC;SELL;MULTI;19;398103552000;FAST_GENETIC;678688192;RESEARCH;01_Forex/EURJPY/02_SLTP_ORGANIC/SELL_MULTI.set;6F65C9AEA7400B2C7FA701FD063FC457975E345715EBD3A2EA3FC4B475E23D7B
01_Forex;EURJPY;02_SLTP_ORGANIC;SELL;ICHIMOKU;18;8685895680;FAST_GENETIC;698403860;RESEARCH;01_Forex/EURJPY/02_SLTP_ORGANIC/SELL_ICHIMOKU.set;AD588AD01D142F5D1B5CCF3CDDD1D2A5876C172DE6E9B56E855CA9B4AD88FC8E
01_Forex;EURJPY;03_TRAIL_ONLY;BUY;MULTI;20;1287982080000;FAST_GENETIC;666393777;RESEARCH;01_Forex/EURJPY/03_TRAIL_ONLY/BUY_MULTI.set;A5CE6906C15E252C6C264322A43AAC53234EE7A17C3776BD27F15E2C42DF6BE2
01_Forex;EURJPY;03_TRAIL_ONLY;BUY;ICHIMOKU;19;28101427200;FAST_GENETIC;688581766;RESEARCH;01_Forex/EURJPY/03_TRAIL_ONLY/BUY_ICHIMOKU.set;0EC81324E4015E79039C51B0F144DBC1D9201872D23968EE5B8FB8A01D9DBDB0
01_Forex;EURJPY;03_TRAIL_ONLY;SELL;MULTI;20;1287982080000;FAST_GENETIC;612468778;RESEARCH;01_Forex/EURJPY/03_TRAIL_ONLY/SELL_MULTI.set;255CE8969C5BE26BA6B3FF2F73AC23DE49C4F6245A71ED23B7370115110170DC
01_Forex;EURJPY;03_TRAIL_ONLY;SELL;ICHIMOKU;19;28101427200;FAST_GENETIC;638097037;RESEARCH;01_Forex/EURJPY/03_TRAIL_ONLY/SELL_ICHIMOKU.set;B4F78B75D6F6529FC4F3E473AB9797A2CAC0582988ECE3C8446303076D2AA047
01_Forex;EURJPY;04_SLTP_TRAIL;BUY;MULTI;20;4379139072000;FAST_GENETIC;699739303;RESEARCH;01_Forex/EURJPY/04_SLTP_TRAIL/BUY_MULTI.set;9B5DABD39F6B76E2C057135B5A1ECFAA60BF57658C9CF5366E99F10A679E70CC
01_Forex;EURJPY;04_SLTP_TRAIL;BUY;ICHIMOKU;19;95544852480;FAST_GENETIC;655379043;RESEARCH;01_Forex/EURJPY/04_SLTP_TRAIL/BUY_ICHIMOKU.set;263C03B9F3481BE6DF963F697A5DEBFC53F8F3530A4914DDF4FEADA8391DDBE2
01_Forex;EURJPY;04_SLTP_TRAIL;SELL;MULTI;20;4379139072000;FAST_GENETIC;630933305;RESEARCH;01_Forex/EURJPY/04_SLTP_TRAIL/SELL_MULTI.set;A5A559AAEA753A2942F74C8DC26C1C21665EAEFB7B64B8AF6D93419B3C950D7C
01_Forex;EURJPY;04_SLTP_TRAIL;SELL;ICHIMOKU;19;95544852480;FAST_GENETIC;667862648;RESEARCH;01_Forex/EURJPY/04_SLTP_TRAIL/SELL_ICHIMOKU.set;2CBA75BA60E5C4EBDE69C0EC68FBBDC56C6D31306784CD3F127B38000D1CC374
01_Forex;EURJPY;05_BE_TRAIL;BUY;MULTI;19;643991040000;FAST_GENETIC;675484421;RESEARCH;01_Forex/EURJPY/05_BE_TRAIL/BUY_MULTI.set;689AD410F776B856D54C8A11F26AC599D3A9387963F2306B06C5CCE2755F7840
01_Forex;EURJPY;05_BE_TRAIL;BUY;ICHIMOKU;18;14050713600;FAST_GENETIC;672088664;RESEARCH;01_Forex/EURJPY/05_BE_TRAIL/BUY_ICHIMOKU.set;7A8BE729310D8EA649DDEC00D3C876EA975497005094E4229D6BEDC41BB3E97C
01_Forex;EURJPY;05_BE_TRAIL;SELL;MULTI;19;643991040000;FAST_GENETIC;654257209;RESEARCH;01_Forex/EURJPY/05_BE_TRAIL/SELL_MULTI.set;BC6854C3A53069D4AEDD5A036B9298E7C0206CFC42073F3350F7C579A6F561C8
01_Forex;EURJPY;05_BE_TRAIL;SELL;ICHIMOKU;18;14050713600;FAST_GENETIC;642154689;RESEARCH;01_Forex/EURJPY/05_BE_TRAIL/SELL_ICHIMOKU.set;0B4DD99F2F3A3574F9BBB5733C375FDA7766CAF075D0994E705B381C4BA030DE
01_Forex;EURJPY;06_REVERSAL_EXIT;BUY;MULTI;21;1030385664000;FAST_GENETIC;690552635;RESEARCH;01_Forex/EURJPY/06_REVERSAL_EXIT/BUY_MULTI.set;029D5298722EF672E27FDC4A4623C9C63DC79A24B58C25434B3C2500BAFAAF53
01_Forex;EURJPY;06_REVERSAL_EXIT;BUY;ICHIMOKU;20;22481141760;FAST_GENETIC;632229609;RESEARCH;01_Forex/EURJPY/06_REVERSAL_EXIT/BUY_ICHIMOKU.set;F69CB4727273CBD219D6902D246AB7B1E460DA79F07B819FE41D59DEDB89FE01
01_Forex;EURJPY;06_REVERSAL_EXIT;SELL;MULTI;21;1030385664000;FAST_GENETIC;610924114;RESEARCH;01_Forex/EURJPY/06_REVERSAL_EXIT/SELL_MULTI.set;BEE01EB6C558F4C036B09607F65E42F8BC611E78DDA7805E7AB9D8F6E8A0D1E6
01_Forex;EURJPY;06_REVERSAL_EXIT;SELL;ICHIMOKU;20;22481141760;FAST_GENETIC;653715409;RESEARCH;01_Forex/EURJPY/06_REVERSAL_EXIT/SELL_ICHIMOKU.set;01D508D8ADC2DA54581DF6D1A4FEAD0EB87A705166889D7FA31CBF32EE0DE93D
01_Forex;EURJPY;07_GRID_SEPARATE;BUY;MULTI;20;2442908160000;FAST_GENETIC;639177121;HEDGE_ACCOUNT_REQUIRED;01_Forex/EURJPY/07_GRID_SEPARATE/BUY_MULTI.set;B81DAA2428735CED67A69CEB77EE163D3D92F93569D4C60208FBA4291A66163A
01_Forex;EURJPY;07_GRID_SEPARATE;BUY;ICHIMOKU;19;53299814400;FAST_GENETIC;694052094;HEDGE_ACCOUNT_REQUIRED;01_Forex/EURJPY/07_GRID_SEPARATE/BUY_ICHIMOKU.set;93A81213DAE089E88D34A2FD6E9EDB03AD079E4490BBA634750027D1C37ED747
01_Forex;EURJPY;07_GRID_SEPARATE;SELL;MULTI;20;2442908160000;FAST_GENETIC;665721985;HEDGE_ACCOUNT_REQUIRED;01_Forex/EURJPY/07_GRID_SEPARATE/SELL_MULTI.set;6B0E9B8FBD2B3089AAE785CB1E7F2D4D9EFF0DE300D335CD7C267863B875B172
01_Forex;EURJPY;07_GRID_SEPARATE;SELL;ICHIMOKU;19;53299814400;FAST_GENETIC;675494831;HEDGE_ACCOUNT_REQUIRED;01_Forex/EURJPY/07_GRID_SEPARATE/SELL_ICHIMOKU.set;4A1196EFC1735EFDA26298494E0E9AC850307B28B1EFC79FBE8A2B651047821F
01_Forex;EURJPY;08_GRID_UNIFIED;BOTH;MULTI;21;12214540800000;FAST_GENETIC;620796097;HEDGE_ACCOUNT_REQUIRED;01_Forex/EURJPY/08_GRID_UNIFIED/BOTH_MULTI.set;B2C1AFFFD27A5A2098B4376C79E93C405F6A4CBEFDACC424FC6D5BCDBF42F5D8
01_Forex;EURJPY;08_GRID_UNIFIED;BOTH;ICHIMOKU;20;266499072000;FAST_GENETIC;689798417;HEDGE_ACCOUNT_REQUIRED;01_Forex/EURJPY/08_GRID_UNIFIED/BOTH_ICHIMOKU.set;126263C857166B0B9464DBBCB984AD45BE50DC3EA336B7FA32B62440ED045DFD
01_Forex;EURJPY;09_MARTINGALE;BUY;MULTI;21;11146899456000;FAST_GENETIC;667496852;HIGH_RISK;01_Forex/EURJPY/09_MARTINGALE/BUY_MULTI.set;E5E6692CA038BC69DECD13CADAACE0E59BD9101BF464024371E09CE9F996555E
01_Forex;EURJPY;09_MARTINGALE;BUY;ICHIMOKU;20;243205079040;FAST_GENETIC;637277490;HIGH_RISK;01_Forex/EURJPY/09_MARTINGALE/BUY_ICHIMOKU.set;892E42E1D5FEBCCDA0373AD3FA2917C618E9738C1D582FE629E28D6091443C42
01_Forex;EURJPY;09_MARTINGALE;SELL;MULTI;21;11146899456000;FAST_GENETIC;624453894;HIGH_RISK;01_Forex/EURJPY/09_MARTINGALE/SELL_MULTI.set;9098884C675C4D5C344292F85A1B60FF6AE2028C575A7FA7CDAF9569E17717DC
01_Forex;EURJPY;09_MARTINGALE;SELL;ICHIMOKU;20;243205079040;FAST_GENETIC;636077024;HIGH_RISK;01_Forex/EURJPY/09_MARTINGALE/SELL_ICHIMOKU.set;54A9887A08236B717CAA21C7FEB488B9CFADD40D66DB64C621D50600AF1EC3A2
01_Forex;EURJPY;10_DALEMBERT;BUY;MULTI;21;7962071040000;FAST_GENETIC;677438071;HIGH_RISK;01_Forex/EURJPY/10_DALEMBERT/BUY_MULTI.set;806F11F99A0A908CAAE8105795DA3B48C22DB732ABCA8957C50C84EFA1A6BCA8
01_Forex;EURJPY;10_DALEMBERT;BUY;ICHIMOKU;20;173717913600;FAST_GENETIC;653751267;HIGH_RISK;01_Forex/EURJPY/10_DALEMBERT/BUY_ICHIMOKU.set;BC61DAD7D9CD596FFE03D8E85025F22685C1DC6CC7AB636F6280BBEB212C1487
01_Forex;EURJPY;10_DALEMBERT;SELL;MULTI;21;7962071040000;FAST_GENETIC;632974841;HIGH_RISK;01_Forex/EURJPY/10_DALEMBERT/SELL_MULTI.set;B688F21EFBDF8DD1478B12FEDCF2699D48E14B2B18AEA6C2865DB02E61479452
01_Forex;EURJPY;10_DALEMBERT;SELL;ICHIMOKU;20;173717913600;FAST_GENETIC;629737089;HIGH_RISK;01_Forex/EURJPY/10_DALEMBERT/SELL_ICHIMOKU.set;EE92CE85E025A65EE9233975D186983B9407B20050FC893408BA1D16CAB6C447
01_Forex;EURJPY;11_SIGNAL_ONLY;BUY;MULTI;16;354816000;FAST_GENETIC;633420213;HIGH_RISK_RESEARCH;01_Forex/EURJPY/11_SIGNAL_ONLY/BUY_MULTI.set;603F42D288D748F8FB23AA436E9EC18F6C7FBBA69747CFF2FBA03F961B09270B
01_Forex;EURJPY;11_SIGNAL_ONLY;BUY;ICHIMOKU;15;7741440;FAST_GENETIC;637181123;HIGH_RISK_RESEARCH;01_Forex/EURJPY/11_SIGNAL_ONLY/BUY_ICHIMOKU.set;E113064FB657B5A8BD49863D76B3A3CB0A04D87EBC08A00D207F94E092487A2E
01_Forex;EURJPY;11_SIGNAL_ONLY;SELL;MULTI;16;354816000;FAST_GENETIC;655787394;HIGH_RISK_RESEARCH;01_Forex/EURJPY/11_SIGNAL_ONLY/SELL_MULTI.set;882989BA72341A1671B197CEC0F3880DB10345B7F9EC3EE8A43CACE764518CEF
01_Forex;EURJPY;11_SIGNAL_ONLY;SELL;ICHIMOKU;15;7741440;FAST_GENETIC;684920169;HIGH_RISK_RESEARCH;01_Forex/EURJPY/11_SIGNAL_ONLY/SELL_ICHIMOKU.set;26CA3DD6BF17F88024F07D5AEC795F5C4AEE5352363644D6E900DF5F87A719AE
01_Forex;EURNZD;01_SLTP;BUY;MULTI;19;398103552000;FAST_GENETIC;618683751;RESEARCH;01_Forex/EURNZD/01_SLTP/BUY_MULTI.set;739D107932800E5BCB3A4EA4F4712025434E9BD5E471395C1BE5BF628C8E4533
01_Forex;EURNZD;01_SLTP;BUY;ICHIMOKU;18;8685895680;FAST_GENETIC;664472205;RESEARCH;01_Forex/EURNZD/01_SLTP/BUY_ICHIMOKU.set;2ABA7EE3496EC72AE9E6F4409B7087E130ACAA0FB8E50A2E0A7BB1BF59334AA4
01_Forex;EURNZD;01_SLTP;SELL;MULTI;19;398103552000;FAST_GENETIC;644967034;RESEARCH;01_Forex/EURNZD/01_SLTP/SELL_MULTI.set;3AECDB9171EBB0DBBC70E0F0EAA3975288FC1CE21241FA21B962FF062739426B
01_Forex;EURNZD;01_SLTP;SELL;ICHIMOKU;18;8685895680;FAST_GENETIC;655821969;RESEARCH;01_Forex/EURNZD/01_SLTP/SELL_ICHIMOKU.set;258366DE3F45D140616FF5378F0D649FC82BFDE197A0DC2A0B359E355E75D382
01_Forex;EURNZD;02_SLTP_ORGANIC;BUY;MULTI;19;398103552000;FAST_GENETIC;683103694;RESEARCH;01_Forex/EURNZD/02_SLTP_ORGANIC/BUY_MULTI.set;A6FB2E5DE8A1B83F8880449BBFC4326D4C1DC1D066240E811EACCCD121D905B9
01_Forex;EURNZD;02_SLTP_ORGANIC;BUY;ICHIMOKU;18;8685895680;FAST_GENETIC;685492524;RESEARCH;01_Forex/EURNZD/02_SLTP_ORGANIC/BUY_ICHIMOKU.set;2D1BA431289BA07C86B0F6A3A010B2AC083AFCFDE76393B9CE9295C1DC7414B1
01_Forex;EURNZD;02_SLTP_ORGANIC;SELL;MULTI;19;398103552000;FAST_GENETIC;676511170;RESEARCH;01_Forex/EURNZD/02_SLTP_ORGANIC/SELL_MULTI.set;682CBB77965CDB9966B758ADCC0E614FB99978425BA42139BD3E324E8AA5979F
01_Forex;EURNZD;02_SLTP_ORGANIC;SELL;ICHIMOKU;18;8685895680;FAST_GENETIC;643801423;RESEARCH;01_Forex/EURNZD/02_SLTP_ORGANIC/SELL_ICHIMOKU.set;B564C5ADDCF8E40C2F086ADE1547533E890668BCB11E4A06F4521751193F6501
01_Forex;EURNZD;03_TRAIL_ONLY;BUY;MULTI;20;1287982080000;FAST_GENETIC;664920101;RESEARCH;01_Forex/EURNZD/03_TRAIL_ONLY/BUY_MULTI.set;7A30E91B8146F97ADB0C0891BD780752A6D8334C4970F62833330B5E8827D980
01_Forex;EURNZD;03_TRAIL_ONLY;BUY;ICHIMOKU;19;28101427200;FAST_GENETIC;619029136;RESEARCH;01_Forex/EURNZD/03_TRAIL_ONLY/BUY_ICHIMOKU.set;317F1B808FBBE640D33180DF0D05EF6B382DC8F9547E663EDA0593568FD446F7
01_Forex;EURNZD;03_TRAIL_ONLY;SELL;MULTI;20;1287982080000;FAST_GENETIC;638881709;RESEARCH;01_Forex/EURNZD/03_TRAIL_ONLY/SELL_MULTI.set;3413B2DDF28A51B427366079F05194F1E8DEBF1FD4B9EB34FE474C2F9334DE14
01_Forex;EURNZD;03_TRAIL_ONLY;SELL;ICHIMOKU;19;28101427200;FAST_GENETIC;676752872;RESEARCH;01_Forex/EURNZD/03_TRAIL_ONLY/SELL_ICHIMOKU.set;E5EED83A46093E2D169379AC77774F11573DB51E12DCEAD4A198ABC5A74AA663
01_Forex;EURNZD;04_SLTP_TRAIL;BUY;MULTI;20;4379139072000;FAST_GENETIC;626321740;RESEARCH;01_Forex/EURNZD/04_SLTP_TRAIL/BUY_MULTI.set;2B019712DD06F55BC546692C47279D4EF8F30612B5363B7306B98B66DF600A6C
01_Forex;EURNZD;04_SLTP_TRAIL;BUY;ICHIMOKU;19;95544852480;FAST_GENETIC;679831862;RESEARCH;01_Forex/EURNZD/04_SLTP_TRAIL/BUY_ICHIMOKU.set;C99F43DE2FA4A5EDD915525C1D2D4F241B217276F12167059BBC5FABBF1779C5
01_Forex;EURNZD;04_SLTP_TRAIL;SELL;MULTI;20;4379139072000;FAST_GENETIC;660804239;RESEARCH;01_Forex/EURNZD/04_SLTP_TRAIL/SELL_MULTI.set;E71C09BF0C193583106360B5303480196781F56D4A277E4B7F378C3AA10B62E4
01_Forex;EURNZD;04_SLTP_TRAIL;SELL;ICHIMOKU;19;95544852480;FAST_GENETIC;646943563;RESEARCH;01_Forex/EURNZD/04_SLTP_TRAIL/SELL_ICHIMOKU.set;3B67DB753DFFBE392EEA1C2EE3F751895E9280906DBE674EC779E8CB125A1F7C
01_Forex;EURNZD;05_BE_TRAIL;BUY;MULTI;19;643991040000;FAST_GENETIC;619385640;RESEARCH;01_Forex/EURNZD/05_BE_TRAIL/BUY_MULTI.set;E0A7E069B38E99C9AD54717DF14082AF794545738E74F8FA0CAB5977CC2A9A01
01_Forex;EURNZD;05_BE_TRAIL;BUY;ICHIMOKU;18;14050713600;FAST_GENETIC;637640619;RESEARCH;01_Forex/EURNZD/05_BE_TRAIL/BUY_ICHIMOKU.set;4C911C47E0F83B54E1AA5045CDC533DA803B886B57C99A3E996DF673638DE5E1
01_Forex;EURNZD;05_BE_TRAIL;SELL;MULTI;19;643991040000;FAST_GENETIC;688155793;RESEARCH;01_Forex/EURNZD/05_BE_TRAIL/SELL_MULTI.set;BD8002831C86FA35895186BC48696BA651454E9F054E667EDD41105D3537CE62
01_Forex;EURNZD;05_BE_TRAIL;SELL;ICHIMOKU;18;14050713600;FAST_GENETIC;672010764;RESEARCH;01_Forex/EURNZD/05_BE_TRAIL/SELL_ICHIMOKU.set;771BD197D2C2EF32BBFDE852959BE7D7A614D00403F1B8E299A2FA296DED3871
01_Forex;EURNZD;06_REVERSAL_EXIT;BUY;MULTI;21;1030385664000;FAST_GENETIC;665695077;RESEARCH;01_Forex/EURNZD/06_REVERSAL_EXIT/BUY_MULTI.set;2B3DD45A16CF76000B93B3225E06FB6EAE4D664B6C970D0578E8D91544155D77
01_Forex;EURNZD;06_REVERSAL_EXIT;BUY;ICHIMOKU;20;22481141760;FAST_GENETIC;699656979;RESEARCH;01_Forex/EURNZD/06_REVERSAL_EXIT/BUY_ICHIMOKU.set;F0838C4C08610021C3783B412EA79EE0382BFD7AD5C4D3B9B323D3C90D13A142
01_Forex;EURNZD;06_REVERSAL_EXIT;SELL;MULTI;21;1030385664000;FAST_GENETIC;690360587;RESEARCH;01_Forex/EURNZD/06_REVERSAL_EXIT/SELL_MULTI.set;72658CA65C32C2B9A9B85C69A8850B1369CA6BA960A5C84CB7F72E573DEE3D7B
01_Forex;EURNZD;06_REVERSAL_EXIT;SELL;ICHIMOKU;20;22481141760;FAST_GENETIC;630704202;RESEARCH;01_Forex/EURNZD/06_REVERSAL_EXIT/SELL_ICHIMOKU.set;748F1327C1EB79F355ABA62410967F512EC972AE7B42E837CC4825D6DED79310
01_Forex;EURNZD;07_GRID_SEPARATE;BUY;MULTI;20;2442908160000;FAST_GENETIC;670702873;HEDGE_ACCOUNT_REQUIRED;01_Forex/EURNZD/07_GRID_SEPARATE/BUY_MULTI.set;4E5195466560D062741526EF584916434DC912F9EC5097FC0E099226C0E96890
01_Forex;EURNZD;07_GRID_SEPARATE;BUY;ICHIMOKU;19;53299814400;FAST_GENETIC;620603160;HEDGE_ACCOUNT_REQUIRED;01_Forex/EURNZD/07_GRID_SEPARATE/BUY_ICHIMOKU.set;58C1538450DE805D16C91FDFB290D5D9D470B770A79AE1821424E72B3D92B760
01_Forex;EURNZD;07_GRID_SEPARATE;SELL;MULTI;20;2442908160000;FAST_GENETIC;641104029;HEDGE_ACCOUNT_REQUIRED;01_Forex/EURNZD/07_GRID_SEPARATE/SELL_MULTI.set;C7BC969E5A73508DA6306FF25F619E7E432E4C0F9C4BBC3EB83FA01663D20D0F
01_Forex;EURNZD;07_GRID_SEPARATE;SELL;ICHIMOKU;19;53299814400;FAST_GENETIC;638386808;HEDGE_ACCOUNT_REQUIRED;01_Forex/EURNZD/07_GRID_SEPARATE/SELL_ICHIMOKU.set;5203E9856DD43D540730404E456A11B4CE7CF6D1595D51A701983990AA7FB8F9
01_Forex;EURNZD;08_GRID_UNIFIED;BOTH;MULTI;21;12214540800000;FAST_GENETIC;620643976;HEDGE_ACCOUNT_REQUIRED;01_Forex/EURNZD/08_GRID_UNIFIED/BOTH_MULTI.set;2D3E443A3F5FE5343C1EA7809334EFC973A3DCECF64A8135DE37FB27A43D3713
01_Forex;EURNZD;08_GRID_UNIFIED;BOTH;ICHIMOKU;20;266499072000;FAST_GENETIC;666338892;HEDGE_ACCOUNT_REQUIRED;01_Forex/EURNZD/08_GRID_UNIFIED/BOTH_ICHIMOKU.set;3C7C125C19B69760F22B68C289E4D7DC6EE28E34A8ABDB5B75272A91F56F4B66
01_Forex;EURNZD;09_MARTINGALE;BUY;MULTI;21;11146899456000;FAST_GENETIC;617463351;HIGH_RISK;01_Forex/EURNZD/09_MARTINGALE/BUY_MULTI.set;2C9DF51AC4A86C2D5070D978A56367B0E5CE8A1C5AC95A69C5C7095E31FB14B6
01_Forex;EURNZD;09_MARTINGALE;BUY;ICHIMOKU;20;243205079040;FAST_GENETIC;622158140;HIGH_RISK;01_Forex/EURNZD/09_MARTINGALE/BUY_ICHIMOKU.set;15C8B00A0BADF0216A7C184FB1AA30F9CED56B16780CA544637A3B2765BF49FD
01_Forex;EURNZD;09_MARTINGALE;SELL;MULTI;21;11146899456000;FAST_GENETIC;610887232;HIGH_RISK;01_Forex/EURNZD/09_MARTINGALE/SELL_MULTI.set;EF57DE9221A902EF3F52D32E96377E6CA2081C831AF07CD672C43661409A6899
01_Forex;EURNZD;09_MARTINGALE;SELL;ICHIMOKU;20;243205079040;FAST_GENETIC;663209303;HIGH_RISK;01_Forex/EURNZD/09_MARTINGALE/SELL_ICHIMOKU.set;9C349C56593EC5B5BFEAD220C55A05B222A72322DBC6D8E82657EB831A79A3A0
01_Forex;EURNZD;10_DALEMBERT;BUY;MULTI;21;7962071040000;FAST_GENETIC;673218179;HIGH_RISK;01_Forex/EURNZD/10_DALEMBERT/BUY_MULTI.set;E3A7AEB7BC72F232426BCCDE2D503C6B576CB1A560FA1F596F28A057090D7103
01_Forex;EURNZD;10_DALEMBERT;BUY;ICHIMOKU;20;173717913600;FAST_GENETIC;625393001;HIGH_RISK;01_Forex/EURNZD/10_DALEMBERT/BUY_ICHIMOKU.set;716F857EE4F38B3525E6A0794B26339FA718AB8CABC811F5D3686987CF2DFC1A
01_Forex;EURNZD;10_DALEMBERT;SELL;MULTI;21;7962071040000;FAST_GENETIC;628821809;HIGH_RISK;01_Forex/EURNZD/10_DALEMBERT/SELL_MULTI.set;19FBF9C1B29E251B0C7A3F9E29F9EEDD501B52C71D98AAF2CF4503F3E5426E83
01_Forex;EURNZD;10_DALEMBERT;SELL;ICHIMOKU;20;173717913600;FAST_GENETIC;688244064;HIGH_RISK;01_Forex/EURNZD/10_DALEMBERT/SELL_ICHIMOKU.set;701F429E60086B708464DA1858566FC66AE32E0B4A1AAEE74868D3EC9C619B51
01_Forex;EURNZD;11_SIGNAL_ONLY;BUY;MULTI;16;354816000;FAST_GENETIC;635712794;HIGH_RISK_RESEARCH;01_Forex/EURNZD/11_SIGNAL_ONLY/BUY_MULTI.set;38FC669413E03A1622923EB2F1D0C072DA0326573901D8128338B66D0DA7CB9E
01_Forex;EURNZD;11_SIGNAL_ONLY;BUY;ICHIMOKU;15;7741440;FAST_GENETIC;658439865;HIGH_RISK_RESEARCH;01_Forex/EURNZD/11_SIGNAL_ONLY/BUY_ICHIMOKU.set;B22ACDE3108F1A9C1628326C2009EDBAC7F7B2AC359D126D709D4F77D32641EE
01_Forex;EURNZD;11_SIGNAL_ONLY;SELL;MULTI;16;354816000;FAST_GENETIC;670816268;HIGH_RISK_RESEARCH;01_Forex/EURNZD/11_SIGNAL_ONLY/SELL_MULTI.set;54BAD891A7CADC137E1DDB07D071C55C860C9539FB6DCF9486B49FA6BBFE9F53
01_Forex;EURNZD;11_SIGNAL_ONLY;SELL;ICHIMOKU;15;7741440;FAST_GENETIC;627277238;HIGH_RISK_RESEARCH;01_Forex/EURNZD/11_SIGNAL_ONLY/SELL_ICHIMOKU.set;2195115F34F6E0CD92B03395EAC49925C865E4E00976023EE2973B587586CE61
01_Forex;EURUSD;01_SLTP;BUY;MULTI;19;398103552000;FAST_GENETIC;680251322;RESEARCH;01_Forex/EURUSD/01_SLTP/BUY_MULTI.set;D6A2CCA992746090F85663D8B8A9B28793DDB07A15CFDB7C5C7EE1B8203F3FD5
01_Forex;EURUSD;01_SLTP;BUY;ICHIMOKU;18;8685895680;FAST_GENETIC;664170265;RESEARCH;01_Forex/EURUSD/01_SLTP/BUY_ICHIMOKU.set;D78E9A1B807F4854D632325A5B34FFA672C6821A6D3E3A67763EC2FFB17C122F
01_Forex;EURUSD;01_SLTP;SELL;MULTI;19;398103552000;FAST_GENETIC;680598968;RESEARCH;01_Forex/EURUSD/01_SLTP/SELL_MULTI.set;484D6DD587C47B47A992C76B129554BD8AC24DB9C19BAF4FF1DD0EBE4927BFD4
01_Forex;EURUSD;01_SLTP;SELL;ICHIMOKU;18;8685895680;FAST_GENETIC;630872374;RESEARCH;01_Forex/EURUSD/01_SLTP/SELL_ICHIMOKU.set;71B9B43B2D6A5A34549D6653F25CB38C58F6BA5FC9E8A83A6813FF22526A7C50
01_Forex;EURUSD;02_SLTP_ORGANIC;BUY;MULTI;19;398103552000;FAST_GENETIC;684445779;RESEARCH;01_Forex/EURUSD/02_SLTP_ORGANIC/BUY_MULTI.set;8B478F0B3D418202A4997488D0DEB823067BF9C90802C4A55854FE76B586FB47
01_Forex;EURUSD;02_SLTP_ORGANIC;BUY;ICHIMOKU;18;8685895680;FAST_GENETIC;636683435;RESEARCH;01_Forex/EURUSD/02_SLTP_ORGANIC/BUY_ICHIMOKU.set;023AD6C6A89BD17445A721CB9F4190462EA521065BF5A749D7DE0023037114E5
01_Forex;EURUSD;02_SLTP_ORGANIC;SELL;MULTI;19;398103552000;FAST_GENETIC;642422304;RESEARCH;01_Forex/EURUSD/02_SLTP_ORGANIC/SELL_MULTI.set;05E82E7F65B9690988A0221F543E4D98C39F091B73A270A00E685B22DEEDE18B
01_Forex;EURUSD;02_SLTP_ORGANIC;SELL;ICHIMOKU;18;8685895680;FAST_GENETIC;650651482;RESEARCH;01_Forex/EURUSD/02_SLTP_ORGANIC/SELL_ICHIMOKU.set;EF42514232F84B09C4E0932D6B153FAFC1BB22F4D49200A8619745CA7856EA5E
01_Forex;EURUSD;03_TRAIL_ONLY;BUY;MULTI;20;1287982080000;FAST_GENETIC;646512777;RESEARCH;01_Forex/EURUSD/03_TRAIL_ONLY/BUY_MULTI.set;722376B137FE10D68599A0163A4DFA30614610E7369276A15A21C9F33F0EE491
01_Forex;EURUSD;03_TRAIL_ONLY;BUY;ICHIMOKU;19;28101427200;FAST_GENETIC;629300624;RESEARCH;01_Forex/EURUSD/03_TRAIL_ONLY/BUY_ICHIMOKU.set;63DAC423260ED31D161DF95D48EFA712DB714EDA566337D596E6609D03C20E54
01_Forex;EURUSD;03_TRAIL_ONLY;SELL;MULTI;20;1287982080000;FAST_GENETIC;662171665;RESEARCH;01_Forex/EURUSD/03_TRAIL_ONLY/SELL_MULTI.set;75A9C1583EDD87409388AB61EC087EDC64AF3A56FE69B4A030BE4976D99C912B
01_Forex;EURUSD;03_TRAIL_ONLY;SELL;ICHIMOKU;19;28101427200;FAST_GENETIC;696753222;RESEARCH;01_Forex/EURUSD/03_TRAIL_ONLY/SELL_ICHIMOKU.set;B9C3A08A44481CD6C6FD505ECE5B58010EDA21F2A8ABAEF1061A94D67FB0F8C0
01_Forex;EURUSD;04_SLTP_TRAIL;BUY;MULTI;20;4379139072000;FAST_GENETIC;619788271;RESEARCH;01_Forex/EURUSD/04_SLTP_TRAIL/BUY_MULTI.set;A6298D8A3DF845B46F5898644561F58B58097C1D0AF4133C6412729E02D9272D
01_Forex;EURUSD;04_SLTP_TRAIL;BUY;ICHIMOKU;19;95544852480;FAST_GENETIC;614398389;RESEARCH;01_Forex/EURUSD/04_SLTP_TRAIL/BUY_ICHIMOKU.set;FF77660679B1A8BA8C383C011D15A276EF273626B2F54A7F159A2485EAA3B254
01_Forex;EURUSD;04_SLTP_TRAIL;SELL;MULTI;20;4379139072000;FAST_GENETIC;666712625;RESEARCH;01_Forex/EURUSD/04_SLTP_TRAIL/SELL_MULTI.set;5A81FFCD2DC94BCEB99259C2AA3D28D472E5174F95E4A4F63380A6889CE6127A
01_Forex;EURUSD;04_SLTP_TRAIL;SELL;ICHIMOKU;19;95544852480;FAST_GENETIC;693642918;RESEARCH;01_Forex/EURUSD/04_SLTP_TRAIL/SELL_ICHIMOKU.set;916BCEC7A4F477519CECE11A6A38F1CF392AC3FAD10C4BACB802A5DFF1ED0071
01_Forex;EURUSD;05_BE_TRAIL;BUY;MULTI;19;643991040000;FAST_GENETIC;662981080;RESEARCH;01_Forex/EURUSD/05_BE_TRAIL/BUY_MULTI.set;85CE93D5138B506E7AA5ADF401DE4D7ED13F80CEEE6EB102B16A12D23D6E029F
01_Forex;EURUSD;05_BE_TRAIL;BUY;ICHIMOKU;18;14050713600;FAST_GENETIC;623972076;RESEARCH;01_Forex/EURUSD/05_BE_TRAIL/BUY_ICHIMOKU.set;176FFE02044B963E4C66829B0A58797F942747A6CDC510B8A7CCC9ACA8B49E20
01_Forex;EURUSD;05_BE_TRAIL;SELL;MULTI;19;643991040000;FAST_GENETIC;657719624;RESEARCH;01_Forex/EURUSD/05_BE_TRAIL/SELL_MULTI.set;B511FBBA68C8F8857334EE3F9A4E40F6CE96D07238D951B98EDD4BE03155E1F7
01_Forex;EURUSD;05_BE_TRAIL;SELL;ICHIMOKU;18;14050713600;FAST_GENETIC;665193433;RESEARCH;01_Forex/EURUSD/05_BE_TRAIL/SELL_ICHIMOKU.set;3664C6F77284BDCB632666EF2B6C7A08ECD7D0481804BC7C9F5E993E311AB0EE
01_Forex;EURUSD;06_REVERSAL_EXIT;BUY;MULTI;21;1030385664000;FAST_GENETIC;620962271;RESEARCH;01_Forex/EURUSD/06_REVERSAL_EXIT/BUY_MULTI.set;4E9DBA51BC0D126671CA5EA3E88D90B8C9B9A03D4E6F86F2979E51FD5B900DD8
01_Forex;EURUSD;06_REVERSAL_EXIT;BUY;ICHIMOKU;20;22481141760;FAST_GENETIC;642372110;RESEARCH;01_Forex/EURUSD/06_REVERSAL_EXIT/BUY_ICHIMOKU.set;BC8EEE4F0C0DEFBDA1A22ABE7E73143D6794A374A918C968DF450974E61DC7A7
01_Forex;EURUSD;06_REVERSAL_EXIT;SELL;MULTI;21;1030385664000;FAST_GENETIC;638880066;RESEARCH;01_Forex/EURUSD/06_REVERSAL_EXIT/SELL_MULTI.set;B8578C8F9890EEBBC1819B0A09DC5CC15B34AB4AEDC995EDB3DA34A5150463A2
01_Forex;EURUSD;06_REVERSAL_EXIT;SELL;ICHIMOKU;20;22481141760;FAST_GENETIC;648696185;RESEARCH;01_Forex/EURUSD/06_REVERSAL_EXIT/SELL_ICHIMOKU.set;4ED671254360B547B9212703FDCA12E73EBF6EA4E88DF01455DA0FD4132CA832
01_Forex;EURUSD;07_GRID_SEPARATE;BUY;MULTI;20;2442908160000;FAST_GENETIC;671485794;HEDGE_ACCOUNT_REQUIRED;01_Forex/EURUSD/07_GRID_SEPARATE/BUY_MULTI.set;5B8BDFC6269ED61F2DAB92EBE4ED10A22497D64DADC0E49F92F5CEDAA3795E4D
01_Forex;EURUSD;07_GRID_SEPARATE;BUY;ICHIMOKU;19;53299814400;FAST_GENETIC;618163426;HEDGE_ACCOUNT_REQUIRED;01_Forex/EURUSD/07_GRID_SEPARATE/BUY_ICHIMOKU.set;F672F2BF564A9970C6479A532AAC7F41FCC744B528EA20833C08B44820FE2268
01_Forex;EURUSD;07_GRID_SEPARATE;SELL;MULTI;20;2442908160000;FAST_GENETIC;612960616;HEDGE_ACCOUNT_REQUIRED;01_Forex/EURUSD/07_GRID_SEPARATE/SELL_MULTI.set;144AED398730BEFDC6D36D6502E7A54DB5903DDC8E3B648C1B837F125229DE45
01_Forex;EURUSD;07_GRID_SEPARATE;SELL;ICHIMOKU;19;53299814400;FAST_GENETIC;612442145;HEDGE_ACCOUNT_REQUIRED;01_Forex/EURUSD/07_GRID_SEPARATE/SELL_ICHIMOKU.set;52E67912873E39F4016336D306739D0F83F68F4A0B7A4DE57DCC1BF47D1B30DE
01_Forex;EURUSD;08_GRID_UNIFIED;BOTH;MULTI;21;12214540800000;FAST_GENETIC;653887456;HEDGE_ACCOUNT_REQUIRED;01_Forex/EURUSD/08_GRID_UNIFIED/BOTH_MULTI.set;4B22892B9097BD20E3101089D60E335CDC5DEC2012B55BFC59A666E3469F5A83
01_Forex;EURUSD;08_GRID_UNIFIED;BOTH;ICHIMOKU;20;266499072000;FAST_GENETIC;623522616;HEDGE_ACCOUNT_REQUIRED;01_Forex/EURUSD/08_GRID_UNIFIED/BOTH_ICHIMOKU.set;BB61C3780422603F0097BCABF4F7590EA0BB23AC342BEC07282FC72DE628E32C
01_Forex;EURUSD;09_MARTINGALE;BUY;MULTI;21;11146899456000;FAST_GENETIC;680224691;HIGH_RISK;01_Forex/EURUSD/09_MARTINGALE/BUY_MULTI.set;6065ED00002C1FD8E22B735CC68298830B132C690113222DDB48B16AA44E16F8
01_Forex;EURUSD;09_MARTINGALE;BUY;ICHIMOKU;20;243205079040;FAST_GENETIC;618175894;HIGH_RISK;01_Forex/EURUSD/09_MARTINGALE/BUY_ICHIMOKU.set;DA15F2CBB2540BDBF733DE81D72ABE651AA66BDC02CC33E7111CE0BD243C0731
01_Forex;EURUSD;09_MARTINGALE;SELL;MULTI;21;11146899456000;FAST_GENETIC;651350692;HIGH_RISK;01_Forex/EURUSD/09_MARTINGALE/SELL_MULTI.set;88269141894DE2505F4418EBB3F860EC535E21E40D81130C445500AA98370EAD
01_Forex;EURUSD;09_MARTINGALE;SELL;ICHIMOKU;20;243205079040;FAST_GENETIC;648800528;HIGH_RISK;01_Forex/EURUSD/09_MARTINGALE/SELL_ICHIMOKU.set;35C339567CF0BC19489E2547490CC562C567D2C5BD59F3ECA710B9449ADD263F
01_Forex;EURUSD;10_DALEMBERT;BUY;MULTI;21;7962071040000;FAST_GENETIC;675902683;HIGH_RISK;01_Forex/EURUSD/10_DALEMBERT/BUY_MULTI.set;5A8F58D7D3E5B6DACEE386F2B481F3E20991604BBA1B69D615623EF8F05F2A78
01_Forex;EURUSD;10_DALEMBERT;BUY;ICHIMOKU;20;173717913600;FAST_GENETIC;613170442;HIGH_RISK;01_Forex/EURUSD/10_DALEMBERT/BUY_ICHIMOKU.set;3B8D53E2DADD0FC10A94264F78FAA71CE82EFE2A54B693BDE916190333C92BE6
01_Forex;EURUSD;10_DALEMBERT;SELL;MULTI;21;7962071040000;FAST_GENETIC;673883437;HIGH_RISK;01_Forex/EURUSD/10_DALEMBERT/SELL_MULTI.set;5DF89657D187E29397DC73A54BB8CFE16CB6555DEC2C2C13FD557EF4FBA60B01
01_Forex;EURUSD;10_DALEMBERT;SELL;ICHIMOKU;20;173717913600;FAST_GENETIC;686195022;HIGH_RISK;01_Forex/EURUSD/10_DALEMBERT/SELL_ICHIMOKU.set;0DF864132C257808A3D93A4CB7ACCB573D1E2E40F601C3DDA58D12E585B1F804
01_Forex;EURUSD;11_SIGNAL_ONLY;BUY;MULTI;16;354816000;FAST_GENETIC;634920793;HIGH_RISK_RESEARCH;01_Forex/EURUSD/11_SIGNAL_ONLY/BUY_MULTI.set;CFCC97D1ACF12C9BD4426C882C76EDF348C3231920F89AA6C57937BFAAB607C2
01_Forex;EURUSD;11_SIGNAL_ONLY;BUY;ICHIMOKU;15;7741440;FAST_GENETIC;693635526;HIGH_RISK_RESEARCH;01_Forex/EURUSD/11_SIGNAL_ONLY/BUY_ICHIMOKU.set;8FBC26130873762949C5A1FE93F226AC604A8A1B3D9BEE5F1DAB5B36824CDC9D
01_Forex;EURUSD;11_SIGNAL_ONLY;SELL;MULTI;16;354816000;FAST_GENETIC;623096251;HIGH_RISK_RESEARCH;01_Forex/EURUSD/11_SIGNAL_ONLY/SELL_MULTI.set;B1BC7CC0B05BB312847CF1589A1B9C65BED5030F663525C6031D0FD695288E64
01_Forex;EURUSD;11_SIGNAL_ONLY;SELL;ICHIMOKU;15;7741440;FAST_GENETIC;699458479;HIGH_RISK_RESEARCH;01_Forex/EURUSD/11_SIGNAL_ONLY/SELL_ICHIMOKU.set;F1ABEE1FE7DFF2AF5FD28A1B8C26E0BCA522BC98AC67D45C04B5EB9CE2BC051D
01_Forex;GBPAUD;01_SLTP;BUY;MULTI;19;398103552000;FAST_GENETIC;665078499;RESEARCH;01_Forex/GBPAUD/01_SLTP/BUY_MULTI.set;776579964150436408EC262DC24FD6669F647BE49ED1CE38EEA84721C4BD320A
01_Forex;GBPAUD;01_SLTP;BUY;ICHIMOKU;18;8685895680;FAST_GENETIC;637131133;RESEARCH;01_Forex/GBPAUD/01_SLTP/BUY_ICHIMOKU.set;331DB4A6683D58E6C79EE37F91B0077B1F366C4EF62A4D8ADB662E9DE0E6054F
01_Forex;GBPAUD;01_SLTP;SELL;MULTI;19;398103552000;FAST_GENETIC;623996720;RESEARCH;01_Forex/GBPAUD/01_SLTP/SELL_MULTI.set;FFB858983F4972B905CB7657096E70D8D8FEFD36609DB32B234562B1472CB4E9
01_Forex;GBPAUD;01_SLTP;SELL;ICHIMOKU;18;8685895680;FAST_GENETIC;698609057;RESEARCH;01_Forex/GBPAUD/01_SLTP/SELL_ICHIMOKU.set;80B3603BA5795618B70B13F9EF514F90AE82746C2CD7A273F20C6E5406CAA716
01_Forex;GBPAUD;02_SLTP_ORGANIC;BUY;MULTI;19;398103552000;FAST_GENETIC;664815963;RESEARCH;01_Forex/GBPAUD/02_SLTP_ORGANIC/BUY_MULTI.set;3BC9BC40F8280E7ED219598E27BB05901994A7E5F2A49CAAA1FE0DE264C3E747
01_Forex;GBPAUD;02_SLTP_ORGANIC;BUY;ICHIMOKU;18;8685895680;FAST_GENETIC;686821236;RESEARCH;01_Forex/GBPAUD/02_SLTP_ORGANIC/BUY_ICHIMOKU.set;98DD791DA758E55F5B3D9CEF4A2B58A8F9915FADDFC24A04109E91C0CD557729
01_Forex;GBPAUD;02_SLTP_ORGANIC;SELL;MULTI;19;398103552000;FAST_GENETIC;683245700;RESEARCH;01_Forex/GBPAUD/02_SLTP_ORGANIC/SELL_MULTI.set;D3167607EB0B703908691D039EA702244CE1D9E81DFD7853FDAD89C305E468EB
01_Forex;GBPAUD;02_SLTP_ORGANIC;SELL;ICHIMOKU;18;8685895680;FAST_GENETIC;632363133;RESEARCH;01_Forex/GBPAUD/02_SLTP_ORGANIC/SELL_ICHIMOKU.set;96485405DC28F857B033AA7455A2649621D35C9481F5D05A2388029201323622
01_Forex;GBPAUD;03_TRAIL_ONLY;BUY;MULTI;20;1287982080000;FAST_GENETIC;659412952;RESEARCH;01_Forex/GBPAUD/03_TRAIL_ONLY/BUY_MULTI.set;BF3D6F52198A161B8BB89D4B4E875CAEFA1048A7466F0198615B769DE7A0F197
01_Forex;GBPAUD;03_TRAIL_ONLY;BUY;ICHIMOKU;19;28101427200;FAST_GENETIC;654373333;RESEARCH;01_Forex/GBPAUD/03_TRAIL_ONLY/BUY_ICHIMOKU.set;DB9599F86C1178464B5F4E58B4BE6882A1AACAA7DF794ED6C2A24CA0B988A83C
01_Forex;GBPAUD;03_TRAIL_ONLY;SELL;MULTI;20;1287982080000;FAST_GENETIC;690044292;RESEARCH;01_Forex/GBPAUD/03_TRAIL_ONLY/SELL_MULTI.set;A5DFD768C01961338F0EBA144A5017C23362514AE2A1D91DC47CE36674EBB99C
01_Forex;GBPAUD;03_TRAIL_ONLY;SELL;ICHIMOKU;19;28101427200;FAST_GENETIC;616879579;RESEARCH;01_Forex/GBPAUD/03_TRAIL_ONLY/SELL_ICHIMOKU.set;B682BDEC983CF9CD7A2B47FCD83B124E6B82B344723B5FFC0436EDE73B9DB1AC
01_Forex;GBPAUD;04_SLTP_TRAIL;BUY;MULTI;20;4379139072000;FAST_GENETIC;648073388;RESEARCH;01_Forex/GBPAUD/04_SLTP_TRAIL/BUY_MULTI.set;BA575474F645C3B641E4C54EA401FFFC1EA5099050F16A40CC8E5922AA79F609
01_Forex;GBPAUD;04_SLTP_TRAIL;BUY;ICHIMOKU;19;95544852480;FAST_GENETIC;659405129;RESEARCH;01_Forex/GBPAUD/04_SLTP_TRAIL/BUY_ICHIMOKU.set;37C52581A97AB7C6B509C5899117BD3FC67F40F418C291124B50C11FC74097A0
01_Forex;GBPAUD;04_SLTP_TRAIL;SELL;MULTI;20;4379139072000;FAST_GENETIC;640765750;RESEARCH;01_Forex/GBPAUD/04_SLTP_TRAIL/SELL_MULTI.set;013AB115B88B9DEC884E3234C6096C9BE1275920F5CE019C5E4A21469EB027A5
01_Forex;GBPAUD;04_SLTP_TRAIL;SELL;ICHIMOKU;19;95544852480;FAST_GENETIC;649509384;RESEARCH;01_Forex/GBPAUD/04_SLTP_TRAIL/SELL_ICHIMOKU.set;444C531B0EB7A02E59461327DC3FAA59DEE58B4080A7B554045405528C6633C9
01_Forex;GBPAUD;05_BE_TRAIL;BUY;MULTI;19;643991040000;FAST_GENETIC;674273451;RESEARCH;01_Forex/GBPAUD/05_BE_TRAIL/BUY_MULTI.set;ADA36B2519C7813D55CD02FCBBF952F71E8088AEA13CC06EC9A0675465A514FC
01_Forex;GBPAUD;05_BE_TRAIL;BUY;ICHIMOKU;18;14050713600;FAST_GENETIC;642920484;RESEARCH;01_Forex/GBPAUD/05_BE_TRAIL/BUY_ICHIMOKU.set;C2FD8CC8329E835914EF9EEC87898C00215AF7931D14F83FE0DEED6990C98144
01_Forex;GBPAUD;05_BE_TRAIL;SELL;MULTI;19;643991040000;FAST_GENETIC;628793299;RESEARCH;01_Forex/GBPAUD/05_BE_TRAIL/SELL_MULTI.set;B8BBD8A112AD6B800FE6A31ABAFF9CFBB5AA36A93F9D33267FE48D17D2C79E8C
01_Forex;GBPAUD;05_BE_TRAIL;SELL;ICHIMOKU;18;14050713600;FAST_GENETIC;658513233;RESEARCH;01_Forex/GBPAUD/05_BE_TRAIL/SELL_ICHIMOKU.set;FA5FD120A1613B075FFBDEF1E16BF888E126D3B941FB55CA208E8D1FA0B39598
01_Forex;GBPAUD;06_REVERSAL_EXIT;BUY;MULTI;21;1030385664000;FAST_GENETIC;663968547;RESEARCH;01_Forex/GBPAUD/06_REVERSAL_EXIT/BUY_MULTI.set;6566F8D8697F41D5E78A4855C80CD352739EB4256BDA5427DDA746D3C2EE2C0E
01_Forex;GBPAUD;06_REVERSAL_EXIT;BUY;ICHIMOKU;20;22481141760;FAST_GENETIC;620351246;RESEARCH;01_Forex/GBPAUD/06_REVERSAL_EXIT/BUY_ICHIMOKU.set;391344AAC82ABCCDAAD7028ABB2CBA25E1CB25D292D2599959E7BA45BACEBBC3
01_Forex;GBPAUD;06_REVERSAL_EXIT;SELL;MULTI;21;1030385664000;FAST_GENETIC;640043558;RESEARCH;01_Forex/GBPAUD/06_REVERSAL_EXIT/SELL_MULTI.set;F61F2E4BE65CEC418EE85072B4EB856D2DAB4665E011D57F2BD0D765B7C8987A
01_Forex;GBPAUD;06_REVERSAL_EXIT;SELL;ICHIMOKU;20;22481141760;FAST_GENETIC;676109484;RESEARCH;01_Forex/GBPAUD/06_REVERSAL_EXIT/SELL_ICHIMOKU.set;C3BD83363DB134F707FA524D5B6C5320747E3BAF5FE95A634F255B5BAF4E79C9
01_Forex;GBPAUD;07_GRID_SEPARATE;BUY;MULTI;20;2442908160000;FAST_GENETIC;666291797;HEDGE_ACCOUNT_REQUIRED;01_Forex/GBPAUD/07_GRID_SEPARATE/BUY_MULTI.set;39DB405E0E0C03729345FE6075008A6F6F2F2023B704825C0D9FD93DF2783A1A
01_Forex;GBPAUD;07_GRID_SEPARATE;BUY;ICHIMOKU;19;53299814400;FAST_GENETIC;699291165;HEDGE_ACCOUNT_REQUIRED;01_Forex/GBPAUD/07_GRID_SEPARATE/BUY_ICHIMOKU.set;2AA905CB839AFAC82556486953723C53BF553F5D0B411D8EB42EBCF804F92996
01_Forex;GBPAUD;07_GRID_SEPARATE;SELL;MULTI;20;2442908160000;FAST_GENETIC;696111454;HEDGE_ACCOUNT_REQUIRED;01_Forex/GBPAUD/07_GRID_SEPARATE/SELL_MULTI.set;97BE8565B4FE8FF5AB9EEB7C405F6BD577BD92D4BE2C8B447AA2F013E1991196
01_Forex;GBPAUD;07_GRID_SEPARATE;SELL;ICHIMOKU;19;53299814400;FAST_GENETIC;636142822;HEDGE_ACCOUNT_REQUIRED;01_Forex/GBPAUD/07_GRID_SEPARATE/SELL_ICHIMOKU.set;CEB6A7793BEC8517A3F787D0EE1907CB9E6532500B6D9BF72E0BA1C7814E2FD7
01_Forex;GBPAUD;08_GRID_UNIFIED;BOTH;MULTI;21;12214540800000;FAST_GENETIC;666283648;HEDGE_ACCOUNT_REQUIRED;01_Forex/GBPAUD/08_GRID_UNIFIED/BOTH_MULTI.set;A180A073FFB7D19BC8C80FFBD33AE389091E809567286E1EE68A7597A52FD9A2
01_Forex;GBPAUD;08_GRID_UNIFIED;BOTH;ICHIMOKU;20;266499072000;FAST_GENETIC;693143261;HEDGE_ACCOUNT_REQUIRED;01_Forex/GBPAUD/08_GRID_UNIFIED/BOTH_ICHIMOKU.set;1243F79E1883E8EED61CAEE4D6A4BC3B41AA49286899B37446096D9FA5D6B053
01_Forex;GBPAUD;09_MARTINGALE;BUY;MULTI;21;11146899456000;FAST_GENETIC;674135458;HIGH_RISK;01_Forex/GBPAUD/09_MARTINGALE/BUY_MULTI.set;3A2CE3A64777CB62F4DB9BFFC4217AC3B26CAFF6DF1608550CC2F4969BB06030
01_Forex;GBPAUD;09_MARTINGALE;BUY;ICHIMOKU;20;243205079040;FAST_GENETIC;621118082;HIGH_RISK;01_Forex/GBPAUD/09_MARTINGALE/BUY_ICHIMOKU.set;56392C8AEB09A8CB7A87015B76DB7A85DF8F29C4E328345E8D87E1F4A23B1EBB
01_Forex;GBPAUD;09_MARTINGALE;SELL;MULTI;21;11146899456000;FAST_GENETIC;643047556;HIGH_RISK;01_Forex/GBPAUD/09_MARTINGALE/SELL_MULTI.set;50FFF98F511AA79F5AA4AF55CCB419DD6E4DA34EAB31879DDE105516128CFC93
01_Forex;GBPAUD;09_MARTINGALE;SELL;ICHIMOKU;20;243205079040;FAST_GENETIC;622039691;HIGH_RISK;01_Forex/GBPAUD/09_MARTINGALE/SELL_ICHIMOKU.set;706FEE0C3E31F534C2A94818B426B62C48816C7B6B1DB6DDC1DA375F6254D43D
01_Forex;GBPAUD;10_DALEMBERT;BUY;MULTI;21;7962071040000;FAST_GENETIC;666568021;HIGH_RISK;01_Forex/GBPAUD/10_DALEMBERT/BUY_MULTI.set;08B929AC00D3D9B11071AB57C13FCD49E37D5DD0F0E40047A8CD9FF80D3C126D
01_Forex;GBPAUD;10_DALEMBERT;BUY;ICHIMOKU;20;173717913600;FAST_GENETIC;676478952;HIGH_RISK;01_Forex/GBPAUD/10_DALEMBERT/BUY_ICHIMOKU.set;422AB7FBA5D39727A204AC09DED518E58A4A080C023B428F46D3325429DBEBAE
01_Forex;GBPAUD;10_DALEMBERT;SELL;MULTI;21;7962071040000;FAST_GENETIC;680823109;HIGH_RISK;01_Forex/GBPAUD/10_DALEMBERT/SELL_MULTI.set;DEC8C63255D6BB1254E965779BB3E7EB0F550B09A217C88E8F266A1E049EA867
01_Forex;GBPAUD;10_DALEMBERT;SELL;ICHIMOKU;20;173717913600;FAST_GENETIC;610314649;HIGH_RISK;01_Forex/GBPAUD/10_DALEMBERT/SELL_ICHIMOKU.set;1743D66967620E32B40C74B5C158E98BCEFD5552CE18C35B86BE0AB9D5B851B8
01_Forex;GBPAUD;11_SIGNAL_ONLY;BUY;MULTI;16;354816000;FAST_GENETIC;639743516;HIGH_RISK_RESEARCH;01_Forex/GBPAUD/11_SIGNAL_ONLY/BUY_MULTI.set;D0BC03D801C588109B5299DC87C7FAE49C6556ABD1CBC3836C493D3C282D0A6E
01_Forex;GBPAUD;11_SIGNAL_ONLY;BUY;ICHIMOKU;15;7741440;FAST_GENETIC;625692399;HIGH_RISK_RESEARCH;01_Forex/GBPAUD/11_SIGNAL_ONLY/BUY_ICHIMOKU.set;1815EBF34216A0E0E58A23B50C9D3FD777820767750525124983DAFEB34274F7
01_Forex;GBPAUD;11_SIGNAL_ONLY;SELL;MULTI;16;354816000;FAST_GENETIC;619007781;HIGH_RISK_RESEARCH;01_Forex/GBPAUD/11_SIGNAL_ONLY/SELL_MULTI.set;62EA155E2F980D9576472C65DDD625CF74A7A8CB34AD9F2BACA9940616D222D9
01_Forex;GBPAUD;11_SIGNAL_ONLY;SELL;ICHIMOKU;15;7741440;FAST_GENETIC;650337205;HIGH_RISK_RESEARCH;01_Forex/GBPAUD/11_SIGNAL_ONLY/SELL_ICHIMOKU.set;E51AB5066CB5FD112CC9712721615F5BEB9B87B77FD9F68CC6C07889EC3FCC05
01_Forex;GBPCAD;01_SLTP;BUY;MULTI;19;398103552000;FAST_GENETIC;654764013;RESEARCH;01_Forex/GBPCAD/01_SLTP/BUY_MULTI.set;287746CA1B523FF094950783755A5B354F903FE79B6E20777A730B35C5C01E37
01_Forex;GBPCAD;01_SLTP;BUY;ICHIMOKU;18;8685895680;FAST_GENETIC;625873809;RESEARCH;01_Forex/GBPCAD/01_SLTP/BUY_ICHIMOKU.set;12715DEB44F7522184A8969F029FF52DF3DC04D2B63D343C8D22573A425ED10E
01_Forex;GBPCAD;01_SLTP;SELL;MULTI;19;398103552000;FAST_GENETIC;655350569;RESEARCH;01_Forex/GBPCAD/01_SLTP/SELL_MULTI.set;90BA2947F609934621D5B8D458E1EB99DD0B922BC631F0895FC125A716255F8F
01_Forex;GBPCAD;01_SLTP;SELL;ICHIMOKU;18;8685895680;FAST_GENETIC;692231242;RESEARCH;01_Forex/GBPCAD/01_SLTP/SELL_ICHIMOKU.set;402889E52C140AB86895A26189177ED11A01A796BC89F3797DF72AF323DE98B1
01_Forex;GBPCAD;02_SLTP_ORGANIC;BUY;MULTI;19;398103552000;FAST_GENETIC;655308942;RESEARCH;01_Forex/GBPCAD/02_SLTP_ORGANIC/BUY_MULTI.set;C9EA2A6B4B906C1091F99BD9E17CDD2129B1B3F65E2E9EC4ED352053CCCF9A3F
01_Forex;GBPCAD;02_SLTP_ORGANIC;BUY;ICHIMOKU;18;8685895680;FAST_GENETIC;699093350;RESEARCH;01_Forex/GBPCAD/02_SLTP_ORGANIC/BUY_ICHIMOKU.set;2A6308013053B5E99167019E12B64A2E1DD11DE2115E130E298757DA234C28E3
01_Forex;GBPCAD;02_SLTP_ORGANIC;SELL;MULTI;19;398103552000;FAST_GENETIC;685548463;RESEARCH;01_Forex/GBPCAD/02_SLTP_ORGANIC/SELL_MULTI.set;5C90584E71B3C8BD35C2B254BE28E5042B23A650541CFFE0D7912A269360BD86
01_Forex;GBPCAD;02_SLTP_ORGANIC;SELL;ICHIMOKU;18;8685895680;FAST_GENETIC;693492737;RESEARCH;01_Forex/GBPCAD/02_SLTP_ORGANIC/SELL_ICHIMOKU.set;60E13B2F774DAD4D9ECCA6602D9F5CCAB27483F2870D1100E2AD2028E56C68B6
01_Forex;GBPCAD;03_TRAIL_ONLY;BUY;MULTI;20;1287982080000;FAST_GENETIC;691136476;RESEARCH;01_Forex/GBPCAD/03_TRAIL_ONLY/BUY_MULTI.set;281889C0D5A8C96E3A1E005F6B387DE33082F00F033AE1742F6A3E3E48C62174
01_Forex;GBPCAD;03_TRAIL_ONLY;BUY;ICHIMOKU;19;28101427200;FAST_GENETIC;671496154;RESEARCH;01_Forex/GBPCAD/03_TRAIL_ONLY/BUY_ICHIMOKU.set;ADF12382797222ACE0048CF0BEAFD0097138FC97EBD977B75E8A136FDFAE65E7
01_Forex;GBPCAD;03_TRAIL_ONLY;SELL;MULTI;20;1287982080000;FAST_GENETIC;659540923;RESEARCH;01_Forex/GBPCAD/03_TRAIL_ONLY/SELL_MULTI.set;3D849CB95EC8A5A9A029CA178DE801FB2C5DB5DF5CD0B9B3856D7C303296EDC5
01_Forex;GBPCAD;03_TRAIL_ONLY;SELL;ICHIMOKU;19;28101427200;FAST_GENETIC;639855326;RESEARCH;01_Forex/GBPCAD/03_TRAIL_ONLY/SELL_ICHIMOKU.set;0BBC1EBCA16807F4AA1BC6BA4F01F18EE6D26A832CC659302DFB9C6D5A270DBF
01_Forex;GBPCAD;04_SLTP_TRAIL;BUY;MULTI;20;4379139072000;FAST_GENETIC;621314628;RESEARCH;01_Forex/GBPCAD/04_SLTP_TRAIL/BUY_MULTI.set;F4059D3F70EE1D097F67D12FEFD5EF297F8ACD8898211BC183E646AD3ACC67A7
01_Forex;GBPCAD;04_SLTP_TRAIL;BUY;ICHIMOKU;19;95544852480;FAST_GENETIC;695247889;RESEARCH;01_Forex/GBPCAD/04_SLTP_TRAIL/BUY_ICHIMOKU.set;ECD78186C216E69134F68210904515BC0E8099B3A3FC0252D2C361212DBCBCF5
01_Forex;GBPCAD;04_SLTP_TRAIL;SELL;MULTI;20;4379139072000;FAST_GENETIC;636880529;RESEARCH;01_Forex/GBPCAD/04_SLTP_TRAIL/SELL_MULTI.set;B747EB1F56F4D7A693C3348A4CD701F52253A50D7022BD0AC127BAC3041A7547
01_Forex;GBPCAD;04_SLTP_TRAIL;SELL;ICHIMOKU;19;95544852480;FAST_GENETIC;624076894;RESEARCH;01_Forex/GBPCAD/04_SLTP_TRAIL/SELL_ICHIMOKU.set;BD893E0A04D4520D5137A0CFD18113F885FE98C6DC5F72F314D6F105DB3691BC
01_Forex;GBPCAD;05_BE_TRAIL;BUY;MULTI;19;643991040000;FAST_GENETIC;657084201;RESEARCH;01_Forex/GBPCAD/05_BE_TRAIL/BUY_MULTI.set;AD2372388B1B712DA8D828C81F8A6D194C1CE44713D634522B71CA5FD6430868
01_Forex;GBPCAD;05_BE_TRAIL;BUY;ICHIMOKU;18;14050713600;FAST_GENETIC;610033354;RESEARCH;01_Forex/GBPCAD/05_BE_TRAIL/BUY_ICHIMOKU.set;89A37277F8EAA9CFD73B46A5CF5967BBB7D4E39D6DCBE774598D5D229FD82C59
01_Forex;GBPCAD;05_BE_TRAIL;SELL;MULTI;19;643991040000;FAST_GENETIC;654696882;RESEARCH;01_Forex/GBPCAD/05_BE_TRAIL/SELL_MULTI.set;55839927695FFDB62DD603E52EE947B59E456C50A8BFADA8230D55DED5356E2E
01_Forex;GBPCAD;05_BE_TRAIL;SELL;ICHIMOKU;18;14050713600;FAST_GENETIC;684615084;RESEARCH;01_Forex/GBPCAD/05_BE_TRAIL/SELL_ICHIMOKU.set;C0EA8F94B13E075F504CFF13D61CD6965A055FDAF05A8738ECFE9237C9A4A316
01_Forex;GBPCAD;06_REVERSAL_EXIT;BUY;MULTI;21;1030385664000;FAST_GENETIC;679701511;RESEARCH;01_Forex/GBPCAD/06_REVERSAL_EXIT/BUY_MULTI.set;CDB9B5AA215BFA669724B8FC1F83096D49FAD7354646458B2872163A3C36CEEE
01_Forex;GBPCAD;06_REVERSAL_EXIT;BUY;ICHIMOKU;20;22481141760;FAST_GENETIC;614828682;RESEARCH;01_Forex/GBPCAD/06_REVERSAL_EXIT/BUY_ICHIMOKU.set;E1A2003CACA3EB46B1C38401E158BBE977DFC5A80038512EEB7660C60DCD1233
01_Forex;GBPCAD;06_REVERSAL_EXIT;SELL;MULTI;21;1030385664000;FAST_GENETIC;647990980;RESEARCH;01_Forex/GBPCAD/06_REVERSAL_EXIT/SELL_MULTI.set;C1B5BEC15BEC5FE2C3C5E763E4D061883EA36EDD8E8179B14E737D2E4454E617
01_Forex;GBPCAD;06_REVERSAL_EXIT;SELL;ICHIMOKU;20;22481141760;FAST_GENETIC;673133845;RESEARCH;01_Forex/GBPCAD/06_REVERSAL_EXIT/SELL_ICHIMOKU.set;D19274470B412E6079C17983AB53E7930A701546D6B9338ED41ECCF7B738718F
01_Forex;GBPCAD;07_GRID_SEPARATE;BUY;MULTI;20;2442908160000;FAST_GENETIC;692525061;HEDGE_ACCOUNT_REQUIRED;01_Forex/GBPCAD/07_GRID_SEPARATE/BUY_MULTI.set;544781AD97AE231A0793F17BD01612909094B8EC47C2887B0627302D301BB55C
01_Forex;GBPCAD;07_GRID_SEPARATE;BUY;ICHIMOKU;19;53299814400;FAST_GENETIC;667455729;HEDGE_ACCOUNT_REQUIRED;01_Forex/GBPCAD/07_GRID_SEPARATE/BUY_ICHIMOKU.set;0CF810EECEC98B9A7B53FFEC64F763E93E58EC205FAA6B05F5749F5F0888E470
01_Forex;GBPCAD;07_GRID_SEPARATE;SELL;MULTI;20;2442908160000;FAST_GENETIC;690662561;HEDGE_ACCOUNT_REQUIRED;01_Forex/GBPCAD/07_GRID_SEPARATE/SELL_MULTI.set;99BC132D3DCB2B3ECB83D48B055FEB5658E573A3234583EDEA111F948FC38C2D
01_Forex;GBPCAD;07_GRID_SEPARATE;SELL;ICHIMOKU;19;53299814400;FAST_GENETIC;669359112;HEDGE_ACCOUNT_REQUIRED;01_Forex/GBPCAD/07_GRID_SEPARATE/SELL_ICHIMOKU.set;465095C879B2BC86CB26940B5D6C197525C766B21B89042F3C2B52C6BF4196ED
01_Forex;GBPCAD;08_GRID_UNIFIED;BOTH;MULTI;21;12214540800000;FAST_GENETIC;681508797;HEDGE_ACCOUNT_REQUIRED;01_Forex/GBPCAD/08_GRID_UNIFIED/BOTH_MULTI.set;FD4B78F7CEA8085AA8BBCE8B267A415AAD1B4BEB23E1B00206D51CF18B822450
01_Forex;GBPCAD;08_GRID_UNIFIED;BOTH;ICHIMOKU;20;266499072000;FAST_GENETIC;638625560;HEDGE_ACCOUNT_REQUIRED;01_Forex/GBPCAD/08_GRID_UNIFIED/BOTH_ICHIMOKU.set;5ADF774C4680D87B8A0FF6E7C2ECD35DDD12785FE57D759877092AC0DC018E25
01_Forex;GBPCAD;09_MARTINGALE;BUY;MULTI;21;11146899456000;FAST_GENETIC;638176340;HIGH_RISK;01_Forex/GBPCAD/09_MARTINGALE/BUY_MULTI.set;94E1E8CC5E3855DE1EBB7DEB2B283F0AFFB90B9A1868887D3C759BCC691EC0F6
01_Forex;GBPCAD;09_MARTINGALE;BUY;ICHIMOKU;20;243205079040;FAST_GENETIC;649780541;HIGH_RISK;01_Forex/GBPCAD/09_MARTINGALE/BUY_ICHIMOKU.set;C184AA8DC7D9165305D802B13FAAAD8AC90F486374220526E92A5962E92DDAF9
01_Forex;GBPCAD;09_MARTINGALE;SELL;MULTI;21;11146899456000;FAST_GENETIC;650654311;HIGH_RISK;01_Forex/GBPCAD/09_MARTINGALE/SELL_MULTI.set;E8E531783055F9FDB8999D7F6BF8EF45AC7CAE5E5690E55689DCA6901F46FE3E
01_Forex;GBPCAD;09_MARTINGALE;SELL;ICHIMOKU;20;243205079040;FAST_GENETIC;673410915;HIGH_RISK;01_Forex/GBPCAD/09_MARTINGALE/SELL_ICHIMOKU.set;0E05BF85FF171A78EE23056A78CCA294756237A254E0B869C0C63AA9CC13655A
01_Forex;GBPCAD;10_DALEMBERT;BUY;MULTI;21;7962071040000;FAST_GENETIC;696941872;HIGH_RISK;01_Forex/GBPCAD/10_DALEMBERT/BUY_MULTI.set;1EB8B735C560A6A799C751AE78F0184E79FCB07158232E5A2B92892236449089
01_Forex;GBPCAD;10_DALEMBERT;BUY;ICHIMOKU;20;173717913600;FAST_GENETIC;616580228;HIGH_RISK;01_Forex/GBPCAD/10_DALEMBERT/BUY_ICHIMOKU.set;53BC1E5C36205276A21556716DF1179EF7D7017627F88A4BCAC40FD5FE24E197
01_Forex;GBPCAD;10_DALEMBERT;SELL;MULTI;21;7962071040000;FAST_GENETIC;669285163;HIGH_RISK;01_Forex/GBPCAD/10_DALEMBERT/SELL_MULTI.set;1C6396CE778B016A3FAFE7364BD1C6DE42C4D6CFF7CE1D0796422A893791BDE0
01_Forex;GBPCAD;10_DALEMBERT;SELL;ICHIMOKU;20;173717913600;FAST_GENETIC;690807871;HIGH_RISK;01_Forex/GBPCAD/10_DALEMBERT/SELL_ICHIMOKU.set;2CC40805CBD757B3ADFC5C3B572DDD3CBD94463E73A944D7A488523B7FBB2119
01_Forex;GBPCAD;11_SIGNAL_ONLY;BUY;MULTI;16;354816000;FAST_GENETIC;635258441;HIGH_RISK_RESEARCH;01_Forex/GBPCAD/11_SIGNAL_ONLY/BUY_MULTI.set;47B6F38B3794220BD92A6CF4D382F9223C8EBBA1E1A16415E4DC62F093D72423
01_Forex;GBPCAD;11_SIGNAL_ONLY;BUY;ICHIMOKU;15;7741440;FAST_GENETIC;633547437;HIGH_RISK_RESEARCH;01_Forex/GBPCAD/11_SIGNAL_ONLY/BUY_ICHIMOKU.set;D91FF6A8E254813185FAA9520041B43A9EF224996DE67B4AEB502B9A72C1954F
01_Forex;GBPCAD;11_SIGNAL_ONLY;SELL;MULTI;16;354816000;FAST_GENETIC;676334430;HIGH_RISK_RESEARCH;01_Forex/GBPCAD/11_SIGNAL_ONLY/SELL_MULTI.set;A2C4F96B0B508E9FA5E7D089E774F6E412DB90E267B972ADF78275B714888C5D
01_Forex;GBPCAD;11_SIGNAL_ONLY;SELL;ICHIMOKU;15;7741440;FAST_GENETIC;685108818;HIGH_RISK_RESEARCH;01_Forex/GBPCAD/11_SIGNAL_ONLY/SELL_ICHIMOKU.set;BA919300E619BFBC5202AE7BDFED75589018EDB9050A1C2246925FCD4820DFC0
01_Forex;GBPCHF;01_SLTP;BUY;MULTI;19;398103552000;FAST_GENETIC;638590653;RESEARCH;01_Forex/GBPCHF/01_SLTP/BUY_MULTI.set;03621AA3BD0FB0DF08263457AAF593353A70B15B8C7440E17C7A4D05B1D10748
01_Forex;GBPCHF;01_SLTP;BUY;ICHIMOKU;18;8685895680;FAST_GENETIC;687876954;RESEARCH;01_Forex/GBPCHF/01_SLTP/BUY_ICHIMOKU.set;98D644A61474A9403E68632791606B635DC93A6557D250CCF28077613DC208DD
01_Forex;GBPCHF;01_SLTP;SELL;MULTI;19;398103552000;FAST_GENETIC;615324611;RESEARCH;01_Forex/GBPCHF/01_SLTP/SELL_MULTI.set;76F9EBA962AE546E15A06E9771864CFB34366E29215E224E7B6A2A7F3949CA90
01_Forex;GBPCHF;01_SLTP;SELL;ICHIMOKU;18;8685895680;FAST_GENETIC;627064618;RESEARCH;01_Forex/GBPCHF/01_SLTP/SELL_ICHIMOKU.set;55676893FCEA284669EB1F5B9C09C46BC95B047EED28F8E83F82EB212E50B3C3
01_Forex;GBPCHF;02_SLTP_ORGANIC;BUY;MULTI;19;398103552000;FAST_GENETIC;685906172;RESEARCH;01_Forex/GBPCHF/02_SLTP_ORGANIC/BUY_MULTI.set;7A527F25F01B27880C7A1C65983648C4C60CFC57B88C461320EEBDD939A2A69D
01_Forex;GBPCHF;02_SLTP_ORGANIC;BUY;ICHIMOKU;18;8685895680;FAST_GENETIC;627163116;RESEARCH;01_Forex/GBPCHF/02_SLTP_ORGANIC/BUY_ICHIMOKU.set;71C8BB178E0384AD4B063C476CA613406C32A4BF9854BB952A1FF0F3BF714C76
01_Forex;GBPCHF;02_SLTP_ORGANIC;SELL;MULTI;19;398103552000;FAST_GENETIC;614218719;RESEARCH;01_Forex/GBPCHF/02_SLTP_ORGANIC/SELL_MULTI.set;66568339F5BDDDAEC45355F8788D1064CE9CA688A5939C3E01368EA7F56EEEBC
01_Forex;GBPCHF;02_SLTP_ORGANIC;SELL;ICHIMOKU;18;8685895680;FAST_GENETIC;686880125;RESEARCH;01_Forex/GBPCHF/02_SLTP_ORGANIC/SELL_ICHIMOKU.set;1E73520299412E5EE683D87BD99E28F341CA359FFC89EA81904F0A8F91465568
01_Forex;GBPCHF;03_TRAIL_ONLY;BUY;MULTI;20;1287982080000;FAST_GENETIC;657805764;RESEARCH;01_Forex/GBPCHF/03_TRAIL_ONLY/BUY_MULTI.set;7C1CE44FE84BF326681EA50A6379DC2768720A56D0AB99CAD3F91E76CFEB3BFC
01_Forex;GBPCHF;03_TRAIL_ONLY;BUY;ICHIMOKU;19;28101427200;FAST_GENETIC;650919595;RESEARCH;01_Forex/GBPCHF/03_TRAIL_ONLY/BUY_ICHIMOKU.set;97A3AFA18E886816E977F6F6CB28F08180B9A9A89995BD0298A62ECD5EE7B5E2
01_Forex;GBPCHF;03_TRAIL_ONLY;SELL;MULTI;20;1287982080000;FAST_GENETIC;648614933;RESEARCH;01_Forex/GBPCHF/03_TRAIL_ONLY/SELL_MULTI.set;15B0E5FCD8E98BB1F2DDA6310203C56BD7BD993A94ACE6513DC44E96CC11CF7F
01_Forex;GBPCHF;03_TRAIL_ONLY;SELL;ICHIMOKU;19;28101427200;FAST_GENETIC;644199513;RESEARCH;01_Forex/GBPCHF/03_TRAIL_ONLY/SELL_ICHIMOKU.set;844A8336DC500B2AF55CC117BBADB822991CB4592DC5B1BCAF384874E6B09B8A
01_Forex;GBPCHF;04_SLTP_TRAIL;BUY;MULTI;20;4379139072000;FAST_GENETIC;658804506;RESEARCH;01_Forex/GBPCHF/04_SLTP_TRAIL/BUY_MULTI.set;B0BEEA4EDE4C9B8B4A3D47428462186CCD7158A94F0C42B55DBCED37C5F7E416
01_Forex;GBPCHF;04_SLTP_TRAIL;BUY;ICHIMOKU;19;95544852480;FAST_GENETIC;619008630;RESEARCH;01_Forex/GBPCHF/04_SLTP_TRAIL/BUY_ICHIMOKU.set;73DCB9CAE2B7B0844BEA228953F0985C2E377AFDED040D07D165C97FCC024B19
01_Forex;GBPCHF;04_SLTP_TRAIL;SELL;MULTI;20;4379139072000;FAST_GENETIC;672124677;RESEARCH;01_Forex/GBPCHF/04_SLTP_TRAIL/SELL_MULTI.set;A6804E2B7F64675E6929332B0B800DCA20B2A3BB7CB7896EDEC83D385C070EE9
01_Forex;GBPCHF;04_SLTP_TRAIL;SELL;ICHIMOKU;19;95544852480;FAST_GENETIC;628101255;RESEARCH;01_Forex/GBPCHF/04_SLTP_TRAIL/SELL_ICHIMOKU.set;B07BED86BA4C019F6D59F9B9C94FEEBE5185DCBC7FCE6FD4296F1783C3644DA3
01_Forex;GBPCHF;05_BE_TRAIL;BUY;MULTI;19;643991040000;FAST_GENETIC;619203478;RESEARCH;01_Forex/GBPCHF/05_BE_TRAIL/BUY_MULTI.set;D7595553D99D6366A030065CFC9B734EF45D0C96C62FD74775DA8AE87C59894D
01_Forex;GBPCHF;05_BE_TRAIL;BUY;ICHIMOKU;18;14050713600;FAST_GENETIC;695050299;RESEARCH;01_Forex/GBPCHF/05_BE_TRAIL/BUY_ICHIMOKU.set;740AD739AF4A366D07CED4C6DCB769873F61F15B4F235D9BEFEC0FED912A3047
01_Forex;GBPCHF;05_BE_TRAIL;SELL;MULTI;19;643991040000;FAST_GENETIC;669211270;RESEARCH;01_Forex/GBPCHF/05_BE_TRAIL/SELL_MULTI.set;E5D2566AE5CCAF79C5D3F2731DACD7C0E55F782A7BD493DAC83E2B225F7E66C9
01_Forex;GBPCHF;05_BE_TRAIL;SELL;ICHIMOKU;18;14050713600;FAST_GENETIC;669023598;RESEARCH;01_Forex/GBPCHF/05_BE_TRAIL/SELL_ICHIMOKU.set;A6513FA3E250E8B676E86A87FE0203E0548997CFA97F853E884100DEF91A4F13
01_Forex;GBPCHF;06_REVERSAL_EXIT;BUY;MULTI;21;1030385664000;FAST_GENETIC;694796379;RESEARCH;01_Forex/GBPCHF/06_REVERSAL_EXIT/BUY_MULTI.set;4BBEEA4727CD0C6B8A5DF47E646556204AD10C6E6450D694BA26E76327CAEADD
01_Forex;GBPCHF;06_REVERSAL_EXIT;BUY;ICHIMOKU;20;22481141760;FAST_GENETIC;667929516;RESEARCH;01_Forex/GBPCHF/06_REVERSAL_EXIT/BUY_ICHIMOKU.set;515EF0E4C295E70C3C188ADCF665FD062DE2BA39566AFE73DAC304A576A2BD6F
01_Forex;GBPCHF;06_REVERSAL_EXIT;SELL;MULTI;21;1030385664000;FAST_GENETIC;639678114;RESEARCH;01_Forex/GBPCHF/06_REVERSAL_EXIT/SELL_MULTI.set;CB669EE638014C3E37BF499B001B50A98430CD50F2CDD863A7F43D229CAB2B30
01_Forex;GBPCHF;06_REVERSAL_EXIT;SELL;ICHIMOKU;20;22481141760;FAST_GENETIC;663540968;RESEARCH;01_Forex/GBPCHF/06_REVERSAL_EXIT/SELL_ICHIMOKU.set;EE04447D2CBBA4EEC39763DAE2DE38FC72947C1D5B0B36148B08E3371BAAEF26
01_Forex;GBPCHF;07_GRID_SEPARATE;BUY;MULTI;20;2442908160000;FAST_GENETIC;621995604;HEDGE_ACCOUNT_REQUIRED;01_Forex/GBPCHF/07_GRID_SEPARATE/BUY_MULTI.set;87A82BAA45A2C9847C626976510D979DE12FC92DE0983B464463323877B3BCF4
01_Forex;GBPCHF;07_GRID_SEPARATE;BUY;ICHIMOKU;19;53299814400;FAST_GENETIC;669380446;HEDGE_ACCOUNT_REQUIRED;01_Forex/GBPCHF/07_GRID_SEPARATE/BUY_ICHIMOKU.set;9243651F44A24EE8AB072A2DF2E0F38B978BEDCD030AB2BF46AE51B53B9AEE30
01_Forex;GBPCHF;07_GRID_SEPARATE;SELL;MULTI;20;2442908160000;FAST_GENETIC;629502077;HEDGE_ACCOUNT_REQUIRED;01_Forex/GBPCHF/07_GRID_SEPARATE/SELL_MULTI.set;E6CD14311AE57AADF35436D380DE27688538658727164F5B5333576100535E43
01_Forex;GBPCHF;07_GRID_SEPARATE;SELL;ICHIMOKU;19;53299814400;FAST_GENETIC;678543166;HEDGE_ACCOUNT_REQUIRED;01_Forex/GBPCHF/07_GRID_SEPARATE/SELL_ICHIMOKU.set;1D8D42EBC25CF6B127A33E972FCC77ABFBEEFDF452C4D90E3043CC7CCA833905
01_Forex;GBPCHF;08_GRID_UNIFIED;BOTH;MULTI;21;12214540800000;FAST_GENETIC;697630180;HEDGE_ACCOUNT_REQUIRED;01_Forex/GBPCHF/08_GRID_UNIFIED/BOTH_MULTI.set;86E739B5FCD1D3599623877DA5326182BBB621276B68A30AEA2E4FCB19C8B285
01_Forex;GBPCHF;08_GRID_UNIFIED;BOTH;ICHIMOKU;20;266499072000;FAST_GENETIC;629751008;HEDGE_ACCOUNT_REQUIRED;01_Forex/GBPCHF/08_GRID_UNIFIED/BOTH_ICHIMOKU.set;BFE43926FA531965BAA03AE6B19C83001A58A0BD61439D4E43C34C70E24BAA62
01_Forex;GBPCHF;09_MARTINGALE;BUY;MULTI;21;11146899456000;FAST_GENETIC;697904347;HIGH_RISK;01_Forex/GBPCHF/09_MARTINGALE/BUY_MULTI.set;5DC2BC42FF59882C465D75A71E20E8AD224620AB9095DCA2DEAF8CD9C4A909A6
01_Forex;GBPCHF;09_MARTINGALE;BUY;ICHIMOKU;20;243205079040;FAST_GENETIC;663945058;HIGH_RISK;01_Forex/GBPCHF/09_MARTINGALE/BUY_ICHIMOKU.set;83502136EF36BB0B5F0BEA339BDA35E8122BD3077FEE1D7D0C903145217B80E0
01_Forex;GBPCHF;09_MARTINGALE;SELL;MULTI;21;11146899456000;FAST_GENETIC;698268120;HIGH_RISK;01_Forex/GBPCHF/09_MARTINGALE/SELL_MULTI.set;2856ACD337DA527D633290206C645C85C13B3ECDD58713BA26E1AD052F7AEAC3
01_Forex;GBPCHF;09_MARTINGALE;SELL;ICHIMOKU;20;243205079040;FAST_GENETIC;680150370;HIGH_RISK;01_Forex/GBPCHF/09_MARTINGALE/SELL_ICHIMOKU.set;D164DEE55CAD200C9FE69E1047E865A936E91FEF57BF80BC8D5ADC8031E0B977
01_Forex;GBPCHF;10_DALEMBERT;BUY;MULTI;21;7962071040000;FAST_GENETIC;625115698;HIGH_RISK;01_Forex/GBPCHF/10_DALEMBERT/BUY_MULTI.set;84736D4510498225FB82E8642341564586AD7CD418F551F690507E18BC400501
01_Forex;GBPCHF;10_DALEMBERT;BUY;ICHIMOKU;20;173717913600;FAST_GENETIC;645681283;HIGH_RISK;01_Forex/GBPCHF/10_DALEMBERT/BUY_ICHIMOKU.set;45DF1C5E5FDE2CDDD8955EE25EB4FA585F008C7D51CA544DCE3C00F7EC529F91
01_Forex;GBPCHF;10_DALEMBERT;SELL;MULTI;21;7962071040000;FAST_GENETIC;649094652;HIGH_RISK;01_Forex/GBPCHF/10_DALEMBERT/SELL_MULTI.set;5510884F87C927CF4744658E0C2A75E7E282FD6BA4402F56791C778FDD6F8E98
01_Forex;GBPCHF;10_DALEMBERT;SELL;ICHIMOKU;20;173717913600;FAST_GENETIC;676294590;HIGH_RISK;01_Forex/GBPCHF/10_DALEMBERT/SELL_ICHIMOKU.set;A8855C8FCCF70E9A6765FF048022B9C5B6EA4395B14F0C42C4D95D26D2BA9563
01_Forex;GBPCHF;11_SIGNAL_ONLY;BUY;MULTI;16;354816000;FAST_GENETIC;622592031;HIGH_RISK_RESEARCH;01_Forex/GBPCHF/11_SIGNAL_ONLY/BUY_MULTI.set;78DD3E521ADEACB31CBEFD5CC2616E8334310AB83E6A2C438A9DEB2B29D23A0E
01_Forex;GBPCHF;11_SIGNAL_ONLY;BUY;ICHIMOKU;15;7741440;FAST_GENETIC;657266612;HIGH_RISK_RESEARCH;01_Forex/GBPCHF/11_SIGNAL_ONLY/BUY_ICHIMOKU.set;4FD4D81D06A057E4DC5C525D1B3F0C8406B0EA777627D7331116335DD1E12C7C
01_Forex;GBPCHF;11_SIGNAL_ONLY;SELL;MULTI;16;354816000;FAST_GENETIC;642058181;HIGH_RISK_RESEARCH;01_Forex/GBPCHF/11_SIGNAL_ONLY/SELL_MULTI.set;C40A211B8806DD56AA3DC4E94EBCF4CD128E5EEC9854EE319940619B0919CB5E
01_Forex;GBPCHF;11_SIGNAL_ONLY;SELL;ICHIMOKU;15;7741440;FAST_GENETIC;671084186;HIGH_RISK_RESEARCH;01_Forex/GBPCHF/11_SIGNAL_ONLY/SELL_ICHIMOKU.set;52C39E3D82D8A9313537C058311310039CD2AD17A74FBD77246D1CA88CB58621
01_Forex;GBPJPY;01_SLTP;BUY;MULTI;19;398103552000;FAST_GENETIC;648278158;RESEARCH;01_Forex/GBPJPY/01_SLTP/BUY_MULTI.set;DAA7D586681FB202A55570BF78401DDF9A390A4EF56B7C65FDFB41266DBF4040
01_Forex;GBPJPY;01_SLTP;BUY;ICHIMOKU;18;8685895680;FAST_GENETIC;658351801;RESEARCH;01_Forex/GBPJPY/01_SLTP/BUY_ICHIMOKU.set;BE99F66014D2A59FD4C8227DCA9F2CFD87ABFD3F49CF70BB765CFFC57F864BD8
01_Forex;GBPJPY;01_SLTP;SELL;MULTI;19;398103552000;FAST_GENETIC;697346768;RESEARCH;01_Forex/GBPJPY/01_SLTP/SELL_MULTI.set;CD9A39A7439A1A78BF0B387A8D7B74114FC581B6D2394083277EF576A80FFA77
01_Forex;GBPJPY;01_SLTP;SELL;ICHIMOKU;18;8685895680;FAST_GENETIC;618955301;RESEARCH;01_Forex/GBPJPY/01_SLTP/SELL_ICHIMOKU.set;DEBD364B7C82A1594328FF0691BC737B4F8BA0C139A2CA9E3AF3E589DEBB4369
01_Forex;GBPJPY;02_SLTP_ORGANIC;BUY;MULTI;19;398103552000;FAST_GENETIC;692342495;RESEARCH;01_Forex/GBPJPY/02_SLTP_ORGANIC/BUY_MULTI.set;06C0E461A6DDA1B87D0191DB84768CB40963111D44EAC47E0BCB6FF0333ACC28
01_Forex;GBPJPY;02_SLTP_ORGANIC;BUY;ICHIMOKU;18;8685895680;FAST_GENETIC;671914709;RESEARCH;01_Forex/GBPJPY/02_SLTP_ORGANIC/BUY_ICHIMOKU.set;E92B30C90ECDD4742890F68CB29F0664936D93B3C4735A3D9551561B1D474645
01_Forex;GBPJPY;02_SLTP_ORGANIC;SELL;MULTI;19;398103552000;FAST_GENETIC;636732098;RESEARCH;01_Forex/GBPJPY/02_SLTP_ORGANIC/SELL_MULTI.set;A171AA2AA5ECAD0A751E8D653398F0139BF695E018D9BEA83D4959CDE59E8F3B
01_Forex;GBPJPY;02_SLTP_ORGANIC;SELL;ICHIMOKU;18;8685895680;FAST_GENETIC;666208760;RESEARCH;01_Forex/GBPJPY/02_SLTP_ORGANIC/SELL_ICHIMOKU.set;8B06799099712701C07A0A80DE15376E5DD680BF61D594CFAC46651A7C25DDCD
01_Forex;GBPJPY;03_TRAIL_ONLY;BUY;MULTI;20;1287982080000;FAST_GENETIC;652101849;RESEARCH;01_Forex/GBPJPY/03_TRAIL_ONLY/BUY_MULTI.set;81F576071A40BEB7B6E0E12F7009AE031E2405A7439DBD0029115E2EC510A34E
01_Forex;GBPJPY;03_TRAIL_ONLY;BUY;ICHIMOKU;19;28101427200;FAST_GENETIC;614554838;RESEARCH;01_Forex/GBPJPY/03_TRAIL_ONLY/BUY_ICHIMOKU.set;8D53DB8AEE27CD1D0E85423CFB54BCF284400EAB57BEC3093BF433DE5C5D9F5F
01_Forex;GBPJPY;03_TRAIL_ONLY;SELL;MULTI;20;1287982080000;FAST_GENETIC;685560907;RESEARCH;01_Forex/GBPJPY/03_TRAIL_ONLY/SELL_MULTI.set;5F16CB81CA2388C2E561586564A2150D49048B34BD0F8B7EBE2AB877AE6783B1
01_Forex;GBPJPY;03_TRAIL_ONLY;SELL;ICHIMOKU;19;28101427200;FAST_GENETIC;625265006;RESEARCH;01_Forex/GBPJPY/03_TRAIL_ONLY/SELL_ICHIMOKU.set;6CB1A7E0274522A1CC318E03C2607AC8ED046DF17F17F4D6F5F7B7DD5BA3D269
01_Forex;GBPJPY;04_SLTP_TRAIL;BUY;MULTI;20;4379139072000;FAST_GENETIC;688244736;RESEARCH;01_Forex/GBPJPY/04_SLTP_TRAIL/BUY_MULTI.set;0DB7F06B3576EDD717E4F82BCFE0245E3AB0FB55197A6106CCBEC9125386061E
01_Forex;GBPJPY;04_SLTP_TRAIL;BUY;ICHIMOKU;19;95544852480;FAST_GENETIC;632215608;RESEARCH;01_Forex/GBPJPY/04_SLTP_TRAIL/BUY_ICHIMOKU.set;8DE94631AC8A8F5F0D14DA0D7E911D47B970310C5D1A716E73B472BA00CD2B91
01_Forex;GBPJPY;04_SLTP_TRAIL;SELL;MULTI;20;4379139072000;FAST_GENETIC;632009089;RESEARCH;01_Forex/GBPJPY/04_SLTP_TRAIL/SELL_MULTI.set;83BC07DCB9980646286568BA56309D282D2D9468654BA87D199F0AD28753CC31
01_Forex;GBPJPY;04_SLTP_TRAIL;SELL;ICHIMOKU;19;95544852480;FAST_GENETIC;663438678;RESEARCH;01_Forex/GBPJPY/04_SLTP_TRAIL/SELL_ICHIMOKU.set;2F3798E7F95C9AB3FEB0728FCC0F4D6BE951045CCCC9342BE36F62F1E31D726A
01_Forex;GBPJPY;05_BE_TRAIL;BUY;MULTI;19;643991040000;FAST_GENETIC;670426292;RESEARCH;01_Forex/GBPJPY/05_BE_TRAIL/BUY_MULTI.set;B1CC9968C56DD0170CF0A06702A8E983963D093ABE06B6A36126C10752B9FDAB
01_Forex;GBPJPY;05_BE_TRAIL;BUY;ICHIMOKU;18;14050713600;FAST_GENETIC;699128574;RESEARCH;01_Forex/GBPJPY/05_BE_TRAIL/BUY_ICHIMOKU.set;B3623FD74B76E99F96D31F0EBA0BC3A4B492BAD1C875DC101002C3C7A095581F
01_Forex;GBPJPY;05_BE_TRAIL;SELL;MULTI;19;643991040000;FAST_GENETIC;683229531;RESEARCH;01_Forex/GBPJPY/05_BE_TRAIL/SELL_MULTI.set;13DA282296656237CF7BB7DA0DA8F51DE939270B088A9D3B972F2F5C5408008E
01_Forex;GBPJPY;05_BE_TRAIL;SELL;ICHIMOKU;18;14050713600;FAST_GENETIC;680848567;RESEARCH;01_Forex/GBPJPY/05_BE_TRAIL/SELL_ICHIMOKU.set;F2FDCFCFC020E114D7E3ED794E577D20DAF8B3AADDC786DF08D3221BEA52E2EC
01_Forex;GBPJPY;06_REVERSAL_EXIT;BUY;MULTI;21;1030385664000;FAST_GENETIC;669524704;RESEARCH;01_Forex/GBPJPY/06_REVERSAL_EXIT/BUY_MULTI.set;40A0FAF38D0598FEA523B231331F90542D9FB2A083B503B073FFE3AE157BF7D2
01_Forex;GBPJPY;06_REVERSAL_EXIT;BUY;ICHIMOKU;20;22481141760;FAST_GENETIC;679767069;RESEARCH;01_Forex/GBPJPY/06_REVERSAL_EXIT/BUY_ICHIMOKU.set;DDBFEDF81CCDCA5F96D770A96D9032B235F436E6508C05101D7C6E75EA116400
01_Forex;GBPJPY;06_REVERSAL_EXIT;SELL;MULTI;21;1030385664000;FAST_GENETIC;645235052;RESEARCH;01_Forex/GBPJPY/06_REVERSAL_EXIT/SELL_MULTI.set;AA38788D7B6FADFD5186E01E0B63235981E0E5E2D142975A0A511938CAA7EA02
01_Forex;GBPJPY;06_REVERSAL_EXIT;SELL;ICHIMOKU;20;22481141760;FAST_GENETIC;614389448;RESEARCH;01_Forex/GBPJPY/06_REVERSAL_EXIT/SELL_ICHIMOKU.set;45D7CB5A75ED88F16981FC3BABB1A67C0BC6FB54F0FBDD80DD730FC2B55ED65D
01_Forex;GBPJPY;07_GRID_SEPARATE;BUY;MULTI;20;2442908160000;FAST_GENETIC;676298988;HEDGE_ACCOUNT_REQUIRED;01_Forex/GBPJPY/07_GRID_SEPARATE/BUY_MULTI.set;0550A51AEE08922EFB22EE9C73D8745C17C464E38A3D7551206A81A50DDEB2F8
01_Forex;GBPJPY;07_GRID_SEPARATE;BUY;ICHIMOKU;19;53299814400;FAST_GENETIC;669274692;HEDGE_ACCOUNT_REQUIRED;01_Forex/GBPJPY/07_GRID_SEPARATE/BUY_ICHIMOKU.set;C741863A6C3E0AC03284D81BBBAA0E44A9BF263F6236F5C5EDE41B3B26E8BF30
01_Forex;GBPJPY;07_GRID_SEPARATE;SELL;MULTI;20;2442908160000;FAST_GENETIC;691609451;HEDGE_ACCOUNT_REQUIRED;01_Forex/GBPJPY/07_GRID_SEPARATE/SELL_MULTI.set;10EAAC27A4E1FAB0DA1CEFA8F4F0DA88413A0CEF215CC63155EC24EC1FD8A5DF
01_Forex;GBPJPY;07_GRID_SEPARATE;SELL;ICHIMOKU;19;53299814400;FAST_GENETIC;652549205;HEDGE_ACCOUNT_REQUIRED;01_Forex/GBPJPY/07_GRID_SEPARATE/SELL_ICHIMOKU.set;281B8A8DDD85E8A26D6134534FBB1A053A3AB1FBED837EE969F1AD8DA6C2D1D8
01_Forex;GBPJPY;08_GRID_UNIFIED;BOTH;MULTI;21;12214540800000;FAST_GENETIC;628529882;HEDGE_ACCOUNT_REQUIRED;01_Forex/GBPJPY/08_GRID_UNIFIED/BOTH_MULTI.set;0910D11BF3C5FDB588F0D7EF5E8209BFD27C388E3BEEBD5AFB0CBBB50696B87F
01_Forex;GBPJPY;08_GRID_UNIFIED;BOTH;ICHIMOKU;20;266499072000;FAST_GENETIC;629285510;HEDGE_ACCOUNT_REQUIRED;01_Forex/GBPJPY/08_GRID_UNIFIED/BOTH_ICHIMOKU.set;9E7280FB75273A90CA40BFB54AE0A25A10ABB017A6C795F6F6C7FAB6ED8222B8
01_Forex;GBPJPY;09_MARTINGALE;BUY;MULTI;21;11146899456000;FAST_GENETIC;674898420;HIGH_RISK;01_Forex/GBPJPY/09_MARTINGALE/BUY_MULTI.set;2026744397D24F4D7CF7EB61965397865545DF6D1795FE45B7BEB2D2E438EC82
01_Forex;GBPJPY;09_MARTINGALE;BUY;ICHIMOKU;20;243205079040;FAST_GENETIC;623043660;HIGH_RISK;01_Forex/GBPJPY/09_MARTINGALE/BUY_ICHIMOKU.set;8C8AE9CC64E103D7A2E019D06B6AD6F8200E5C5846C84114705EC753C8BA0BED
01_Forex;GBPJPY;09_MARTINGALE;SELL;MULTI;21;11146899456000;FAST_GENETIC;674633882;HIGH_RISK;01_Forex/GBPJPY/09_MARTINGALE/SELL_MULTI.set;C19969B5191A34F8C6D893866F7C7298BD632E4CF06F15C5BDD0A9870527F768
01_Forex;GBPJPY;09_MARTINGALE;SELL;ICHIMOKU;20;243205079040;FAST_GENETIC;611966871;HIGH_RISK;01_Forex/GBPJPY/09_MARTINGALE/SELL_ICHIMOKU.set;63BDD91932001928035BF37387D69A77BD76C2513FD76BEE30F05076CB436120
01_Forex;GBPJPY;10_DALEMBERT;BUY;MULTI;21;7962071040000;FAST_GENETIC;633340828;HIGH_RISK;01_Forex/GBPJPY/10_DALEMBERT/BUY_MULTI.set;A2CD76EC52B524F874E29EA4C6DB5E9DA9F398EA2D0C55F7728F5492827A3CDD
01_Forex;GBPJPY;10_DALEMBERT;BUY;ICHIMOKU;20;173717913600;FAST_GENETIC;616603308;HIGH_RISK;01_Forex/GBPJPY/10_DALEMBERT/BUY_ICHIMOKU.set;CCD295257C307E4688D8C74CAA4113D812219C031179DFC458F4D231E991CB26
01_Forex;GBPJPY;10_DALEMBERT;SELL;MULTI;21;7962071040000;FAST_GENETIC;653152193;HIGH_RISK;01_Forex/GBPJPY/10_DALEMBERT/SELL_MULTI.set;F995E690B7B8895CB3AF449A34E0DB80ED19AB25505DF8AE116F7B06E23F1901
01_Forex;GBPJPY;10_DALEMBERT;SELL;ICHIMOKU;20;173717913600;FAST_GENETIC;643561662;HIGH_RISK;01_Forex/GBPJPY/10_DALEMBERT/SELL_ICHIMOKU.set;B164CCF856341A19F304AB403BD48386B95A9D02748232C34EA530DD2D4873AF
01_Forex;GBPJPY;11_SIGNAL_ONLY;BUY;MULTI;16;354816000;FAST_GENETIC;636711108;HIGH_RISK_RESEARCH;01_Forex/GBPJPY/11_SIGNAL_ONLY/BUY_MULTI.set;04B92D6694AC464052297191685FD34C5634B605856F399165487D775D8E8A36
01_Forex;GBPJPY;11_SIGNAL_ONLY;BUY;ICHIMOKU;15;7741440;FAST_GENETIC;634725624;HIGH_RISK_RESEARCH;01_Forex/GBPJPY/11_SIGNAL_ONLY/BUY_ICHIMOKU.set;22DB47F6A30D9EDB3F7A2DF3B910606A128EABD91479F726B71E621645351EC1
01_Forex;GBPJPY;11_SIGNAL_ONLY;SELL;MULTI;16;354816000;FAST_GENETIC;673759371;HIGH_RISK_RESEARCH;01_Forex/GBPJPY/11_SIGNAL_ONLY/SELL_MULTI.set;8A121EDE620BD7C571746BA9EECFB93340889D95E0CA9E0100533ED422DE632C
01_Forex;GBPJPY;11_SIGNAL_ONLY;SELL;ICHIMOKU;15;7741440;FAST_GENETIC;620105749;HIGH_RISK_RESEARCH;01_Forex/GBPJPY/11_SIGNAL_ONLY/SELL_ICHIMOKU.set;03BB13A523C44EC9AA7C5D7282118C1C30DDA09667BA61511759B3B3775A3563
01_Forex;GBPNZD;01_SLTP;BUY;MULTI;19;398103552000;FAST_GENETIC;669147241;RESEARCH;01_Forex/GBPNZD/01_SLTP/BUY_MULTI.set;91654FACD1F0138C324D717B8077595FD14B768388BAF63DEA14D20E264B855F
01_Forex;GBPNZD;01_SLTP;BUY;ICHIMOKU;18;8685895680;FAST_GENETIC;619825671;RESEARCH;01_Forex/GBPNZD/01_SLTP/BUY_ICHIMOKU.set;598C514B113A1B6FF57C7333FF07D3855345AC2D9A801800D64CC4BF9AB1508B
01_Forex;GBPNZD;01_SLTP;SELL;MULTI;19;398103552000;FAST_GENETIC;692706440;RESEARCH;01_Forex/GBPNZD/01_SLTP/SELL_MULTI.set;71AD1663D2741B6A3397D0880F76934146FFD7F58FB6A38AB20671225E973C9E
01_Forex;GBPNZD;01_SLTP;SELL;ICHIMOKU;18;8685895680;FAST_GENETIC;657803836;RESEARCH;01_Forex/GBPNZD/01_SLTP/SELL_ICHIMOKU.set;3EA4DE50E0E469FA71D0E06B4A99244945D55F6A626E3611949ABBFC00824E18
01_Forex;GBPNZD;02_SLTP_ORGANIC;BUY;MULTI;19;398103552000;FAST_GENETIC;625985022;RESEARCH;01_Forex/GBPNZD/02_SLTP_ORGANIC/BUY_MULTI.set;9A148EEAAFF33631F47004A5F9421522BDBE644A5AB6C4911DC736544DF99A22
01_Forex;GBPNZD;02_SLTP_ORGANIC;BUY;ICHIMOKU;18;8685895680;FAST_GENETIC;636555823;RESEARCH;01_Forex/GBPNZD/02_SLTP_ORGANIC/BUY_ICHIMOKU.set;42BC1DC9B43158946CCBAF29462D9042F4D7248AE0E3B5EB5B286658506AB7C4
01_Forex;GBPNZD;02_SLTP_ORGANIC;SELL;MULTI;19;398103552000;FAST_GENETIC;626791866;RESEARCH;01_Forex/GBPNZD/02_SLTP_ORGANIC/SELL_MULTI.set;1114DCDD6865A6BC80E0F19EECC5B70B42CE316FD398432D03937889804D2420
01_Forex;GBPNZD;02_SLTP_ORGANIC;SELL;ICHIMOKU;18;8685895680;FAST_GENETIC;689984150;RESEARCH;01_Forex/GBPNZD/02_SLTP_ORGANIC/SELL_ICHIMOKU.set;AEE0212CBA15BCA91246DB5A9CD43AB35BF783B4558A01C556CADABCA3470513
01_Forex;GBPNZD;03_TRAIL_ONLY;BUY;MULTI;20;1287982080000;FAST_GENETIC;689321817;RESEARCH;01_Forex/GBPNZD/03_TRAIL_ONLY/BUY_MULTI.set;C36405EDD88FEC064514640E4D50EF0E6B53DA6EEA7EABE122E1B029E8652D88
01_Forex;GBPNZD;03_TRAIL_ONLY;BUY;ICHIMOKU;19;28101427200;FAST_GENETIC;646345508;RESEARCH;01_Forex/GBPNZD/03_TRAIL_ONLY/BUY_ICHIMOKU.set;CB73DF5D8484E63098B25645A723D0518CBAF6525C49FA59100098C9328B3995
01_Forex;GBPNZD;03_TRAIL_ONLY;SELL;MULTI;20;1287982080000;FAST_GENETIC;693960604;RESEARCH;01_Forex/GBPNZD/03_TRAIL_ONLY/SELL_MULTI.set;A8910ABC784363256EC18147282CDD0B8E984769832B34DD998959D487B5B7A9
01_Forex;GBPNZD;03_TRAIL_ONLY;SELL;ICHIMOKU;19;28101427200;FAST_GENETIC;611239997;RESEARCH;01_Forex/GBPNZD/03_TRAIL_ONLY/SELL_ICHIMOKU.set;7C624FA378FC4A1DCD546CDD38D536473C0D063C64D9C381092A69CB90D139A0
01_Forex;GBPNZD;04_SLTP_TRAIL;BUY;MULTI;20;4379139072000;FAST_GENETIC;626419881;RESEARCH;01_Forex/GBPNZD/04_SLTP_TRAIL/BUY_MULTI.set;7C1623CB0CBD1263B3A0E2389BB50B490FE48632C7B1197D9867F380361BFBC0
01_Forex;GBPNZD;04_SLTP_TRAIL;BUY;ICHIMOKU;19;95544852480;FAST_GENETIC;656539374;RESEARCH;01_Forex/GBPNZD/04_SLTP_TRAIL/BUY_ICHIMOKU.set;1929D47B863ED21C1EE3474747040DF1A21BD6738782D844DA5B32ADF9FC105D
01_Forex;GBPNZD;04_SLTP_TRAIL;SELL;MULTI;20;4379139072000;FAST_GENETIC;621110480;RESEARCH;01_Forex/GBPNZD/04_SLTP_TRAIL/SELL_MULTI.set;D5370CC9C0AEAA3C85F40E485660229EA024225F969BDAE0D0B38FC704855598
01_Forex;GBPNZD;04_SLTP_TRAIL;SELL;ICHIMOKU;19;95544852480;FAST_GENETIC;672534616;RESEARCH;01_Forex/GBPNZD/04_SLTP_TRAIL/SELL_ICHIMOKU.set;644E48C0B8D6B02AB68618099DAF1A6E06265F6DFBCE534B7078EB2DBBA6592F
01_Forex;GBPNZD;05_BE_TRAIL;BUY;MULTI;19;643991040000;FAST_GENETIC;691181687;RESEARCH;01_Forex/GBPNZD/05_BE_TRAIL/BUY_MULTI.set;1CFAE8034DAC04CAEE67BA13E5B1C85C50A6A6DA5FB66A6A15673F3AFDCE7727
01_Forex;GBPNZD;05_BE_TRAIL;BUY;ICHIMOKU;18;14050713600;FAST_GENETIC;688585186;RESEARCH;01_Forex/GBPNZD/05_BE_TRAIL/BUY_ICHIMOKU.set;530F73B9F2E4065442A8A373BBFCAEB811A5AE7663DC3E7FEE1369C142647018
01_Forex;GBPNZD;05_BE_TRAIL;SELL;MULTI;19;643991040000;FAST_GENETIC;652455888;RESEARCH;01_Forex/GBPNZD/05_BE_TRAIL/SELL_MULTI.set;426012E6AEE5202BF27E10A784FFC061A93954E417EF452D7019BA312B6C35AD
01_Forex;GBPNZD;05_BE_TRAIL;SELL;ICHIMOKU;18;14050713600;FAST_GENETIC;691912857;RESEARCH;01_Forex/GBPNZD/05_BE_TRAIL/SELL_ICHIMOKU.set;D01B0EE38CBFA9C33F04496E317C14C9F6F18CA2E41A387DF02D7558A457D776
01_Forex;GBPNZD;06_REVERSAL_EXIT;BUY;MULTI;21;1030385664000;FAST_GENETIC;677398457;RESEARCH;01_Forex/GBPNZD/06_REVERSAL_EXIT/BUY_MULTI.set;8D81EF9C361084FCF65B702CC9379FB452E9D1A249DB9934EC8A660D6F76BDFA
01_Forex;GBPNZD;06_REVERSAL_EXIT;BUY;ICHIMOKU;20;22481141760;FAST_GENETIC;629351663;RESEARCH;01_Forex/GBPNZD/06_REVERSAL_EXIT/BUY_ICHIMOKU.set;9BDA970D6CE698A58F3F4852921D0CCECC44A90AB1A51D6B476B2C7674387E30
01_Forex;GBPNZD;06_REVERSAL_EXIT;SELL;MULTI;21;1030385664000;FAST_GENETIC;623233940;RESEARCH;01_Forex/GBPNZD/06_REVERSAL_EXIT/SELL_MULTI.set;33DACCCA203475CE2AB41395DCA49DA54190C8988A609EE81B45FCECBDF7E0E2
01_Forex;GBPNZD;06_REVERSAL_EXIT;SELL;ICHIMOKU;20;22481141760;FAST_GENETIC;610786287;RESEARCH;01_Forex/GBPNZD/06_REVERSAL_EXIT/SELL_ICHIMOKU.set;3861107A3AA1F80594EA5D34E674EC4C55C22D443EDA0A317985B003EEB5B8F5
01_Forex;GBPNZD;07_GRID_SEPARATE;BUY;MULTI;20;2442908160000;FAST_GENETIC;672702371;HEDGE_ACCOUNT_REQUIRED;01_Forex/GBPNZD/07_GRID_SEPARATE/BUY_MULTI.set;2140F2D881693F8002206E0A5A57FAD572C1404B08380F7D3A112357804E8F09
01_Forex;GBPNZD;07_GRID_SEPARATE;BUY;ICHIMOKU;19;53299814400;FAST_GENETIC;685694540;HEDGE_ACCOUNT_REQUIRED;01_Forex/GBPNZD/07_GRID_SEPARATE/BUY_ICHIMOKU.set;DF029D5201C79FEAFA1880763367C8588278554EB49285B2464F926A6AC79E0C
01_Forex;GBPNZD;07_GRID_SEPARATE;SELL;MULTI;20;2442908160000;FAST_GENETIC;679794369;HEDGE_ACCOUNT_REQUIRED;01_Forex/GBPNZD/07_GRID_SEPARATE/SELL_MULTI.set;85F3D8DC7ADFFC0986F29507FD74C715F43AE28598EB62DD382728AAEEBC36A0
01_Forex;GBPNZD;07_GRID_SEPARATE;SELL;ICHIMOKU;19;53299814400;FAST_GENETIC;666799719;HEDGE_ACCOUNT_REQUIRED;01_Forex/GBPNZD/07_GRID_SEPARATE/SELL_ICHIMOKU.set;B331B726CA30729EBD94CF38C0CA21B83CD1F46CC1A3F8A3000D6870AB189883
01_Forex;GBPNZD;08_GRID_UNIFIED;BOTH;MULTI;21;12214540800000;FAST_GENETIC;683439951;HEDGE_ACCOUNT_REQUIRED;01_Forex/GBPNZD/08_GRID_UNIFIED/BOTH_MULTI.set;01A472359D327D65D2E1D238B7C1EE5ED574D99092270C53DC7F8E3E303C0E2A
01_Forex;GBPNZD;08_GRID_UNIFIED;BOTH;ICHIMOKU;20;266499072000;FAST_GENETIC;651422828;HEDGE_ACCOUNT_REQUIRED;01_Forex/GBPNZD/08_GRID_UNIFIED/BOTH_ICHIMOKU.set;C80118E248A4DF8068D83A94638D532E444308663CE4FE7235B1FE5720F4D2EE
01_Forex;GBPNZD;09_MARTINGALE;BUY;MULTI;21;11146899456000;FAST_GENETIC;610884069;HIGH_RISK;01_Forex/GBPNZD/09_MARTINGALE/BUY_MULTI.set;F1870404374002DC932B626273B5A599FD12BC6208A10B57C9E22C5878C73CC3
01_Forex;GBPNZD;09_MARTINGALE;BUY;ICHIMOKU;20;243205079040;FAST_GENETIC;618270742;HIGH_RISK;01_Forex/GBPNZD/09_MARTINGALE/BUY_ICHIMOKU.set;C7F898D233C22228FA99711F6F595DECE0791E7F4A45345A4EA85E6BA1174429
01_Forex;GBPNZD;09_MARTINGALE;SELL;MULTI;21;11146899456000;FAST_GENETIC;631547679;HIGH_RISK;01_Forex/GBPNZD/09_MARTINGALE/SELL_MULTI.set;E7CDE2CA20B55125A887AE2A87C92546BB5E8429EBF1B077AA72ED7EE0B4739C
01_Forex;GBPNZD;09_MARTINGALE;SELL;ICHIMOKU;20;243205079040;FAST_GENETIC;626042478;HIGH_RISK;01_Forex/GBPNZD/09_MARTINGALE/SELL_ICHIMOKU.set;1173C28F1DA59D1C0E9C0EAB49988D17DFEEC5E71C8B81AE79A10617AFBCBA07
01_Forex;GBPNZD;10_DALEMBERT;BUY;MULTI;21;7962071040000;FAST_GENETIC;686151600;HIGH_RISK;01_Forex/GBPNZD/10_DALEMBERT/BUY_MULTI.set;69B2CB8F505210142AFF82EC3D7CE2E0EF68ADC24825E79B7BE9DE06744FA7B5
01_Forex;GBPNZD;10_DALEMBERT;BUY;ICHIMOKU;20;173717913600;FAST_GENETIC;617450568;HIGH_RISK;01_Forex/GBPNZD/10_DALEMBERT/BUY_ICHIMOKU.set;10CE62B9100869F20F006679D967A648850A9BDE44A8274913A766F280B68F23
01_Forex;GBPNZD;10_DALEMBERT;SELL;MULTI;21;7962071040000;FAST_GENETIC;652634321;HIGH_RISK;01_Forex/GBPNZD/10_DALEMBERT/SELL_MULTI.set;76F7B72429A211BF30171F2047675533F389CEA532FFD9ABEFB820654CEEA655
01_Forex;GBPNZD;10_DALEMBERT;SELL;ICHIMOKU;20;173717913600;FAST_GENETIC;613209479;HIGH_RISK;01_Forex/GBPNZD/10_DALEMBERT/SELL_ICHIMOKU.set;E8BAC22913BCB069C4D34ECB964144218D308C9638F37ABB85114C152FCCEA4B
01_Forex;GBPNZD;11_SIGNAL_ONLY;BUY;MULTI;16;354816000;FAST_GENETIC;636887699;HIGH_RISK_RESEARCH;01_Forex/GBPNZD/11_SIGNAL_ONLY/BUY_MULTI.set;EB7ED926A9A806715C67478241ABE41E9582A352D8B02FF084E172044E03C041
01_Forex;GBPNZD;11_SIGNAL_ONLY;BUY;ICHIMOKU;15;7741440;FAST_GENETIC;635199624;HIGH_RISK_RESEARCH;01_Forex/GBPNZD/11_SIGNAL_ONLY/BUY_ICHIMOKU.set;3EA0E9C83F852997553C76AC5503E1BB6812E2897839C897F39A100AD68E3467
01_Forex;GBPNZD;11_SIGNAL_ONLY;SELL;MULTI;16;354816000;FAST_GENETIC;648681313;HIGH_RISK_RESEARCH;01_Forex/GBPNZD/11_SIGNAL_ONLY/SELL_MULTI.set;146784FC950E79C37630E221767A82CEC171D77D43438C1A08134BA91988BD4F
01_Forex;GBPNZD;11_SIGNAL_ONLY;SELL;ICHIMOKU;15;7741440;FAST_GENETIC;610176719;HIGH_RISK_RESEARCH;01_Forex/GBPNZD/11_SIGNAL_ONLY/SELL_ICHIMOKU.set;FB591F9809E1B40BFC4C3C78AF7BF5A9D70291055C3B1E459A3CA012B22A80C7
01_Forex;GBPUSD;01_SLTP;BUY;MULTI;19;398103552000;FAST_GENETIC;662124003;RESEARCH;01_Forex/GBPUSD/01_SLTP/BUY_MULTI.set;0BE8BD6EA271E71771AA0ADB5D3F90DA47970E5F13E558FACD11332DEA755411
01_Forex;GBPUSD;01_SLTP;BUY;ICHIMOKU;18;8685895680;FAST_GENETIC;658365453;RESEARCH;01_Forex/GBPUSD/01_SLTP/BUY_ICHIMOKU.set;02DDEAD4AEF12ED51D6E88922AA461618A451A4CA74658776BCAB03BA4440ABE
01_Forex;GBPUSD;01_SLTP;SELL;MULTI;19;398103552000;FAST_GENETIC;643369335;RESEARCH;01_Forex/GBPUSD/01_SLTP/SELL_MULTI.set;A35CF962A50C071B1B06492042ECBD878CA8E1B3A05EAF60FCBE1FB5EB2359E4
01_Forex;GBPUSD;01_SLTP;SELL;ICHIMOKU;18;8685895680;FAST_GENETIC;670441302;RESEARCH;01_Forex/GBPUSD/01_SLTP/SELL_ICHIMOKU.set;FE624043788ABCF38AD3F33AAA34566A4989F76207E98D269D5FBB6A5B6C6D6D
01_Forex;GBPUSD;02_SLTP_ORGANIC;BUY;MULTI;19;398103552000;FAST_GENETIC;648330073;RESEARCH;01_Forex/GBPUSD/02_SLTP_ORGANIC/BUY_MULTI.set;05807D0442E8A4546D289DBCFAF09F0FB2008C885730A284A5DC0544A10FE9DC
01_Forex;GBPUSD;02_SLTP_ORGANIC;BUY;ICHIMOKU;18;8685895680;FAST_GENETIC;645521954;RESEARCH;01_Forex/GBPUSD/02_SLTP_ORGANIC/BUY_ICHIMOKU.set;F6394EF93CFEF9943C4F1F1D71C26B536C90C3E54FB3260B80F9CB6EBDF6845D
01_Forex;GBPUSD;02_SLTP_ORGANIC;SELL;MULTI;19;398103552000;FAST_GENETIC;653104296;RESEARCH;01_Forex/GBPUSD/02_SLTP_ORGANIC/SELL_MULTI.set;3AF957F32FE30E26B49EC1BF5569D87C8B694789084ECF8F518CEB0587034842
01_Forex;GBPUSD;02_SLTP_ORGANIC;SELL;ICHIMOKU;18;8685895680;FAST_GENETIC;622987759;RESEARCH;01_Forex/GBPUSD/02_SLTP_ORGANIC/SELL_ICHIMOKU.set;41F6BEAEC3B2C2A8B0D41FDB7861BB6892F33FDA6577BA2C52BF6AFA7A627109
01_Forex;GBPUSD;03_TRAIL_ONLY;BUY;MULTI;20;1287982080000;FAST_GENETIC;695612010;RESEARCH;01_Forex/GBPUSD/03_TRAIL_ONLY/BUY_MULTI.set;89B001D499AB5A6514B5B47884716C70491D3E935BF6F2C6C69D064A6F6772E6
01_Forex;GBPUSD;03_TRAIL_ONLY;BUY;ICHIMOKU;19;28101427200;FAST_GENETIC;613253671;RESEARCH;01_Forex/GBPUSD/03_TRAIL_ONLY/BUY_ICHIMOKU.set;A2CC125D177F67DBA01B680B64A502BC3CC27D6574F21DABE0491FBD55FDD64E
01_Forex;GBPUSD;03_TRAIL_ONLY;SELL;MULTI;20;1287982080000;FAST_GENETIC;627085412;RESEARCH;01_Forex/GBPUSD/03_TRAIL_ONLY/SELL_MULTI.set;10AFFC9E60BD80D5CB8E859ED8725E5D9CC779D9A784D0932098FF0E5488ED7F
01_Forex;GBPUSD;03_TRAIL_ONLY;SELL;ICHIMOKU;19;28101427200;FAST_GENETIC;693061212;RESEARCH;01_Forex/GBPUSD/03_TRAIL_ONLY/SELL_ICHIMOKU.set;3B73E35A069AFECFDFB880D2BE35C3CE35136C5BBD80041D14FCFBA9F53ADB8A
01_Forex;GBPUSD;04_SLTP_TRAIL;BUY;MULTI;20;4379139072000;FAST_GENETIC;619781399;RESEARCH;01_Forex/GBPUSD/04_SLTP_TRAIL/BUY_MULTI.set;78550F1989487BCE14CA96150F31A3E4DF0B29C0F60172D8498A50160E871648
01_Forex;GBPUSD;04_SLTP_TRAIL;BUY;ICHIMOKU;19;95544852480;FAST_GENETIC;630504368;RESEARCH;01_Forex/GBPUSD/04_SLTP_TRAIL/BUY_ICHIMOKU.set;A3B3ABD9449842177602BCB434CC2F1FFB44EEDF0965CDA32D60ED994FA6659C
01_Forex;GBPUSD;04_SLTP_TRAIL;SELL;MULTI;20;4379139072000;FAST_GENETIC;679549180;RESEARCH;01_Forex/GBPUSD/04_SLTP_TRAIL/SELL_MULTI.set;47D65E15B072DC7BD31228705C12CBA2767685E4AAF64AB718F86027B2A08897
01_Forex;GBPUSD;04_SLTP_TRAIL;SELL;ICHIMOKU;19;95544852480;FAST_GENETIC;658526545;RESEARCH;01_Forex/GBPUSD/04_SLTP_TRAIL/SELL_ICHIMOKU.set;B6FBC77902A7FB8FA43A1E184BD1D9BC7C62E44BA35BAE0253462DA90B3F285A
01_Forex;GBPUSD;05_BE_TRAIL;BUY;MULTI;19;643991040000;FAST_GENETIC;642082138;RESEARCH;01_Forex/GBPUSD/05_BE_TRAIL/BUY_MULTI.set;32CD9E367D383A4B678919F8C3D7D3A11B6C2B563CBAD3AD60AEF2050CA39F6A
01_Forex;GBPUSD;05_BE_TRAIL;BUY;ICHIMOKU;18;14050713600;FAST_GENETIC;663071342;RESEARCH;01_Forex/GBPUSD/05_BE_TRAIL/BUY_ICHIMOKU.set;B3A73AAEA995F858E201AA8D4257338A912613A8A849885B1DCE90B719645779
01_Forex;GBPUSD;05_BE_TRAIL;SELL;MULTI;19;643991040000;FAST_GENETIC;697431446;RESEARCH;01_Forex/GBPUSD/05_BE_TRAIL/SELL_MULTI.set;FA58400D177577BA21364B2C03F631417B5EDE5F0FAA12AC189EB4434AF32236
01_Forex;GBPUSD;05_BE_TRAIL;SELL;ICHIMOKU;18;14050713600;FAST_GENETIC;638177737;RESEARCH;01_Forex/GBPUSD/05_BE_TRAIL/SELL_ICHIMOKU.set;1BA6280651E7515075E5C3C687EA98F32D040288BCC735A109D97F547751D98A
01_Forex;GBPUSD;06_REVERSAL_EXIT;BUY;MULTI;21;1030385664000;FAST_GENETIC;665938087;RESEARCH;01_Forex/GBPUSD/06_REVERSAL_EXIT/BUY_MULTI.set;30B5F510C536955B6AA7DF2606E1C306745EFFC0461FD09884B10AEAAB9F6A69
01_Forex;GBPUSD;06_REVERSAL_EXIT;BUY;ICHIMOKU;20;22481141760;FAST_GENETIC;639012715;RESEARCH;01_Forex/GBPUSD/06_REVERSAL_EXIT/BUY_ICHIMOKU.set;DCF72D002D5C73200E9EA930D5C917F8132E4E26289D66802566FC0E3326D43D
01_Forex;GBPUSD;06_REVERSAL_EXIT;SELL;MULTI;21;1030385664000;FAST_GENETIC;640844027;RESEARCH;01_Forex/GBPUSD/06_REVERSAL_EXIT/SELL_MULTI.set;2339EE9E6F905F3DE4B93ED6EDA1B011F32058BA8CBC17B39FAAB03983605B9F
01_Forex;GBPUSD;06_REVERSAL_EXIT;SELL;ICHIMOKU;20;22481141760;FAST_GENETIC;661915652;RESEARCH;01_Forex/GBPUSD/06_REVERSAL_EXIT/SELL_ICHIMOKU.set;A60121166D0249B27476CA4AED018383F81F00569D40D5A9FB1F29BA2B04B394
01_Forex;GBPUSD;07_GRID_SEPARATE;BUY;MULTI;20;2442908160000;FAST_GENETIC;634374465;HEDGE_ACCOUNT_REQUIRED;01_Forex/GBPUSD/07_GRID_SEPARATE/BUY_MULTI.set;81DB82BDC8BB8FC70741A7E8419496A816CAE96BBFFD00D6207D64B38AFF5304
01_Forex;GBPUSD;07_GRID_SEPARATE;BUY;ICHIMOKU;19;53299814400;FAST_GENETIC;652662117;HEDGE_ACCOUNT_REQUIRED;01_Forex/GBPUSD/07_GRID_SEPARATE/BUY_ICHIMOKU.set;BF37FC08AED990ABE68C31307AFD4247352DD95FDD407527F2E38413C6B40305
01_Forex;GBPUSD;07_GRID_SEPARATE;SELL;MULTI;20;2442908160000;FAST_GENETIC;650680854;HEDGE_ACCOUNT_REQUIRED;01_Forex/GBPUSD/07_GRID_SEPARATE/SELL_MULTI.set;5FF88192F251BD473F6F147A38A0F19FF75E18387B798D84C47B4B201D213CCB
01_Forex;GBPUSD;07_GRID_SEPARATE;SELL;ICHIMOKU;19;53299814400;FAST_GENETIC;634954772;HEDGE_ACCOUNT_REQUIRED;01_Forex/GBPUSD/07_GRID_SEPARATE/SELL_ICHIMOKU.set;BCB672A417B7CBC41414E063C823379F419CBABD17237792E65D480CE17B0763
01_Forex;GBPUSD;08_GRID_UNIFIED;BOTH;MULTI;21;12214540800000;FAST_GENETIC;675240703;HEDGE_ACCOUNT_REQUIRED;01_Forex/GBPUSD/08_GRID_UNIFIED/BOTH_MULTI.set;412ABCBC7F0AD55A3857F33F1FF206CE35121D4E770D3F816F30A04653288C50
01_Forex;GBPUSD;08_GRID_UNIFIED;BOTH;ICHIMOKU;20;266499072000;FAST_GENETIC;659847646;HEDGE_ACCOUNT_REQUIRED;01_Forex/GBPUSD/08_GRID_UNIFIED/BOTH_ICHIMOKU.set;85A1FB1A070967F371A59A896ED2C67D5152BF312AE2F70FB626E0F86A7640A5
01_Forex;GBPUSD;09_MARTINGALE;BUY;MULTI;21;11146899456000;FAST_GENETIC;671388499;HIGH_RISK;01_Forex/GBPUSD/09_MARTINGALE/BUY_MULTI.set;C03B316F789FA49ECA6AE0C34178F529CDDA2FDA64C4A73E950E6E48319FB92A
01_Forex;GBPUSD;09_MARTINGALE;BUY;ICHIMOKU;20;243205079040;FAST_GENETIC;621398330;HIGH_RISK;01_Forex/GBPUSD/09_MARTINGALE/BUY_ICHIMOKU.set;C6E5BE63518DE54C9EDB3159684D48C57B4B077BF77014651415885EDE6871C9
01_Forex;GBPUSD;09_MARTINGALE;SELL;MULTI;21;11146899456000;FAST_GENETIC;673312074;HIGH_RISK;01_Forex/GBPUSD/09_MARTINGALE/SELL_MULTI.set;01FA8DEB973A9458959C5EC0363AAADA61C031C27340D9AB6645FC12401E1FD7
01_Forex;GBPUSD;09_MARTINGALE;SELL;ICHIMOKU;20;243205079040;FAST_GENETIC;664777295;HIGH_RISK;01_Forex/GBPUSD/09_MARTINGALE/SELL_ICHIMOKU.set;6B89463F504068A8A9B389E04A289710A3BB057EC082624E8BF53BF9EF0F4235
01_Forex;GBPUSD;10_DALEMBERT;BUY;MULTI;21;7962071040000;FAST_GENETIC;690347944;HIGH_RISK;01_Forex/GBPUSD/10_DALEMBERT/BUY_MULTI.set;A28BD97953232AC1FF2B8654C2873A950BF61D5D448166B4BA441828F86FBF42
01_Forex;GBPUSD;10_DALEMBERT;BUY;ICHIMOKU;20;173717913600;FAST_GENETIC;637145534;HIGH_RISK;01_Forex/GBPUSD/10_DALEMBERT/BUY_ICHIMOKU.set;F7833E3C85441FB80541000BFB8A43FF6F4C2490E00C661C5DF1DA3E1B917670
01_Forex;GBPUSD;10_DALEMBERT;SELL;MULTI;21;7962071040000;FAST_GENETIC;688027342;HIGH_RISK;01_Forex/GBPUSD/10_DALEMBERT/SELL_MULTI.set;18FEEFB13BCDA28629A398249B20AF9664026D1616750B2BE905097C4F499490
01_Forex;GBPUSD;10_DALEMBERT;SELL;ICHIMOKU;20;173717913600;FAST_GENETIC;655128344;HIGH_RISK;01_Forex/GBPUSD/10_DALEMBERT/SELL_ICHIMOKU.set;AF23DC64F3FF9DA690A4C3B61439F7BE36C6A170C21E3EC083AEDCBC9DA0DAE5
01_Forex;GBPUSD;11_SIGNAL_ONLY;BUY;MULTI;16;354816000;FAST_GENETIC;668279662;HIGH_RISK_RESEARCH;01_Forex/GBPUSD/11_SIGNAL_ONLY/BUY_MULTI.set;06A4A62AE6C9A744AFDFCE201E5767FEA416F27ED83BBDE12AC59A3A8BDA0283
01_Forex;GBPUSD;11_SIGNAL_ONLY;BUY;ICHIMOKU;15;7741440;FAST_GENETIC;685033705;HIGH_RISK_RESEARCH;01_Forex/GBPUSD/11_SIGNAL_ONLY/BUY_ICHIMOKU.set;4FB696A37D0E7B6C9C4E64BCD8F780A611DAAA26C1BD2692DE9E4420DF8263B5
01_Forex;GBPUSD;11_SIGNAL_ONLY;SELL;MULTI;16;354816000;FAST_GENETIC;684580852;HIGH_RISK_RESEARCH;01_Forex/GBPUSD/11_SIGNAL_ONLY/SELL_MULTI.set;56F11C730FA2E0A31CDD12630079DE4CD599BD58FF1DC6559F2C7D0792E10C6C
01_Forex;GBPUSD;11_SIGNAL_ONLY;SELL;ICHIMOKU;15;7741440;FAST_GENETIC;642840601;HIGH_RISK_RESEARCH;01_Forex/GBPUSD/11_SIGNAL_ONLY/SELL_ICHIMOKU.set;D9C55996D17498ABF8BE7B985808FF6EA586FA93BDE2E46D2276F6B64E65A197
01_Forex;NZDCAD;01_SLTP;BUY;MULTI;19;398103552000;FAST_GENETIC;668764241;RESEARCH;01_Forex/NZDCAD/01_SLTP/BUY_MULTI.set;E545CF99CA6CC5FC8CC89F9B1D6845891A4DAC2DEB1A09B7F2983709135346BE
01_Forex;NZDCAD;01_SLTP;BUY;ICHIMOKU;18;8685895680;FAST_GENETIC;682183417;RESEARCH;01_Forex/NZDCAD/01_SLTP/BUY_ICHIMOKU.set;328CE4FCE64E6EC581DE5F1733B884D499B0583E9259EE2B82DF1A5E01BB4B16
01_Forex;NZDCAD;01_SLTP;SELL;MULTI;19;398103552000;FAST_GENETIC;642320565;RESEARCH;01_Forex/NZDCAD/01_SLTP/SELL_MULTI.set;6852C28F31CB112F44EF6745A7DF21F0CC809D39228515D6AB695C98D10157F9
01_Forex;NZDCAD;01_SLTP;SELL;ICHIMOKU;18;8685895680;FAST_GENETIC;697849972;RESEARCH;01_Forex/NZDCAD/01_SLTP/SELL_ICHIMOKU.set;1372DB40E92FABA7C6E7AF96DA2AE6E91479A04D38848A494F0D254C35C6DAC3
01_Forex;NZDCAD;02_SLTP_ORGANIC;BUY;MULTI;19;398103552000;FAST_GENETIC;654897582;RESEARCH;01_Forex/NZDCAD/02_SLTP_ORGANIC/BUY_MULTI.set;D5356855DDB140DC08931E573F89A3083E5AD4628EFF12B36904061B22E1DBEC
01_Forex;NZDCAD;02_SLTP_ORGANIC;BUY;ICHIMOKU;18;8685895680;FAST_GENETIC;685063135;RESEARCH;01_Forex/NZDCAD/02_SLTP_ORGANIC/BUY_ICHIMOKU.set;E7D1EE515D9D19CE4005B5B4C3D53075FD45487A30D93A510A8DBE9FD25C1405
01_Forex;NZDCAD;02_SLTP_ORGANIC;SELL;MULTI;19;398103552000;FAST_GENETIC;624735176;RESEARCH;01_Forex/NZDCAD/02_SLTP_ORGANIC/SELL_MULTI.set;EAFC3315BDD5193449EC1B14A8982CA13DBAD619F605E0350853F55C4EAE938B
01_Forex;NZDCAD;02_SLTP_ORGANIC;SELL;ICHIMOKU;18;8685895680;FAST_GENETIC;680096656;RESEARCH;01_Forex/NZDCAD/02_SLTP_ORGANIC/SELL_ICHIMOKU.set;478A48C2EC9565AEADDBC05119F48C8468FFE9113ED7AFCE02924BD348DDC55F
01_Forex;NZDCAD;03_TRAIL_ONLY;BUY;MULTI;20;1287982080000;FAST_GENETIC;649616969;RESEARCH;01_Forex/NZDCAD/03_TRAIL_ONLY/BUY_MULTI.set;B5CED25FAEAA6C458B2E3351F6B536C7560D1194800A183D6DF4178BC3CEAAB6
01_Forex;NZDCAD;03_TRAIL_ONLY;BUY;ICHIMOKU;19;28101427200;FAST_GENETIC;619233570;RESEARCH;01_Forex/NZDCAD/03_TRAIL_ONLY/BUY_ICHIMOKU.set;734C802A03D40567784A01A4C0EAE311F023BD49109F8D9766C5402BBC01E90A
01_Forex;NZDCAD;03_TRAIL_ONLY;SELL;MULTI;20;1287982080000;FAST_GENETIC;669656213;RESEARCH;01_Forex/NZDCAD/03_TRAIL_ONLY/SELL_MULTI.set;D2BCA1E577EE26DE16DCC4A793BCE94CC4B12C5B02F39BD9F7B8C7855ED2F2A9
01_Forex;NZDCAD;03_TRAIL_ONLY;SELL;ICHIMOKU;19;28101427200;FAST_GENETIC;665616316;RESEARCH;01_Forex/NZDCAD/03_TRAIL_ONLY/SELL_ICHIMOKU.set;3DF26C79DF7DCCBBA0AABAC2FC1E7A4AE1CF2F2CAC35AD57EAC556CED6F53848
01_Forex;NZDCAD;04_SLTP_TRAIL;BUY;MULTI;20;4379139072000;FAST_GENETIC;673697789;RESEARCH;01_Forex/NZDCAD/04_SLTP_TRAIL/BUY_MULTI.set;68DB869467DFDA675055BB9F22D4596A6DEFF70354E33783D36C8183E6E709F3
01_Forex;NZDCAD;04_SLTP_TRAIL;BUY;ICHIMOKU;19;95544852480;FAST_GENETIC;622816782;RESEARCH;01_Forex/NZDCAD/04_SLTP_TRAIL/BUY_ICHIMOKU.set;DEBA37DED83FE49FFBCED36CF7C76EAF88FBB556AA21C780BE1C35ADF295EE70
01_Forex;NZDCAD;04_SLTP_TRAIL;SELL;MULTI;20;4379139072000;FAST_GENETIC;658814415;RESEARCH;01_Forex/NZDCAD/04_SLTP_TRAIL/SELL_MULTI.set;759E5AA7240FD9A1CB9A153924861D14B6CF84B96B3AE6CA3F972EF9509E8608
01_Forex;NZDCAD;04_SLTP_TRAIL;SELL;ICHIMOKU;19;95544852480;FAST_GENETIC;645270823;RESEARCH;01_Forex/NZDCAD/04_SLTP_TRAIL/SELL_ICHIMOKU.set;F180D5B80BD6864EE36CEE701E2BDCC22AC6E0E60E2F32B97192520AC9F03A8E
01_Forex;NZDCAD;05_BE_TRAIL;BUY;MULTI;19;643991040000;FAST_GENETIC;634582408;RESEARCH;01_Forex/NZDCAD/05_BE_TRAIL/BUY_MULTI.set;114494F180B2D2F73D933245F0F4ED93F91BDB3DF26A4F50A9B492DB0464C3FF
01_Forex;NZDCAD;05_BE_TRAIL;BUY;ICHIMOKU;18;14050713600;FAST_GENETIC;688286167;RESEARCH;01_Forex/NZDCAD/05_BE_TRAIL/BUY_ICHIMOKU.set;2C80D31564D3425136FB825E6D0A9CF5BA2B13B6FC55A201F87A54909BD10CAC
01_Forex;NZDCAD;05_BE_TRAIL;SELL;MULTI;19;643991040000;FAST_GENETIC;672145298;RESEARCH;01_Forex/NZDCAD/05_BE_TRAIL/SELL_MULTI.set;6119514C0B19A6828BCB1C2CEEF7458539DFDEB06E7721075653717D09295118
01_Forex;NZDCAD;05_BE_TRAIL;SELL;ICHIMOKU;18;14050713600;FAST_GENETIC;669465994;RESEARCH;01_Forex/NZDCAD/05_BE_TRAIL/SELL_ICHIMOKU.set;67B8FEB96CA3387153595D6AE0BD0A3484D6FEB63813F026AD9B3FF4E1FA2745
01_Forex;NZDCAD;06_REVERSAL_EXIT;BUY;MULTI;21;1030385664000;FAST_GENETIC;691250337;RESEARCH;01_Forex/NZDCAD/06_REVERSAL_EXIT/BUY_MULTI.set;9DDF698A2101E3628343A9DDB26E65371B6D5FF55B09D35D8312DCDAE157A6D3
01_Forex;NZDCAD;06_REVERSAL_EXIT;BUY;ICHIMOKU;20;22481141760;FAST_GENETIC;674688092;RESEARCH;01_Forex/NZDCAD/06_REVERSAL_EXIT/BUY_ICHIMOKU.set;09CC226872050E4DE77A31509B0F2B55FFD4868E899300D4DB25570DD494190F
01_Forex;NZDCAD;06_REVERSAL_EXIT;SELL;MULTI;21;1030385664000;FAST_GENETIC;674280235;RESEARCH;01_Forex/NZDCAD/06_REVERSAL_EXIT/SELL_MULTI.set;CBF132E47B6ED936458931C304EF571C5C3A4ED7E55E3FF904BFF7D20E0EE53E
01_Forex;NZDCAD;06_REVERSAL_EXIT;SELL;ICHIMOKU;20;22481141760;FAST_GENETIC;650133590;RESEARCH;01_Forex/NZDCAD/06_REVERSAL_EXIT/SELL_ICHIMOKU.set;60D1F58F317FF38649DFF844F99A124ACE2CDAD10FAB4561F022549E3D4996A8
01_Forex;NZDCAD;07_GRID_SEPARATE;BUY;MULTI;20;2442908160000;FAST_GENETIC;680746693;HEDGE_ACCOUNT_REQUIRED;01_Forex/NZDCAD/07_GRID_SEPARATE/BUY_MULTI.set;1C14C4C93791961579CE7EF6665BF37F8FE62D58208A8FC746091CDD6AEAA15A
01_Forex;NZDCAD;07_GRID_SEPARATE;BUY;ICHIMOKU;19;53299814400;FAST_GENETIC;661189503;HEDGE_ACCOUNT_REQUIRED;01_Forex/NZDCAD/07_GRID_SEPARATE/BUY_ICHIMOKU.set;99F1058D6DF3D8B2292B5462979F52D2CDD185AB79AA3241406D89A5EF352673
01_Forex;NZDCAD;07_GRID_SEPARATE;SELL;MULTI;20;2442908160000;FAST_GENETIC;682583978;HEDGE_ACCOUNT_REQUIRED;01_Forex/NZDCAD/07_GRID_SEPARATE/SELL_MULTI.set;5101611EDC9885F7B4381770D449994CAD2D8816D9BE9BDA3ACC9885C6C2E015
01_Forex;NZDCAD;07_GRID_SEPARATE;SELL;ICHIMOKU;19;53299814400;FAST_GENETIC;611299381;HEDGE_ACCOUNT_REQUIRED;01_Forex/NZDCAD/07_GRID_SEPARATE/SELL_ICHIMOKU.set;1AF44909F980DC8E3F53EE85A952709A58122A291F607BBCA3DAD8937928FD05
01_Forex;NZDCAD;08_GRID_UNIFIED;BOTH;MULTI;21;12214540800000;FAST_GENETIC;648629186;HEDGE_ACCOUNT_REQUIRED;01_Forex/NZDCAD/08_GRID_UNIFIED/BOTH_MULTI.set;11BCB3E73695A3E7162E898DCE0FDBA536A882599538042EFD9A79788DC6CA07
01_Forex;NZDCAD;08_GRID_UNIFIED;BOTH;ICHIMOKU;20;266499072000;FAST_GENETIC;669527879;HEDGE_ACCOUNT_REQUIRED;01_Forex/NZDCAD/08_GRID_UNIFIED/BOTH_ICHIMOKU.set;7C79BF986918826E87C0FFD58F99D0FDDFCF95F57B4B0F5A321702A670852EB0
01_Forex;NZDCAD;09_MARTINGALE;BUY;MULTI;21;11146899456000;FAST_GENETIC;620433606;HIGH_RISK;01_Forex/NZDCAD/09_MARTINGALE/BUY_MULTI.set;BE20B70F3DAC597E9DB789D4779D3FDE498D79D6D67EAE0FE16EEF59A12D3159
01_Forex;NZDCAD;09_MARTINGALE;BUY;ICHIMOKU;20;243205079040;FAST_GENETIC;670534012;HIGH_RISK;01_Forex/NZDCAD/09_MARTINGALE/BUY_ICHIMOKU.set;7905FA710CBA4B503A63C56AB91446F5CC82560320C8A8FC54C1C19DE1B2E560
01_Forex;NZDCAD;09_MARTINGALE;SELL;MULTI;21;11146899456000;FAST_GENETIC;653295984;HIGH_RISK;01_Forex/NZDCAD/09_MARTINGALE/SELL_MULTI.set;F6EE6B393A01A87214419F4991BC8929514F601869062850AFFA95680D0FE062
01_Forex;NZDCAD;09_MARTINGALE;SELL;ICHIMOKU;20;243205079040;FAST_GENETIC;661488609;HIGH_RISK;01_Forex/NZDCAD/09_MARTINGALE/SELL_ICHIMOKU.set;818DC408A4E96A29653572FCC70ADC2B09A445D274C64BD0EECCC2817BC85E90
01_Forex;NZDCAD;10_DALEMBERT;BUY;MULTI;21;7962071040000;FAST_GENETIC;625077340;HIGH_RISK;01_Forex/NZDCAD/10_DALEMBERT/BUY_MULTI.set;428973C41057391656C54F75896F44A60A764B920F9C19BE700C85747A7FFF37
01_Forex;NZDCAD;10_DALEMBERT;BUY;ICHIMOKU;20;173717913600;FAST_GENETIC;675695606;HIGH_RISK;01_Forex/NZDCAD/10_DALEMBERT/BUY_ICHIMOKU.set;862AA06A16B6E4B7926B28377AC3E10A95667FED5B9911338C7F17C410A903A3
01_Forex;NZDCAD;10_DALEMBERT;SELL;MULTI;21;7962071040000;FAST_GENETIC;617231738;HIGH_RISK;01_Forex/NZDCAD/10_DALEMBERT/SELL_MULTI.set;B8DF4F35AE9654AB571658E95DACD0DCCA22EEB5D19A8A3966A518761218A8D3
01_Forex;NZDCAD;10_DALEMBERT;SELL;ICHIMOKU;20;173717913600;FAST_GENETIC;667650459;HIGH_RISK;01_Forex/NZDCAD/10_DALEMBERT/SELL_ICHIMOKU.set;C56EFED3720F4C986AB5F7EE5E8C0A2F4794098A3493E78EB855B54E1B887876
01_Forex;NZDCAD;11_SIGNAL_ONLY;BUY;MULTI;16;354816000;FAST_GENETIC;694804073;HIGH_RISK_RESEARCH;01_Forex/NZDCAD/11_SIGNAL_ONLY/BUY_MULTI.set;61D28C96745CC5276DD597CEED5BDF668D5206BB53FC0DEC963C9B67B689D6A9
01_Forex;NZDCAD;11_SIGNAL_ONLY;BUY;ICHIMOKU;15;7741440;FAST_GENETIC;671206422;HIGH_RISK_RESEARCH;01_Forex/NZDCAD/11_SIGNAL_ONLY/BUY_ICHIMOKU.set;2B282066F01C0B86F7AD845A6F527941D7ECD3F55224E413D3903290BCA8D8B4
01_Forex;NZDCAD;11_SIGNAL_ONLY;SELL;MULTI;16;354816000;FAST_GENETIC;635372829;HIGH_RISK_RESEARCH;01_Forex/NZDCAD/11_SIGNAL_ONLY/SELL_MULTI.set;6D18244F0A1F273E2BC22681441954092F653C19111400DEF6A85F167548FDBB
01_Forex;NZDCAD;11_SIGNAL_ONLY;SELL;ICHIMOKU;15;7741440;FAST_GENETIC;645246760;HIGH_RISK_RESEARCH;01_Forex/NZDCAD/11_SIGNAL_ONLY/SELL_ICHIMOKU.set;19779AAC3C271656ECC45618C333D279695F133B8A5D600E05A0BF804C526BF7
01_Forex;NZDCHF;01_SLTP;BUY;MULTI;19;398103552000;FAST_GENETIC;654821595;RESEARCH;01_Forex/NZDCHF/01_SLTP/BUY_MULTI.set;42F952123AC5267C7B2A4B8A6C0CA2FE18E2AB21318AADDD6DC809BB69FD36BD
01_Forex;NZDCHF;01_SLTP;BUY;ICHIMOKU;18;8685895680;FAST_GENETIC;643121453;RESEARCH;01_Forex/NZDCHF/01_SLTP/BUY_ICHIMOKU.set;09F3E094A093DE4E1FBB4836684A2C144209EA745C54315163B0CF29854ABD04
01_Forex;NZDCHF;01_SLTP;SELL;MULTI;19;398103552000;FAST_GENETIC;612095247;RESEARCH;01_Forex/NZDCHF/01_SLTP/SELL_MULTI.set;8CE6DA99123341495CDCB8562B8E6BA7EE9E5F5FBD57DB40C5143B7789B88A3B
01_Forex;NZDCHF;01_SLTP;SELL;ICHIMOKU;18;8685895680;FAST_GENETIC;637069798;RESEARCH;01_Forex/NZDCHF/01_SLTP/SELL_ICHIMOKU.set;49694D93709D9E4AD6F14669D7B514DB1BC3AA8BC1837D9093DDA0D52CBBC9C9
01_Forex;NZDCHF;02_SLTP_ORGANIC;BUY;MULTI;19;398103552000;FAST_GENETIC;653346458;RESEARCH;01_Forex/NZDCHF/02_SLTP_ORGANIC/BUY_MULTI.set;EE672EFA5C680D0D5D2B079222795C79994302F2200BC0BBE7F38C7192907E2B
01_Forex;NZDCHF;02_SLTP_ORGANIC;BUY;ICHIMOKU;18;8685895680;FAST_GENETIC;669997783;RESEARCH;01_Forex/NZDCHF/02_SLTP_ORGANIC/BUY_ICHIMOKU.set;92172D196B3E279E050FA83AC42ABFAC2EA214E27694FFA6F792A9FBE3BCEAA4
01_Forex;NZDCHF;02_SLTP_ORGANIC;SELL;MULTI;19;398103552000;FAST_GENETIC;663047034;RESEARCH;01_Forex/NZDCHF/02_SLTP_ORGANIC/SELL_MULTI.set;25489C1C1E2977D9BFB2CBF08DDC3A966DE8EB3405D813DE42C7431EB5674394
01_Forex;NZDCHF;02_SLTP_ORGANIC;SELL;ICHIMOKU;18;8685895680;FAST_GENETIC;676155829;RESEARCH;01_Forex/NZDCHF/02_SLTP_ORGANIC/SELL_ICHIMOKU.set;77555E2066DFB1C971FFC580EEBCB176375D07B343FBB014217DEA66DB4260C9
01_Forex;NZDCHF;03_TRAIL_ONLY;BUY;MULTI;20;1287982080000;FAST_GENETIC;644374366;RESEARCH;01_Forex/NZDCHF/03_TRAIL_ONLY/BUY_MULTI.set;51F989770310F07E52552A26DBFA87DD6B7C6E8BF9995E26080C09E19FF42C8D
01_Forex;NZDCHF;03_TRAIL_ONLY;BUY;ICHIMOKU;19;28101427200;FAST_GENETIC;681742659;RESEARCH;01_Forex/NZDCHF/03_TRAIL_ONLY/BUY_ICHIMOKU.set;81BB3926D71E5D0300AB71A2BDA71308206FBEDD817F9ECE5D5E8D5B99BB6142
01_Forex;NZDCHF;03_TRAIL_ONLY;SELL;MULTI;20;1287982080000;FAST_GENETIC;641694610;RESEARCH;01_Forex/NZDCHF/03_TRAIL_ONLY/SELL_MULTI.set;41803BC38178B7ABC37C3DF30A6BC39EF5FC67E00B566C3F959D5AF31520978C
01_Forex;NZDCHF;03_TRAIL_ONLY;SELL;ICHIMOKU;19;28101427200;FAST_GENETIC;667958854;RESEARCH;01_Forex/NZDCHF/03_TRAIL_ONLY/SELL_ICHIMOKU.set;537A83C70FB3AC592536CB519FB6EBD311D3AB32EB4A54396582E3C79589CF59
01_Forex;NZDCHF;04_SLTP_TRAIL;BUY;MULTI;20;4379139072000;FAST_GENETIC;662439673;RESEARCH;01_Forex/NZDCHF/04_SLTP_TRAIL/BUY_MULTI.set;96372767B233DBF0AF6E70CC7B1DDB9B1D53F0902773EC5BDC1DE3451CB57641
01_Forex;NZDCHF;04_SLTP_TRAIL;BUY;ICHIMOKU;19;95544852480;FAST_GENETIC;637767668;RESEARCH;01_Forex/NZDCHF/04_SLTP_TRAIL/BUY_ICHIMOKU.set;700811BE4DB0D89AC7E1ADFF754B40EEE843AED84985CF45762829612F425B3A
01_Forex;NZDCHF;04_SLTP_TRAIL;SELL;MULTI;20;4379139072000;FAST_GENETIC;696267226;RESEARCH;01_Forex/NZDCHF/04_SLTP_TRAIL/SELL_MULTI.set;5606C553078A6DF44BA96C010ED9BEDD039688BAF070822B46072DAE974262B0
01_Forex;NZDCHF;04_SLTP_TRAIL;SELL;ICHIMOKU;19;95544852480;FAST_GENETIC;637401537;RESEARCH;01_Forex/NZDCHF/04_SLTP_TRAIL/SELL_ICHIMOKU.set;46C19A58D7AF7989415A11FCBE42FE985FAB7B1BDAFFBCE967AE8A3030EC0E65
01_Forex;NZDCHF;05_BE_TRAIL;BUY;MULTI;19;643991040000;FAST_GENETIC;624026060;RESEARCH;01_Forex/NZDCHF/05_BE_TRAIL/BUY_MULTI.set;F63084F4277924A97B77A5DC6FCAFB1027A303DE57371D7DE67CB5AC009AEFA5
01_Forex;NZDCHF;05_BE_TRAIL;BUY;ICHIMOKU;18;14050713600;FAST_GENETIC;647957987;RESEARCH;01_Forex/NZDCHF/05_BE_TRAIL/BUY_ICHIMOKU.set;353D2AAC5D6F100B543573DE192AFFD53727CC03AE9228CEAAAC5640B8EC567B
01_Forex;NZDCHF;05_BE_TRAIL;SELL;MULTI;19;643991040000;FAST_GENETIC;668308643;RESEARCH;01_Forex/NZDCHF/05_BE_TRAIL/SELL_MULTI.set;4BD50751C93EB906A9BF5FB339F2F886D1DFC4761BE757FEE681F0D1C290801B
01_Forex;NZDCHF;05_BE_TRAIL;SELL;ICHIMOKU;18;14050713600;FAST_GENETIC;686406929;RESEARCH;01_Forex/NZDCHF/05_BE_TRAIL/SELL_ICHIMOKU.set;35005E6EC7A16A57EDD046C0509F1BD4116BB74B3D58E6F615DDD8498EA2AF18
01_Forex;NZDCHF;06_REVERSAL_EXIT;BUY;MULTI;21;1030385664000;FAST_GENETIC;690618382;RESEARCH;01_Forex/NZDCHF/06_REVERSAL_EXIT/BUY_MULTI.set;04526DC50CE9C3476E7A069836F2B631263BA3E98E586F4526D9EDC147341CF4
01_Forex;NZDCHF;06_REVERSAL_EXIT;BUY;ICHIMOKU;20;22481141760;FAST_GENETIC;623104777;RESEARCH;01_Forex/NZDCHF/06_REVERSAL_EXIT/BUY_ICHIMOKU.set;A69787E54BCC7B8C1DA2E15AD70234B92F25B350506A0610A8167D8E7C65E86D
01_Forex;NZDCHF;06_REVERSAL_EXIT;SELL;MULTI;21;1030385664000;FAST_GENETIC;678490031;RESEARCH;01_Forex/NZDCHF/06_REVERSAL_EXIT/SELL_MULTI.set;53A303619EA95C91D448645F6AF6B07E9BE3C924189243F2BA961A41FEC407A2
01_Forex;NZDCHF;06_REVERSAL_EXIT;SELL;ICHIMOKU;20;22481141760;FAST_GENETIC;611670797;RESEARCH;01_Forex/NZDCHF/06_REVERSAL_EXIT/SELL_ICHIMOKU.set;F7B0D41BE863409E38A27B1E3D1C8A9CAE5ED84217571046979BD3BABE2C67BC
01_Forex;NZDCHF;07_GRID_SEPARATE;BUY;MULTI;20;2442908160000;FAST_GENETIC;639146434;HEDGE_ACCOUNT_REQUIRED;01_Forex/NZDCHF/07_GRID_SEPARATE/BUY_MULTI.set;801E91C275AE303EEA852C0FA3B114163C2850155296B816C392714D6A1D28F5
01_Forex;NZDCHF;07_GRID_SEPARATE;BUY;ICHIMOKU;19;53299814400;FAST_GENETIC;668227371;HEDGE_ACCOUNT_REQUIRED;01_Forex/NZDCHF/07_GRID_SEPARATE/BUY_ICHIMOKU.set;3B6CE9932EAD9C1E405169DEDA5904ED2BE0C1B1E133A7A0EEE753833C54D762
01_Forex;NZDCHF;07_GRID_SEPARATE;SELL;MULTI;20;2442908160000;FAST_GENETIC;671804177;HEDGE_ACCOUNT_REQUIRED;01_Forex/NZDCHF/07_GRID_SEPARATE/SELL_MULTI.set;27B4F2D013CA2A1FEACDF81E243705F365E94FABA6CF14AC4FBD1CC97EB61D5B
01_Forex;NZDCHF;07_GRID_SEPARATE;SELL;ICHIMOKU;19;53299814400;FAST_GENETIC;691709642;HEDGE_ACCOUNT_REQUIRED;01_Forex/NZDCHF/07_GRID_SEPARATE/SELL_ICHIMOKU.set;D48F44EB20B2B9C8296130313496166A28E8B8C00485B794399273C27469F808
01_Forex;NZDCHF;08_GRID_UNIFIED;BOTH;MULTI;21;12214540800000;FAST_GENETIC;662855050;HEDGE_ACCOUNT_REQUIRED;01_Forex/NZDCHF/08_GRID_UNIFIED/BOTH_MULTI.set;12668A9EAC8E851F4CCCC83B59D7021725725E2BD6454CC2AAC04C4F54B5FFC0
01_Forex;NZDCHF;08_GRID_UNIFIED;BOTH;ICHIMOKU;20;266499072000;FAST_GENETIC;695332815;HEDGE_ACCOUNT_REQUIRED;01_Forex/NZDCHF/08_GRID_UNIFIED/BOTH_ICHIMOKU.set;37483356FD5A4CEDAEFA535A4D19A6F2457C99F62DB0DB516DE2BDDFCC9BAF9E
01_Forex;NZDCHF;09_MARTINGALE;BUY;MULTI;21;11146899456000;FAST_GENETIC;679208828;HIGH_RISK;01_Forex/NZDCHF/09_MARTINGALE/BUY_MULTI.set;5D2156EEC4E60C586AEA83CE3AC6B018C6B5A2AF12708CE0FD4DD12C6B78CD3B
01_Forex;NZDCHF;09_MARTINGALE;BUY;ICHIMOKU;20;243205079040;FAST_GENETIC;619262230;HIGH_RISK;01_Forex/NZDCHF/09_MARTINGALE/BUY_ICHIMOKU.set;FC470A0E3DBC29DD6F629D62AAD932DB92A3C4A76662DAF3D85DBEB255CDCA26
01_Forex;NZDCHF;09_MARTINGALE;SELL;MULTI;21;11146899456000;FAST_GENETIC;642741972;HIGH_RISK;01_Forex/NZDCHF/09_MARTINGALE/SELL_MULTI.set;E264BC97741789199F24CBF33CB7B9DEA535AD89E2C0CAF4F5EAC9F4B9587F41
01_Forex;NZDCHF;09_MARTINGALE;SELL;ICHIMOKU;20;243205079040;FAST_GENETIC;629694643;HIGH_RISK;01_Forex/NZDCHF/09_MARTINGALE/SELL_ICHIMOKU.set;1B4AA91F3E64A78AFE5A341B44EBDA839D4D1C6F133AF1C103907160D35182A4
01_Forex;NZDCHF;10_DALEMBERT;BUY;MULTI;21;7962071040000;FAST_GENETIC;695159496;HIGH_RISK;01_Forex/NZDCHF/10_DALEMBERT/BUY_MULTI.set;3CFE48197C07DA91ACBBB9E17DBF51E6B1E43839F4F4868ACA0087EB9B107AE1
01_Forex;NZDCHF;10_DALEMBERT;BUY;ICHIMOKU;20;173717913600;FAST_GENETIC;657066250;HIGH_RISK;01_Forex/NZDCHF/10_DALEMBERT/BUY_ICHIMOKU.set;B044D72BDC79FC1663E3C0F7621EEDC46260F9D4D9B23919353E30C5DF8A3E06
01_Forex;NZDCHF;10_DALEMBERT;SELL;MULTI;21;7962071040000;FAST_GENETIC;688757838;HIGH_RISK;01_Forex/NZDCHF/10_DALEMBERT/SELL_MULTI.set;DA7CA088747FD4D8710EC1BFF5730CB43BF869A8071CFA65B199C83DCD60D2F8
01_Forex;NZDCHF;10_DALEMBERT;SELL;ICHIMOKU;20;173717913600;FAST_GENETIC;654353914;HIGH_RISK;01_Forex/NZDCHF/10_DALEMBERT/SELL_ICHIMOKU.set;122CE6D6376CF59B6565A706D15BED680D5E1BFAC7712A78AB0F99169C6D6753
01_Forex;NZDCHF;11_SIGNAL_ONLY;BUY;MULTI;16;354816000;FAST_GENETIC;622629642;HIGH_RISK_RESEARCH;01_Forex/NZDCHF/11_SIGNAL_ONLY/BUY_MULTI.set;DBB0EB4AF7B745E11902FEE378AC5BE0707A4F1BCB2C164B7EA841BED1A8EDF5
01_Forex;NZDCHF;11_SIGNAL_ONLY;BUY;ICHIMOKU;15;7741440;FAST_GENETIC;621850224;HIGH_RISK_RESEARCH;01_Forex/NZDCHF/11_SIGNAL_ONLY/BUY_ICHIMOKU.set;FA9099511EE7CDC29DE0DAA9C18A27B59F35C8D7B4A914FE890CE865C8E490E6
01_Forex;NZDCHF;11_SIGNAL_ONLY;SELL;MULTI;16;354816000;FAST_GENETIC;699432579;HIGH_RISK_RESEARCH;01_Forex/NZDCHF/11_SIGNAL_ONLY/SELL_MULTI.set;5164298C1083EC9A7858626E906D6E254DFED8529F34F9788B28A2C10BDA6ACB
01_Forex;NZDCHF;11_SIGNAL_ONLY;SELL;ICHIMOKU;15;7741440;FAST_GENETIC;665027207;HIGH_RISK_RESEARCH;01_Forex/NZDCHF/11_SIGNAL_ONLY/SELL_ICHIMOKU.set;7C08B265211098CF5AAD34E5A64C50A4514EA37A7AAF061C4318004080FABEA9
01_Forex;NZDJPY;01_SLTP;BUY;MULTI;19;398103552000;FAST_GENETIC;636339369;RESEARCH;01_Forex/NZDJPY/01_SLTP/BUY_MULTI.set;C834FE686D6A76E97C83BD1BD94D62C444B4CCD18C628681BC6E0FA25969783A
01_Forex;NZDJPY;01_SLTP;BUY;ICHIMOKU;18;8685895680;FAST_GENETIC;650745310;RESEARCH;01_Forex/NZDJPY/01_SLTP/BUY_ICHIMOKU.set;54594F76673CC730AF7A2834446B5464031EE76A822CB17A230E45079861178D
01_Forex;NZDJPY;01_SLTP;SELL;MULTI;19;398103552000;FAST_GENETIC;689756438;RESEARCH;01_Forex/NZDJPY/01_SLTP/SELL_MULTI.set;1D0A24A3E5A8069501C174BF2E9975D4C4D0DDA3BCD2D85A9E4003C179509EB5
01_Forex;NZDJPY;01_SLTP;SELL;ICHIMOKU;18;8685895680;FAST_GENETIC;639572976;RESEARCH;01_Forex/NZDJPY/01_SLTP/SELL_ICHIMOKU.set;F4619BECFA9F4615063474951CC7C4BED9F615B7CCEDFC18910959BB6ED41199
01_Forex;NZDJPY;02_SLTP_ORGANIC;BUY;MULTI;19;398103552000;FAST_GENETIC;647547157;RESEARCH;01_Forex/NZDJPY/02_SLTP_ORGANIC/BUY_MULTI.set;53BA69AED4A4F74585998211C8A71068464769BECF6922C5B2F45FD6D1AE6D30
01_Forex;NZDJPY;02_SLTP_ORGANIC;BUY;ICHIMOKU;18;8685895680;FAST_GENETIC;660504601;RESEARCH;01_Forex/NZDJPY/02_SLTP_ORGANIC/BUY_ICHIMOKU.set;051EA2F56927108B07C134B1C228E8144BB1B4FB4645C0CEA2D83598182AE310
01_Forex;NZDJPY;02_SLTP_ORGANIC;SELL;MULTI;19;398103552000;FAST_GENETIC;653117025;RESEARCH;01_Forex/NZDJPY/02_SLTP_ORGANIC/SELL_MULTI.set;C32A70A2ADC0D82A5CBF7C1176DB0B3E919E29DEC700AE6CC7F6DBD7F838BBF4
01_Forex;NZDJPY;02_SLTP_ORGANIC;SELL;ICHIMOKU;18;8685895680;FAST_GENETIC;673118246;RESEARCH;01_Forex/NZDJPY/02_SLTP_ORGANIC/SELL_ICHIMOKU.set;58983927EA2284BE2A06582620085A1DF8188CE57057CD849610A5AEE62520B9
01_Forex;NZDJPY;03_TRAIL_ONLY;BUY;MULTI;20;1287982080000;FAST_GENETIC;673673542;RESEARCH;01_Forex/NZDJPY/03_TRAIL_ONLY/BUY_MULTI.set;C70F31414E9FD91C2E093B46D60DE48C0A623294C327592AD7468AA256BBC43F
01_Forex;NZDJPY;03_TRAIL_ONLY;BUY;ICHIMOKU;19;28101427200;FAST_GENETIC;688216446;RESEARCH;01_Forex/NZDJPY/03_TRAIL_ONLY/BUY_ICHIMOKU.set;125C716C59D598FEE6B074760E507B6608771188CFAF59407128383222B4C0E6
01_Forex;NZDJPY;03_TRAIL_ONLY;SELL;MULTI;20;1287982080000;FAST_GENETIC;624821580;RESEARCH;01_Forex/NZDJPY/03_TRAIL_ONLY/SELL_MULTI.set;0AB752950B1461C538788D8750138692003D6E17C68C3AB858937FCF4FB0BE7B
01_Forex;NZDJPY;03_TRAIL_ONLY;SELL;ICHIMOKU;19;28101427200;FAST_GENETIC;668434637;RESEARCH;01_Forex/NZDJPY/03_TRAIL_ONLY/SELL_ICHIMOKU.set;C3BCD05F9E8D5AC5457772CBD863BAC131F81D373DCF1FE163F6D5A413B61248
01_Forex;NZDJPY;04_SLTP_TRAIL;BUY;MULTI;20;4379139072000;FAST_GENETIC;658795934;RESEARCH;01_Forex/NZDJPY/04_SLTP_TRAIL/BUY_MULTI.set;6E0023AAA1C5E54A51594EC56EBDDBFB72904796901CE029C29F934D1875A22A
01_Forex;NZDJPY;04_SLTP_TRAIL;BUY;ICHIMOKU;19;95544852480;FAST_GENETIC;611946798;RESEARCH;01_Forex/NZDJPY/04_SLTP_TRAIL/BUY_ICHIMOKU.set;AAE1F21542DEB75B7261F909183D0F305D4C69D07478452E593FF51E33517F01
01_Forex;NZDJPY;04_SLTP_TRAIL;SELL;MULTI;20;4379139072000;FAST_GENETIC;662735498;RESEARCH;01_Forex/NZDJPY/04_SLTP_TRAIL/SELL_MULTI.set;820343477F6F6663C7C7114ECA8BC0505C1F571230AFCEC332A4B253E15375D9
01_Forex;NZDJPY;04_SLTP_TRAIL;SELL;ICHIMOKU;19;95544852480;FAST_GENETIC;635498526;RESEARCH;01_Forex/NZDJPY/04_SLTP_TRAIL/SELL_ICHIMOKU.set;C5A6E96B5280311AC7F4BB1CA31A729B3DA84C6B54E182D2A827CE0DD6B86CD5
01_Forex;NZDJPY;05_BE_TRAIL;BUY;MULTI;19;643991040000;FAST_GENETIC;622247717;RESEARCH;01_Forex/NZDJPY/05_BE_TRAIL/BUY_MULTI.set;70A2D99522C030500E6A6F4EDCC4A6887DFD51E2707D2E18E8F508200C236635
01_Forex;NZDJPY;05_BE_TRAIL;BUY;ICHIMOKU;18;14050713600;FAST_GENETIC;629082356;RESEARCH;01_Forex/NZDJPY/05_BE_TRAIL/BUY_ICHIMOKU.set;5D3B044684AECA0B18C220BC7CA516A659DE5A03212C7D3F6B07DD1B59C5C93E
01_Forex;NZDJPY;05_BE_TRAIL;SELL;MULTI;19;643991040000;FAST_GENETIC;682827230;RESEARCH;01_Forex/NZDJPY/05_BE_TRAIL/SELL_MULTI.set;CECAA5D7D9EFC36A24C7EA3A3693784997E13482DC790AFE5727C6B0FACF5E3F
01_Forex;NZDJPY;05_BE_TRAIL;SELL;ICHIMOKU;18;14050713600;FAST_GENETIC;695216249;RESEARCH;01_Forex/NZDJPY/05_BE_TRAIL/SELL_ICHIMOKU.set;755AA329EDCACEEC2A8948DFEF2CA933974D2AF639CAA740713EC1D4F033E35D
01_Forex;NZDJPY;06_REVERSAL_EXIT;BUY;MULTI;21;1030385664000;FAST_GENETIC;657485346;RESEARCH;01_Forex/NZDJPY/06_REVERSAL_EXIT/BUY_MULTI.set;7B18265683134443F9D8AE293D7C6BC647C864EE9B7ADB2750B96057619D92E5
01_Forex;NZDJPY;06_REVERSAL_EXIT;BUY;ICHIMOKU;20;22481141760;FAST_GENETIC;699090145;RESEARCH;01_Forex/NZDJPY/06_REVERSAL_EXIT/BUY_ICHIMOKU.set;CAF18440C77805F21F7752CFF0408EF32472DBBEBFB5814DE28A7F593E3C2E7B
01_Forex;NZDJPY;06_REVERSAL_EXIT;SELL;MULTI;21;1030385664000;FAST_GENETIC;693623125;RESEARCH;01_Forex/NZDJPY/06_REVERSAL_EXIT/SELL_MULTI.set;BAC787611FA8D43C806DB1FDCEE4D4F514A848FCF95487D6EE75A52337A4AD7E
01_Forex;NZDJPY;06_REVERSAL_EXIT;SELL;ICHIMOKU;20;22481141760;FAST_GENETIC;636587065;RESEARCH;01_Forex/NZDJPY/06_REVERSAL_EXIT/SELL_ICHIMOKU.set;DB130696CF794CA9A6A6686D3CF451CC510B2AC6FA2B0779A62AD66E0C2652B9
01_Forex;NZDJPY;07_GRID_SEPARATE;BUY;MULTI;20;2442908160000;FAST_GENETIC;618548198;HEDGE_ACCOUNT_REQUIRED;01_Forex/NZDJPY/07_GRID_SEPARATE/BUY_MULTI.set;1F8530BAFBA181925CAB1222B992FBF5F04BB1D588BE4D67CCF8100418A743D6
01_Forex;NZDJPY;07_GRID_SEPARATE;BUY;ICHIMOKU;19;53299814400;FAST_GENETIC;685291422;HEDGE_ACCOUNT_REQUIRED;01_Forex/NZDJPY/07_GRID_SEPARATE/BUY_ICHIMOKU.set;FDACB1FFA8B5056F022FEACD6D24AF54C7BF45C456868A1522EEB843C69C9C92
01_Forex;NZDJPY;07_GRID_SEPARATE;SELL;MULTI;20;2442908160000;FAST_GENETIC;662091979;HEDGE_ACCOUNT_REQUIRED;01_Forex/NZDJPY/07_GRID_SEPARATE/SELL_MULTI.set;5E5B1C4FD517617C29057F0464D762A3565413887F9A626C8590A34A3F5E726B
01_Forex;NZDJPY;07_GRID_SEPARATE;SELL;ICHIMOKU;19;53299814400;FAST_GENETIC;697167975;HEDGE_ACCOUNT_REQUIRED;01_Forex/NZDJPY/07_GRID_SEPARATE/SELL_ICHIMOKU.set;3A8DAC435A9FECDA5CD9DA0089F81F77D940A7C8FAEB87622D4C1625A87EA166
01_Forex;NZDJPY;08_GRID_UNIFIED;BOTH;MULTI;21;12214540800000;FAST_GENETIC;629263169;HEDGE_ACCOUNT_REQUIRED;01_Forex/NZDJPY/08_GRID_UNIFIED/BOTH_MULTI.set;ADDE4F155FB0080ED77E449C803DAF0E4D91B2212951E713F897FDB759D21312
01_Forex;NZDJPY;08_GRID_UNIFIED;BOTH;ICHIMOKU;20;266499072000;FAST_GENETIC;654016300;HEDGE_ACCOUNT_REQUIRED;01_Forex/NZDJPY/08_GRID_UNIFIED/BOTH_ICHIMOKU.set;8A6CAA7F9F01FA18FD3606676AB1E04DA536B7AFF8A6A40F604892573192E306
01_Forex;NZDJPY;09_MARTINGALE;BUY;MULTI;21;11146899456000;FAST_GENETIC;620869183;HIGH_RISK;01_Forex/NZDJPY/09_MARTINGALE/BUY_MULTI.set;882EF66414E1A86F96279EBDCA44D2FA3152B61A282FED45E161AB76B208A563
01_Forex;NZDJPY;09_MARTINGALE;BUY;ICHIMOKU;20;243205079040;FAST_GENETIC;669046561;HIGH_RISK;01_Forex/NZDJPY/09_MARTINGALE/BUY_ICHIMOKU.set;8401A3E9F0343911C300E30C8978B80D6BE3E34A10FA6C8A1AF860E3464016A8
01_Forex;NZDJPY;09_MARTINGALE;SELL;MULTI;21;11146899456000;FAST_GENETIC;645355193;HIGH_RISK;01_Forex/NZDJPY/09_MARTINGALE/SELL_MULTI.set;9870290C12D68FC2D638200D4313A4D8F8225BABB6C0781C174455E071D9E12C
01_Forex;NZDJPY;09_MARTINGALE;SELL;ICHIMOKU;20;243205079040;FAST_GENETIC;621205602;HIGH_RISK;01_Forex/NZDJPY/09_MARTINGALE/SELL_ICHIMOKU.set;1DFDA599CF36B811179E10012CDD8F7B2252EFFA6678FEB2A302E459DEC61CFA
01_Forex;NZDJPY;10_DALEMBERT;BUY;MULTI;21;7962071040000;FAST_GENETIC;628434905;HIGH_RISK;01_Forex/NZDJPY/10_DALEMBERT/BUY_MULTI.set;77C9924C415DE81D0AC38FAEA61FCCD5C4499B5C8824D045490D6DA48F5EB051
01_Forex;NZDJPY;10_DALEMBERT;BUY;ICHIMOKU;20;173717913600;FAST_GENETIC;629509121;HIGH_RISK;01_Forex/NZDJPY/10_DALEMBERT/BUY_ICHIMOKU.set;0C6343ADDA377000E9E46D44F8B15A6FF9716372816F5370CA5D375462EAFC99
01_Forex;NZDJPY;10_DALEMBERT;SELL;MULTI;21;7962071040000;FAST_GENETIC;678868151;HIGH_RISK;01_Forex/NZDJPY/10_DALEMBERT/SELL_MULTI.set;974ACB40AC677160B33CC0247220800A4D7E10965D114530A8764FA02CBE7555
01_Forex;NZDJPY;10_DALEMBERT;SELL;ICHIMOKU;20;173717913600;FAST_GENETIC;688431415;HIGH_RISK;01_Forex/NZDJPY/10_DALEMBERT/SELL_ICHIMOKU.set;ECFD3CF191B4617F10440745C7D03004A2AFE777C804F78DB2CE73664F77EFE2
01_Forex;NZDJPY;11_SIGNAL_ONLY;BUY;MULTI;16;354816000;FAST_GENETIC;666362105;HIGH_RISK_RESEARCH;01_Forex/NZDJPY/11_SIGNAL_ONLY/BUY_MULTI.set;434C60DD268A33835F18A745C41A5F1F1E4BB5F783D790E20CE37FD2AB12D200
01_Forex;NZDJPY;11_SIGNAL_ONLY;BUY;ICHIMOKU;15;7741440;FAST_GENETIC;680129030;HIGH_RISK_RESEARCH;01_Forex/NZDJPY/11_SIGNAL_ONLY/BUY_ICHIMOKU.set;934AE56EAFE686D4AC916BD23C5961E5099DEDDCCB457C586958DE196639CDF3
01_Forex;NZDJPY;11_SIGNAL_ONLY;SELL;MULTI;16;354816000;FAST_GENETIC;688850462;HIGH_RISK_RESEARCH;01_Forex/NZDJPY/11_SIGNAL_ONLY/SELL_MULTI.set;E3F261D2C74B3092C810A6702EE81941E1D6DBE39D2AA50910B04DF982ECF7A2
01_Forex;NZDJPY;11_SIGNAL_ONLY;SELL;ICHIMOKU;15;7741440;FAST_GENETIC;615594600;HIGH_RISK_RESEARCH;01_Forex/NZDJPY/11_SIGNAL_ONLY/SELL_ICHIMOKU.set;75DD60A0592596F33C1DAD65A302EF4C0C1281EEEC90F3AF777F99CA46663E53
01_Forex;NZDUSD;01_SLTP;BUY;MULTI;19;398103552000;FAST_GENETIC;677546354;RESEARCH;01_Forex/NZDUSD/01_SLTP/BUY_MULTI.set;D8D794D000E81B0579F20614F3DDE851764100FAACD183247B6657DA1F8A0C34
01_Forex;NZDUSD;01_SLTP;BUY;ICHIMOKU;18;8685895680;FAST_GENETIC;696590209;RESEARCH;01_Forex/NZDUSD/01_SLTP/BUY_ICHIMOKU.set;4B35F690905C5056AB67DF875BED022C687F3048D7EBB6FCCC21A2C19ECEF70A
01_Forex;NZDUSD;01_SLTP;SELL;MULTI;19;398103552000;FAST_GENETIC;617611145;RESEARCH;01_Forex/NZDUSD/01_SLTP/SELL_MULTI.set;A033AA5CE17E699037C2ECA75B87AC6685D373B4CFF910E3F2BDF999BB431A98
01_Forex;NZDUSD;01_SLTP;SELL;ICHIMOKU;18;8685895680;FAST_GENETIC;626485031;RESEARCH;01_Forex/NZDUSD/01_SLTP/SELL_ICHIMOKU.set;652F34D9CDC5BEC036A9FE91C2B4EE7B7F294BD4361A98242F2AFD6AF8A54B42
01_Forex;NZDUSD;02_SLTP_ORGANIC;BUY;MULTI;19;398103552000;FAST_GENETIC;674830108;RESEARCH;01_Forex/NZDUSD/02_SLTP_ORGANIC/BUY_MULTI.set;0959ECAC5F3C2C590F31D30477FA64D26F354BA80263C6F76A83C399262A9DA0
01_Forex;NZDUSD;02_SLTP_ORGANIC;BUY;ICHIMOKU;18;8685895680;FAST_GENETIC;655180860;RESEARCH;01_Forex/NZDUSD/02_SLTP_ORGANIC/BUY_ICHIMOKU.set;0FEEF4C945993DD071471D7C903B692F451AB8C2B35E583FFA1703256EDF7D2E
01_Forex;NZDUSD;02_SLTP_ORGANIC;SELL;MULTI;19;398103552000;FAST_GENETIC;627841441;RESEARCH;01_Forex/NZDUSD/02_SLTP_ORGANIC/SELL_MULTI.set;8A1C3252850E969A1D674978610592922BA7811943024B3DD7B8E4E6AA153F6E
01_Forex;NZDUSD;02_SLTP_ORGANIC;SELL;ICHIMOKU;18;8685895680;FAST_GENETIC;694238457;RESEARCH;01_Forex/NZDUSD/02_SLTP_ORGANIC/SELL_ICHIMOKU.set;D1636FBB5FBE732D1F0233A8D1BFBFA1EDEB76BB81A9250B74ECB3A825ED141A
01_Forex;NZDUSD;03_TRAIL_ONLY;BUY;MULTI;20;1287982080000;FAST_GENETIC;650801718;RESEARCH;01_Forex/NZDUSD/03_TRAIL_ONLY/BUY_MULTI.set;37D0B5FC5BE7EF437A96C401096FD893E84466D8310B2149C3062FCD722CB9EF
01_Forex;NZDUSD;03_TRAIL_ONLY;BUY;ICHIMOKU;19;28101427200;FAST_GENETIC;671152396;RESEARCH;01_Forex/NZDUSD/03_TRAIL_ONLY/BUY_ICHIMOKU.set;ED8BD4EDBBEFEC2FBCE0FEEF4878E87D9257AA87975AF4FB4EF7BFB5C764ACD5
01_Forex;NZDUSD;03_TRAIL_ONLY;SELL;MULTI;20;1287982080000;FAST_GENETIC;698438416;RESEARCH;01_Forex/NZDUSD/03_TRAIL_ONLY/SELL_MULTI.set;F664D7AF1BA4D24B1EFA72DED0FB2D5EEF9F52C7E6731F2A5C2B164ECE6E5B38
01_Forex;NZDUSD;03_TRAIL_ONLY;SELL;ICHIMOKU;19;28101427200;FAST_GENETIC;626207011;RESEARCH;01_Forex/NZDUSD/03_TRAIL_ONLY/SELL_ICHIMOKU.set;834E4752D3932AA7E2F7A5EA258F1EF8339C857559281044ED2FB5C466DB2B9E
01_Forex;NZDUSD;04_SLTP_TRAIL;BUY;MULTI;20;4379139072000;FAST_GENETIC;642039838;RESEARCH;01_Forex/NZDUSD/04_SLTP_TRAIL/BUY_MULTI.set;1FBB3B4ADB735495F93608EEB80C008F1CCA1DF1F8936A0473FE43C0E6BAD04D
01_Forex;NZDUSD;04_SLTP_TRAIL;BUY;ICHIMOKU;19;95544852480;FAST_GENETIC;667763305;RESEARCH;01_Forex/NZDUSD/04_SLTP_TRAIL/BUY_ICHIMOKU.set;D81D51780819888840994A93F01ACEC9BD01ADB5CA3928B647350DD3A38DAE2B
01_Forex;NZDUSD;04_SLTP_TRAIL;SELL;MULTI;20;4379139072000;FAST_GENETIC;690553431;RESEARCH;01_Forex/NZDUSD/04_SLTP_TRAIL/SELL_MULTI.set;A225C5FBE953CB501DC6D8AE942348E8C48E8ABCA89338589E3BCC473C2F25EE
01_Forex;NZDUSD;04_SLTP_TRAIL;SELL;ICHIMOKU;19;95544852480;FAST_GENETIC;646226592;RESEARCH;01_Forex/NZDUSD/04_SLTP_TRAIL/SELL_ICHIMOKU.set;6C334DEA5939A2790902778A6A4A52530453D72EFC79D08D437893C415780340
01_Forex;NZDUSD;05_BE_TRAIL;BUY;MULTI;19;643991040000;FAST_GENETIC;694325766;RESEARCH;01_Forex/NZDUSD/05_BE_TRAIL/BUY_MULTI.set;389E33FE68990CE431541FCFE12D7314BD1B54E5D83563B7BB94F1C721A33A49
01_Forex;NZDUSD;05_BE_TRAIL;BUY;ICHIMOKU;18;14050713600;FAST_GENETIC;645630737;RESEARCH;01_Forex/NZDUSD/05_BE_TRAIL/BUY_ICHIMOKU.set;2E7ADAECF7826475A41E90862DDDDCA6F46B3C3517823361F2DDD38A19BDAB91
01_Forex;NZDUSD;05_BE_TRAIL;SELL;MULTI;19;643991040000;FAST_GENETIC;665779794;RESEARCH;01_Forex/NZDUSD/05_BE_TRAIL/SELL_MULTI.set;5B37E8F360F0D64AD53E78A3F1EA8A7F490E4A6CD173572E16231CC53CFE4295
01_Forex;NZDUSD;05_BE_TRAIL;SELL;ICHIMOKU;18;14050713600;FAST_GENETIC;656055607;RESEARCH;01_Forex/NZDUSD/05_BE_TRAIL/SELL_ICHIMOKU.set;F4E562954189A21DE34C4D81600F4B54DC45EC7789E8B6F8A0D0206CB8AC6C86
01_Forex;NZDUSD;06_REVERSAL_EXIT;BUY;MULTI;21;1030385664000;FAST_GENETIC;617294005;RESEARCH;01_Forex/NZDUSD/06_REVERSAL_EXIT/BUY_MULTI.set;234C6F2C8DDF97BA02BD75F6B614DA4CE3F142B8232609826F9FA5583E274ABD
01_Forex;NZDUSD;06_REVERSAL_EXIT;BUY;ICHIMOKU;20;22481141760;FAST_GENETIC;695349124;RESEARCH;01_Forex/NZDUSD/06_REVERSAL_EXIT/BUY_ICHIMOKU.set;2E2B86BFEE7F7532E47281CA9B98ADDF3C344CB3ECFFD18B1CB68AA53BE6ED39
01_Forex;NZDUSD;06_REVERSAL_EXIT;SELL;MULTI;21;1030385664000;FAST_GENETIC;668501322;RESEARCH;01_Forex/NZDUSD/06_REVERSAL_EXIT/SELL_MULTI.set;F471E3444410496201167BBCA7CE87BAE729A51EC7084EB1BC7A7A1EBE0F5EC4
01_Forex;NZDUSD;06_REVERSAL_EXIT;SELL;ICHIMOKU;20;22481141760;FAST_GENETIC;614994201;RESEARCH;01_Forex/NZDUSD/06_REVERSAL_EXIT/SELL_ICHIMOKU.set;336B825A1A2C9FEFB4E4686ED128DC68F6BAB65C9A5BB41FA414DC962A24B7D7
01_Forex;NZDUSD;07_GRID_SEPARATE;BUY;MULTI;20;2442908160000;FAST_GENETIC;674254790;HEDGE_ACCOUNT_REQUIRED;01_Forex/NZDUSD/07_GRID_SEPARATE/BUY_MULTI.set;F1E2D6A12F974D0876C73794243086F65A89EF0776E2371E3AB47554D9B4FE2D
01_Forex;NZDUSD;07_GRID_SEPARATE;BUY;ICHIMOKU;19;53299814400;FAST_GENETIC;640673070;HEDGE_ACCOUNT_REQUIRED;01_Forex/NZDUSD/07_GRID_SEPARATE/BUY_ICHIMOKU.set;C7804DD988450D2DD41966FCED0AD5708F617361D2B083953F533878ED6548E5
01_Forex;NZDUSD;07_GRID_SEPARATE;SELL;MULTI;20;2442908160000;FAST_GENETIC;610293948;HEDGE_ACCOUNT_REQUIRED;01_Forex/NZDUSD/07_GRID_SEPARATE/SELL_MULTI.set;BC4C3509934951D5CA4BDCF02D7ED6980FF5FA54ACE390514C817EAA1380F362
01_Forex;NZDUSD;07_GRID_SEPARATE;SELL;ICHIMOKU;19;53299814400;FAST_GENETIC;685909132;HEDGE_ACCOUNT_REQUIRED;01_Forex/NZDUSD/07_GRID_SEPARATE/SELL_ICHIMOKU.set;EFD97142739EDDAEE8338C3B55AF1D1A91081CBB0A4FF7F526D55EBB09AB3350
01_Forex;NZDUSD;08_GRID_UNIFIED;BOTH;MULTI;21;12214540800000;FAST_GENETIC;637484388;HEDGE_ACCOUNT_REQUIRED;01_Forex/NZDUSD/08_GRID_UNIFIED/BOTH_MULTI.set;E6D9A18F3453623AEDF13C42AE6C7E7B0722166026E97E1E55007316C8132AC6
01_Forex;NZDUSD;08_GRID_UNIFIED;BOTH;ICHIMOKU;20;266499072000;FAST_GENETIC;659879666;HEDGE_ACCOUNT_REQUIRED;01_Forex/NZDUSD/08_GRID_UNIFIED/BOTH_ICHIMOKU.set;B655B758C92B10F157EDE0E74428B1487615F5DBBB2BC3CBA3063997B8BB3E81
01_Forex;NZDUSD;09_MARTINGALE;BUY;MULTI;21;11146899456000;FAST_GENETIC;670780132;HIGH_RISK;01_Forex/NZDUSD/09_MARTINGALE/BUY_MULTI.set;0E0ECFD5D5FD1D66C4FAC324B0B7E9978249F848775DF9C1FBEA0C9DF626B4BC
01_Forex;NZDUSD;09_MARTINGALE;BUY;ICHIMOKU;20;243205079040;FAST_GENETIC;658583589;HIGH_RISK;01_Forex/NZDUSD/09_MARTINGALE/BUY_ICHIMOKU.set;879F2487E81B4DC1DEDB3E10327AC2C1E5606EC8D0C60DEF92E0AB8BDB3B57A7
01_Forex;NZDUSD;09_MARTINGALE;SELL;MULTI;21;11146899456000;FAST_GENETIC;688341848;HIGH_RISK;01_Forex/NZDUSD/09_MARTINGALE/SELL_MULTI.set;B5294CA95B6A765EB32DD34483F27A2B80755D2FBAA73C9C27D48A7E69CCF88D
01_Forex;NZDUSD;09_MARTINGALE;SELL;ICHIMOKU;20;243205079040;FAST_GENETIC;692550904;HIGH_RISK;01_Forex/NZDUSD/09_MARTINGALE/SELL_ICHIMOKU.set;16925B915D0CFC32FD956EE5ABFEF0EA023093568CA35997E2A9FD67E1C7246E
01_Forex;NZDUSD;10_DALEMBERT;BUY;MULTI;21;7962071040000;FAST_GENETIC;638949546;HIGH_RISK;01_Forex/NZDUSD/10_DALEMBERT/BUY_MULTI.set;C12454D553B737732542D702821225F0A7B8E502E15B9727CB901F01B1746764
01_Forex;NZDUSD;10_DALEMBERT;BUY;ICHIMOKU;20;173717913600;FAST_GENETIC;675482317;HIGH_RISK;01_Forex/NZDUSD/10_DALEMBERT/BUY_ICHIMOKU.set;A323C7583446F8E459F31EAC5ABA8D5C24DE0F76D4BD6CB484B8B4C5B3D71D49
01_Forex;NZDUSD;10_DALEMBERT;SELL;MULTI;21;7962071040000;FAST_GENETIC;655911739;HIGH_RISK;01_Forex/NZDUSD/10_DALEMBERT/SELL_MULTI.set;7300237E1B45AEF39CBBA13C5DA084C286657D659C100D0434E91DA745E680BC
01_Forex;NZDUSD;10_DALEMBERT;SELL;ICHIMOKU;20;173717913600;FAST_GENETIC;652994159;HIGH_RISK;01_Forex/NZDUSD/10_DALEMBERT/SELL_ICHIMOKU.set;77C39AC6BAFB26277F680B2080B8815C215DDCB38F43097036AFB4B4A4F44485
01_Forex;NZDUSD;11_SIGNAL_ONLY;BUY;MULTI;16;354816000;FAST_GENETIC;674764271;HIGH_RISK_RESEARCH;01_Forex/NZDUSD/11_SIGNAL_ONLY/BUY_MULTI.set;C733B6ACEDAB22360FB730411DF4506332EC67C85F4D121D4B31D835B95C7BFA
01_Forex;NZDUSD;11_SIGNAL_ONLY;BUY;ICHIMOKU;15;7741440;FAST_GENETIC;696174582;HIGH_RISK_RESEARCH;01_Forex/NZDUSD/11_SIGNAL_ONLY/BUY_ICHIMOKU.set;FE4DF85BD70D36751BD5357CA85D5874BA34ED7FE444F008FDDF6B6E7F7B56BD
01_Forex;NZDUSD;11_SIGNAL_ONLY;SELL;MULTI;16;354816000;FAST_GENETIC;656466627;HIGH_RISK_RESEARCH;01_Forex/NZDUSD/11_SIGNAL_ONLY/SELL_MULTI.set;AC37D1BA19EA9A907F056AE2CBBBB71AC1B69E2A6153745486BD4B102B315210
01_Forex;NZDUSD;11_SIGNAL_ONLY;SELL;ICHIMOKU;15;7741440;FAST_GENETIC;617228910;HIGH_RISK_RESEARCH;01_Forex/NZDUSD/11_SIGNAL_ONLY/SELL_ICHIMOKU.set;1C93D2E74587BBD1417C2B7987804478ECB50AC9722D3A3CF7D0B40280FB3BA5
01_Forex;USDCAD;01_SLTP;BUY;MULTI;19;398103552000;FAST_GENETIC;639416747;RESEARCH;01_Forex/USDCAD/01_SLTP/BUY_MULTI.set;DB3D0FB681A956D22772958D08346E8F77549D66A21D2762E577C0D580FAE515
01_Forex;USDCAD;01_SLTP;BUY;ICHIMOKU;18;8685895680;FAST_GENETIC;636423349;RESEARCH;01_Forex/USDCAD/01_SLTP/BUY_ICHIMOKU.set;6A31920F82C2F55E70D10D0F22AEB70698699C30DC5F61065D8E07AFE3110AD7
01_Forex;USDCAD;01_SLTP;SELL;MULTI;19;398103552000;FAST_GENETIC;645785086;RESEARCH;01_Forex/USDCAD/01_SLTP/SELL_MULTI.set;E224FEE7FFB096A8BDFC79AF7E57F0B2AC5D88F9B405B15BD60B91B3927CC0C4
01_Forex;USDCAD;01_SLTP;SELL;ICHIMOKU;18;8685895680;FAST_GENETIC;690234258;RESEARCH;01_Forex/USDCAD/01_SLTP/SELL_ICHIMOKU.set;167D8EF8F05A593BDEF675BC1BBDB4A764C2AD9E41699B1B388D9B2A45593E78
01_Forex;USDCAD;02_SLTP_ORGANIC;BUY;MULTI;19;398103552000;FAST_GENETIC;683918995;RESEARCH;01_Forex/USDCAD/02_SLTP_ORGANIC/BUY_MULTI.set;8F86BB2E2E85C17D114B48B85B5C5B0C4F5CE89DD3C49376B9A349AFB5E07EC7
01_Forex;USDCAD;02_SLTP_ORGANIC;BUY;ICHIMOKU;18;8685895680;FAST_GENETIC;667170418;RESEARCH;01_Forex/USDCAD/02_SLTP_ORGANIC/BUY_ICHIMOKU.set;FA70622FA4449538FDF67DD2A1AF1F6821F14A3AD46ADFF49A6B209B9C454DA1
01_Forex;USDCAD;02_SLTP_ORGANIC;SELL;MULTI;19;398103552000;FAST_GENETIC;656493903;RESEARCH;01_Forex/USDCAD/02_SLTP_ORGANIC/SELL_MULTI.set;5EE2309083ADAB7C7B5E2B5D6E8AF2B1F283767511384C86967348B566FC445D
01_Forex;USDCAD;02_SLTP_ORGANIC;SELL;ICHIMOKU;18;8685895680;FAST_GENETIC;628485843;RESEARCH;01_Forex/USDCAD/02_SLTP_ORGANIC/SELL_ICHIMOKU.set;DEB3B8DBB38FE9FEAA5534912D10CB10A8F96A3C2FF3538FC3B4E9C89013D44C
01_Forex;USDCAD;03_TRAIL_ONLY;BUY;MULTI;20;1287982080000;FAST_GENETIC;617936807;RESEARCH;01_Forex/USDCAD/03_TRAIL_ONLY/BUY_MULTI.set;7FF1BC0A302F01674CEF2FFA00A433EAC67FF1AAA88E67B64B8D1DF380AFF2E4
01_Forex;USDCAD;03_TRAIL_ONLY;BUY;ICHIMOKU;19;28101427200;FAST_GENETIC;645763289;RESEARCH;01_Forex/USDCAD/03_TRAIL_ONLY/BUY_ICHIMOKU.set;08356E7821862A85B290739709C9251377B4FF509F7D4CCEF01C67432AF00CFB
01_Forex;USDCAD;03_TRAIL_ONLY;SELL;MULTI;20;1287982080000;FAST_GENETIC;680208796;RESEARCH;01_Forex/USDCAD/03_TRAIL_ONLY/SELL_MULTI.set;8815F6C259C4D0D93B4300F8537F5AEF758DF64DF311718D60E351BB15BCFD88
01_Forex;USDCAD;03_TRAIL_ONLY;SELL;ICHIMOKU;19;28101427200;FAST_GENETIC;611340658;RESEARCH;01_Forex/USDCAD/03_TRAIL_ONLY/SELL_ICHIMOKU.set;D68812FC58C1354CA16B5785E5E42CEEB6696A6BDC1273773EBAEC13A63C5497
01_Forex;USDCAD;04_SLTP_TRAIL;BUY;MULTI;20;4379139072000;FAST_GENETIC;668619890;RESEARCH;01_Forex/USDCAD/04_SLTP_TRAIL/BUY_MULTI.set;A653152B64CEFC0465F241B1BB20A29F5E906429A114690590D145B2DEC39996
01_Forex;USDCAD;04_SLTP_TRAIL;BUY;ICHIMOKU;19;95544852480;FAST_GENETIC;655768030;RESEARCH;01_Forex/USDCAD/04_SLTP_TRAIL/BUY_ICHIMOKU.set;7647B9CAE28E575A80927BF63BFCA5028BFA690AA7A3F9E0076A9C5180B46704
01_Forex;USDCAD;04_SLTP_TRAIL;SELL;MULTI;20;4379139072000;FAST_GENETIC;614157260;RESEARCH;01_Forex/USDCAD/04_SLTP_TRAIL/SELL_MULTI.set;3D055F264C98E747B76A1DBFD3F29B67EC6D04763131EBD05635D7DEB5ABE46B
01_Forex;USDCAD;04_SLTP_TRAIL;SELL;ICHIMOKU;19;95544852480;FAST_GENETIC;659395877;RESEARCH;01_Forex/USDCAD/04_SLTP_TRAIL/SELL_ICHIMOKU.set;FDD78634DE6E866089604922B298C140DD29485D458B5E0C6FCB5C65E5D2B18F
01_Forex;USDCAD;05_BE_TRAIL;BUY;MULTI;19;643991040000;FAST_GENETIC;698234445;RESEARCH;01_Forex/USDCAD/05_BE_TRAIL/BUY_MULTI.set;44E2838789898EA6547278899F193F264608AB1DFA98AF3C84CA01B69BB1B34A
01_Forex;USDCAD;05_BE_TRAIL;BUY;ICHIMOKU;18;14050713600;FAST_GENETIC;680484662;RESEARCH;01_Forex/USDCAD/05_BE_TRAIL/BUY_ICHIMOKU.set;D4CEC0B7E79B7300AF45F4D1106594974FB4D2E1D12367652CC7F4CAD3B4B0DC
01_Forex;USDCAD;05_BE_TRAIL;SELL;MULTI;19;643991040000;FAST_GENETIC;683624698;RESEARCH;01_Forex/USDCAD/05_BE_TRAIL/SELL_MULTI.set;917D3751AFA31A28799FE47F95A13E4CB83207734AF866327EF3FAA5E8ED7027
01_Forex;USDCAD;05_BE_TRAIL;SELL;ICHIMOKU;18;14050713600;FAST_GENETIC;699406948;RESEARCH;01_Forex/USDCAD/05_BE_TRAIL/SELL_ICHIMOKU.set;224B201C5BAA2CA61309A35BA19708002F6F93651BC1FDADE5C471BE1922E554
01_Forex;USDCAD;06_REVERSAL_EXIT;BUY;MULTI;21;1030385664000;FAST_GENETIC;667429781;RESEARCH;01_Forex/USDCAD/06_REVERSAL_EXIT/BUY_MULTI.set;494EA17822F8C063864F078B70E263E1EDA5AEF715F461878B3B6AA74385E5EB
01_Forex;USDCAD;06_REVERSAL_EXIT;BUY;ICHIMOKU;20;22481141760;FAST_GENETIC;672752265;RESEARCH;01_Forex/USDCAD/06_REVERSAL_EXIT/BUY_ICHIMOKU.set;1B0228C39DDB84433A91DD0E01D00A53B4134C77DA15B8C5372A4090BA4332D1
01_Forex;USDCAD;06_REVERSAL_EXIT;SELL;MULTI;21;1030385664000;FAST_GENETIC;624965887;RESEARCH;01_Forex/USDCAD/06_REVERSAL_EXIT/SELL_MULTI.set;7ACDE8100FA94A8915DF0703DE9BC233A481A2D369099819111F76ACF80E1037
01_Forex;USDCAD;06_REVERSAL_EXIT;SELL;ICHIMOKU;20;22481141760;FAST_GENETIC;681223904;RESEARCH;01_Forex/USDCAD/06_REVERSAL_EXIT/SELL_ICHIMOKU.set;2D7907E0F06556843B53093D9216BC5C0F07F7F8B76738916CF132F89B5362D8
01_Forex;USDCAD;07_GRID_SEPARATE;BUY;MULTI;20;2442908160000;FAST_GENETIC;653705534;HEDGE_ACCOUNT_REQUIRED;01_Forex/USDCAD/07_GRID_SEPARATE/BUY_MULTI.set;99DCD2E0DC1EDAB54E2A5CEEF5B626550FE29208F82812F1767F3670F39A6FB2
01_Forex;USDCAD;07_GRID_SEPARATE;BUY;ICHIMOKU;19;53299814400;FAST_GENETIC;642578162;HEDGE_ACCOUNT_REQUIRED;01_Forex/USDCAD/07_GRID_SEPARATE/BUY_ICHIMOKU.set;5045958C8E83D763EB659C3924881524CDD23B430234FA54BE432CA968DDD58E
01_Forex;USDCAD;07_GRID_SEPARATE;SELL;MULTI;20;2442908160000;FAST_GENETIC;662848832;HEDGE_ACCOUNT_REQUIRED;01_Forex/USDCAD/07_GRID_SEPARATE/SELL_MULTI.set;2B45A442148B687526FA0EB6C561C999960797B44002D65486E830F223EC1004
01_Forex;USDCAD;07_GRID_SEPARATE;SELL;ICHIMOKU;19;53299814400;FAST_GENETIC;663150119;HEDGE_ACCOUNT_REQUIRED;01_Forex/USDCAD/07_GRID_SEPARATE/SELL_ICHIMOKU.set;4A531A431DAAD7D83CF4670A4989E88ACA6AECFD3BF52DC680B72E9DC7B8DA26
01_Forex;USDCAD;08_GRID_UNIFIED;BOTH;MULTI;21;12214540800000;FAST_GENETIC;636460763;HEDGE_ACCOUNT_REQUIRED;01_Forex/USDCAD/08_GRID_UNIFIED/BOTH_MULTI.set;F5E6D5BD1D731D309586FC44B40B75CD036F6BEC6CC41E043C6030ADF11EFA43
01_Forex;USDCAD;08_GRID_UNIFIED;BOTH;ICHIMOKU;20;266499072000;FAST_GENETIC;699743880;HEDGE_ACCOUNT_REQUIRED;01_Forex/USDCAD/08_GRID_UNIFIED/BOTH_ICHIMOKU.set;5D19B3B124FB149BE2247867984EE05C7791F1473F72465F8A58F38093C75585
01_Forex;USDCAD;09_MARTINGALE;BUY;MULTI;21;11146899456000;FAST_GENETIC;659681328;HIGH_RISK;01_Forex/USDCAD/09_MARTINGALE/BUY_MULTI.set;E411D2A543A81BF3E231BDEF80E5D14FF492390A343BB89758D1BC2DFFB87AF0
01_Forex;USDCAD;09_MARTINGALE;BUY;ICHIMOKU;20;243205079040;FAST_GENETIC;633179161;HIGH_RISK;01_Forex/USDCAD/09_MARTINGALE/BUY_ICHIMOKU.set;3790FD94471177B4C26B6D62C2CDE99D86C5CDF565BC9A68DF659915D71E903E
01_Forex;USDCAD;09_MARTINGALE;SELL;MULTI;21;11146899456000;FAST_GENETIC;669920983;HIGH_RISK;01_Forex/USDCAD/09_MARTINGALE/SELL_MULTI.set;116DA1ED41EF21F35B8C3FAA98BD27E70E06AEF91BECADAAF4A6304976A8FE0D
01_Forex;USDCAD;09_MARTINGALE;SELL;ICHIMOKU;20;243205079040;FAST_GENETIC;661497078;HIGH_RISK;01_Forex/USDCAD/09_MARTINGALE/SELL_ICHIMOKU.set;8E7B6CA411F5EDA65080405EB41E0718B2FAB95C050756ADBB9565A52AC688F9
01_Forex;USDCAD;10_DALEMBERT;BUY;MULTI;21;7962071040000;FAST_GENETIC;652541811;HIGH_RISK;01_Forex/USDCAD/10_DALEMBERT/BUY_MULTI.set;EA20A6A1397779D3E6DB468B4CB972D5332C744D871399C6806425E3E2CDE7AC
01_Forex;USDCAD;10_DALEMBERT;BUY;ICHIMOKU;20;173717913600;FAST_GENETIC;672032929;HIGH_RISK;01_Forex/USDCAD/10_DALEMBERT/BUY_ICHIMOKU.set;22158CA33A4C493547BC346292E1C24A5FED5CB99F92D412600920AEE60E5100
01_Forex;USDCAD;10_DALEMBERT;SELL;MULTI;21;7962071040000;FAST_GENETIC;695441669;HIGH_RISK;01_Forex/USDCAD/10_DALEMBERT/SELL_MULTI.set;0B5E79E2FE0ABC281606C45B45C118E8A16705EC966B2E8DA1EA88B6C3EDC800
01_Forex;USDCAD;10_DALEMBERT;SELL;ICHIMOKU;20;173717913600;FAST_GENETIC;618601585;HIGH_RISK;01_Forex/USDCAD/10_DALEMBERT/SELL_ICHIMOKU.set;16E36FB7D639F74B7E97AC4BFF698E5B17BFBC7D8B989D85154EE760A168EC7E
01_Forex;USDCAD;11_SIGNAL_ONLY;BUY;MULTI;16;354816000;FAST_GENETIC;650128398;HIGH_RISK_RESEARCH;01_Forex/USDCAD/11_SIGNAL_ONLY/BUY_MULTI.set;6B36C307332B11CD420ED7496E48E167D2EA215F6CF5C2209C84459DB2547EE4
01_Forex;USDCAD;11_SIGNAL_ONLY;BUY;ICHIMOKU;15;7741440;FAST_GENETIC;629806768;HIGH_RISK_RESEARCH;01_Forex/USDCAD/11_SIGNAL_ONLY/BUY_ICHIMOKU.set;D85F4A2C4F165F43B105C7E790F05242189198785C0A3CEBF61EEA06B933E1A1
01_Forex;USDCAD;11_SIGNAL_ONLY;SELL;MULTI;16;354816000;FAST_GENETIC;689147020;HIGH_RISK_RESEARCH;01_Forex/USDCAD/11_SIGNAL_ONLY/SELL_MULTI.set;657687E2AD877427E81A9F8C5612D26B1035E399A2193260563F86DE1FD1708D
01_Forex;USDCAD;11_SIGNAL_ONLY;SELL;ICHIMOKU;15;7741440;FAST_GENETIC;650624177;HIGH_RISK_RESEARCH;01_Forex/USDCAD/11_SIGNAL_ONLY/SELL_ICHIMOKU.set;3A7BB9A7230BCE1F57AA2CEF5EDBE0DEC63CDF1DEF2893C4D629A43BB4C654FD
01_Forex;USDCHF;01_SLTP;BUY;MULTI;19;398103552000;FAST_GENETIC;645619493;RESEARCH;01_Forex/USDCHF/01_SLTP/BUY_MULTI.set;654BE49E29C07FCECEF8C8D2B7A50C4D3016ABEE58764D5F7532D6D55F8066CD
01_Forex;USDCHF;01_SLTP;BUY;ICHIMOKU;18;8685895680;FAST_GENETIC;645221695;RESEARCH;01_Forex/USDCHF/01_SLTP/BUY_ICHIMOKU.set;D0485C8D06F868F0DF982374528A65FA906D10DD9E52334987D3DC3E7C3D7116
01_Forex;USDCHF;01_SLTP;SELL;MULTI;19;398103552000;FAST_GENETIC;664891341;RESEARCH;01_Forex/USDCHF/01_SLTP/SELL_MULTI.set;EE3640B2F19B45AB1F1E583EF2E53C42E0188C5FFF9CC7EE0C221957484A22EC
01_Forex;USDCHF;01_SLTP;SELL;ICHIMOKU;18;8685895680;FAST_GENETIC;667738618;RESEARCH;01_Forex/USDCHF/01_SLTP/SELL_ICHIMOKU.set;5E338CDFB9D9471D9D6AD9123CC30B84F6A30DBC1A654232F6BF3FF09F5DBF1D
01_Forex;USDCHF;02_SLTP_ORGANIC;BUY;MULTI;19;398103552000;FAST_GENETIC;613310603;RESEARCH;01_Forex/USDCHF/02_SLTP_ORGANIC/BUY_MULTI.set;CD10586A6628C8359F72910164C898FD7BE8EB823019B312485551D9783801A1
01_Forex;USDCHF;02_SLTP_ORGANIC;BUY;ICHIMOKU;18;8685895680;FAST_GENETIC;696008356;RESEARCH;01_Forex/USDCHF/02_SLTP_ORGANIC/BUY_ICHIMOKU.set;04B252EC22E31073027FF45F88D6770F25A445D0897B507D1CC09938D8D6CC8F
01_Forex;USDCHF;02_SLTP_ORGANIC;SELL;MULTI;19;398103552000;FAST_GENETIC;671630555;RESEARCH;01_Forex/USDCHF/02_SLTP_ORGANIC/SELL_MULTI.set;7CDCF0A30943141BCED9795ADA86E167ECDE21630FF4A4BA2727856AE0EB06A3
01_Forex;USDCHF;02_SLTP_ORGANIC;SELL;ICHIMOKU;18;8685895680;FAST_GENETIC;654521337;RESEARCH;01_Forex/USDCHF/02_SLTP_ORGANIC/SELL_ICHIMOKU.set;EA6985FAA267B31008688E545444A6ACD457C1277ECEBB041BA0249520615EDD
01_Forex;USDCHF;03_TRAIL_ONLY;BUY;MULTI;20;1287982080000;FAST_GENETIC;681685509;RESEARCH;01_Forex/USDCHF/03_TRAIL_ONLY/BUY_MULTI.set;404DA3E9B7673C8FFF032415278C513EC499A78B24381F2A8139FE4FCFB7B5D9
01_Forex;USDCHF;03_TRAIL_ONLY;BUY;ICHIMOKU;19;28101427200;FAST_GENETIC;652581602;RESEARCH;01_Forex/USDCHF/03_TRAIL_ONLY/BUY_ICHIMOKU.set;EA91F145E1BD835F1600CE106FDA5BF993FC683979DF195F9BA8B65C1D1DFCBA
01_Forex;USDCHF;03_TRAIL_ONLY;SELL;MULTI;20;1287982080000;FAST_GENETIC;696299024;RESEARCH;01_Forex/USDCHF/03_TRAIL_ONLY/SELL_MULTI.set;55D984F576F3A2933D9C71F54CBD03A035CE50319C820049106181299234DF53
01_Forex;USDCHF;03_TRAIL_ONLY;SELL;ICHIMOKU;19;28101427200;FAST_GENETIC;621826275;RESEARCH;01_Forex/USDCHF/03_TRAIL_ONLY/SELL_ICHIMOKU.set;91BC428414FE22FF1F6F7623FBD504265BD5F5DF3213DC975E52991DA421DA71
01_Forex;USDCHF;04_SLTP_TRAIL;BUY;MULTI;20;4379139072000;FAST_GENETIC;621251344;RESEARCH;01_Forex/USDCHF/04_SLTP_TRAIL/BUY_MULTI.set;D53F5C53753CCC38FB40067CFBFF790180D00459F870B9B6674C457A7539EEB0
01_Forex;USDCHF;04_SLTP_TRAIL;BUY;ICHIMOKU;19;95544852480;FAST_GENETIC;643444461;RESEARCH;01_Forex/USDCHF/04_SLTP_TRAIL/BUY_ICHIMOKU.set;1DB3A315C2AE3C1311C92BD98184F28A0B83867361AF7C765FC1F57B6B743E45
01_Forex;USDCHF;04_SLTP_TRAIL;SELL;MULTI;20;4379139072000;FAST_GENETIC;697592652;RESEARCH;01_Forex/USDCHF/04_SLTP_TRAIL/SELL_MULTI.set;002C5A19A2E3E6A761187199126E3DD642FFCB0EFB23A3923EC2486208EB347D
01_Forex;USDCHF;04_SLTP_TRAIL;SELL;ICHIMOKU;19;95544852480;FAST_GENETIC;680609307;RESEARCH;01_Forex/USDCHF/04_SLTP_TRAIL/SELL_ICHIMOKU.set;30ED7BD80D092CF31E0ADC3DA9145646E952E3CBE24647716F44A6A15D585336
01_Forex;USDCHF;05_BE_TRAIL;BUY;MULTI;19;643991040000;FAST_GENETIC;637026693;RESEARCH;01_Forex/USDCHF/05_BE_TRAIL/BUY_MULTI.set;EEE5C9EAC003F200C9C8A3DB9EA1F2FD461E46A08414B8ACA791F251B1F25E14
01_Forex;USDCHF;05_BE_TRAIL;BUY;ICHIMOKU;18;14050713600;FAST_GENETIC;697210914;RESEARCH;01_Forex/USDCHF/05_BE_TRAIL/BUY_ICHIMOKU.set;9274F502B595E29E36A4EE9E73A3D562A0940B993A4D123E2A92025405306429
01_Forex;USDCHF;05_BE_TRAIL;SELL;MULTI;19;643991040000;FAST_GENETIC;620964624;RESEARCH;01_Forex/USDCHF/05_BE_TRAIL/SELL_MULTI.set;EA1567DD2D2FA5480EF62F2E81B74C2F643B55648750260DAD30780BCD1F9C58
01_Forex;USDCHF;05_BE_TRAIL;SELL;ICHIMOKU;18;14050713600;FAST_GENETIC;624825365;RESEARCH;01_Forex/USDCHF/05_BE_TRAIL/SELL_ICHIMOKU.set;36669187C6CD08FAAB3A07F4001781CCD00B425203E7AF222B25982CFF9CD8F8
01_Forex;USDCHF;06_REVERSAL_EXIT;BUY;MULTI;21;1030385664000;FAST_GENETIC;658333050;RESEARCH;01_Forex/USDCHF/06_REVERSAL_EXIT/BUY_MULTI.set;569667FCD66BE80F6E548FFDF63D6CE91313E8FA3AAF018185070FF7651F366D
01_Forex;USDCHF;06_REVERSAL_EXIT;BUY;ICHIMOKU;20;22481141760;FAST_GENETIC;634204261;RESEARCH;01_Forex/USDCHF/06_REVERSAL_EXIT/BUY_ICHIMOKU.set;1A895FD61F4CBE894ACCFE21A3D1CDF8464B658A1B09F5ADE786544B6A21055D
01_Forex;USDCHF;06_REVERSAL_EXIT;SELL;MULTI;21;1030385664000;FAST_GENETIC;638649508;RESEARCH;01_Forex/USDCHF/06_REVERSAL_EXIT/SELL_MULTI.set;659E208728D553538070B37CE2913111C0A03A40822EAA4F4B0A069C4DEE792F
01_Forex;USDCHF;06_REVERSAL_EXIT;SELL;ICHIMOKU;20;22481141760;FAST_GENETIC;648573159;RESEARCH;01_Forex/USDCHF/06_REVERSAL_EXIT/SELL_ICHIMOKU.set;B0F44F58B87B4254BDC013E44C1DA146AAFB8EF32C5F8E98DF224F0681B5EA24
01_Forex;USDCHF;07_GRID_SEPARATE;BUY;MULTI;20;2442908160000;FAST_GENETIC;671868360;HEDGE_ACCOUNT_REQUIRED;01_Forex/USDCHF/07_GRID_SEPARATE/BUY_MULTI.set;C4F34FA76ABAAD5D57C90FA0EFA6AC765BB9BBE4D13F06198B4A8C4BE565939C
01_Forex;USDCHF;07_GRID_SEPARATE;BUY;ICHIMOKU;19;53299814400;FAST_GENETIC;617715142;HEDGE_ACCOUNT_REQUIRED;01_Forex/USDCHF/07_GRID_SEPARATE/BUY_ICHIMOKU.set;0EBB4262F19F4A8020C76A6E64AF27B1A8C4B39DE394AEA30783A605E1710C8D
01_Forex;USDCHF;07_GRID_SEPARATE;SELL;MULTI;20;2442908160000;FAST_GENETIC;696477159;HEDGE_ACCOUNT_REQUIRED;01_Forex/USDCHF/07_GRID_SEPARATE/SELL_MULTI.set;094704FFFA68D7EECADAFF7A19FAC843C3A23AB23BDDCBD168E402AEEA867289
01_Forex;USDCHF;07_GRID_SEPARATE;SELL;ICHIMOKU;19;53299814400;FAST_GENETIC;633325723;HEDGE_ACCOUNT_REQUIRED;01_Forex/USDCHF/07_GRID_SEPARATE/SELL_ICHIMOKU.set;50B9852BC990F41FDD15F8D875C2F7CCAE2D954E7C269EB70E1D2C9C639433A5
01_Forex;USDCHF;08_GRID_UNIFIED;BOTH;MULTI;21;12214540800000;FAST_GENETIC;632972558;HEDGE_ACCOUNT_REQUIRED;01_Forex/USDCHF/08_GRID_UNIFIED/BOTH_MULTI.set;958FB62B798A3141BFD633CC09716C5D03C99C1EA5A19BAC43D404350667E7E5
01_Forex;USDCHF;08_GRID_UNIFIED;BOTH;ICHIMOKU;20;266499072000;FAST_GENETIC;610009680;HEDGE_ACCOUNT_REQUIRED;01_Forex/USDCHF/08_GRID_UNIFIED/BOTH_ICHIMOKU.set;0B63DF7D02354FE8ABC6AB27DDFF06095905B16007D7D1AF365E4987415CE898
01_Forex;USDCHF;09_MARTINGALE;BUY;MULTI;21;11146899456000;FAST_GENETIC;659194839;HIGH_RISK;01_Forex/USDCHF/09_MARTINGALE/BUY_MULTI.set;94552A0B2C6C3956BE8B3A84159EF72750B187C4D2AD0EA42A9CA15BA6136BE4
01_Forex;USDCHF;09_MARTINGALE;BUY;ICHIMOKU;20;243205079040;FAST_GENETIC;620936800;HIGH_RISK;01_Forex/USDCHF/09_MARTINGALE/BUY_ICHIMOKU.set;3C8CB166193A03C456FA44C5CB2A5B639A269C4D1A55E98EC68789D9E53F9FE2
01_Forex;USDCHF;09_MARTINGALE;SELL;MULTI;21;11146899456000;FAST_GENETIC;650549152;HIGH_RISK;01_Forex/USDCHF/09_MARTINGALE/SELL_MULTI.set;11FF2A8BB1B24C20FC32A58B36FB3EECB981195882C73852C820B74346466509
01_Forex;USDCHF;09_MARTINGALE;SELL;ICHIMOKU;20;243205079040;FAST_GENETIC;655352255;HIGH_RISK;01_Forex/USDCHF/09_MARTINGALE/SELL_ICHIMOKU.set;973B7D8E7E57D967C3EC48694852B6208D0418C0BB013B65F335FA5374CDB955
01_Forex;USDCHF;10_DALEMBERT;BUY;MULTI;21;7962071040000;FAST_GENETIC;640024922;HIGH_RISK;01_Forex/USDCHF/10_DALEMBERT/BUY_MULTI.set;B76350061C2CCFB169F4C764ED951F17C91BEE3DBBFF28F68A971EB5EF2EE7FC
01_Forex;USDCHF;10_DALEMBERT;BUY;ICHIMOKU;20;173717913600;FAST_GENETIC;669704130;HIGH_RISK;01_Forex/USDCHF/10_DALEMBERT/BUY_ICHIMOKU.set;A54E41C3EF43009D3E8BC4E695AC8A98BECF3805E7E8CF05D41C535463A5E1CC
01_Forex;USDCHF;10_DALEMBERT;SELL;MULTI;21;7962071040000;FAST_GENETIC;668326961;HIGH_RISK;01_Forex/USDCHF/10_DALEMBERT/SELL_MULTI.set;CABCF06D44C5CAFF91A7143661A2F5C2E3F0C63268F97E013EBE1BE9080E117A
01_Forex;USDCHF;10_DALEMBERT;SELL;ICHIMOKU;20;173717913600;FAST_GENETIC;615730259;HIGH_RISK;01_Forex/USDCHF/10_DALEMBERT/SELL_ICHIMOKU.set;D859499FD30D8E0753FEC5101B72AB5DDFBA6AA330A7D5516F2104B10A104691
01_Forex;USDCHF;11_SIGNAL_ONLY;BUY;MULTI;16;354816000;FAST_GENETIC;621755165;HIGH_RISK_RESEARCH;01_Forex/USDCHF/11_SIGNAL_ONLY/BUY_MULTI.set;08DE5CCFB624B63574289E219B371CE68398F44DA13A65EBA6B795FC74693D13
01_Forex;USDCHF;11_SIGNAL_ONLY;BUY;ICHIMOKU;15;7741440;FAST_GENETIC;619314809;HIGH_RISK_RESEARCH;01_Forex/USDCHF/11_SIGNAL_ONLY/BUY_ICHIMOKU.set;FA997C9E8ED90C116127C6A1B9C12FBB7C22F7A8FA5B64DB6B0C1A80861C84B1
01_Forex;USDCHF;11_SIGNAL_ONLY;SELL;MULTI;16;354816000;FAST_GENETIC;664992925;HIGH_RISK_RESEARCH;01_Forex/USDCHF/11_SIGNAL_ONLY/SELL_MULTI.set;3B97CD715481061EF94295E0A55F0A4CECD0D59B2BBE68547A6AB08C86BCD83D
01_Forex;USDCHF;11_SIGNAL_ONLY;SELL;ICHIMOKU;15;7741440;FAST_GENETIC;613518142;HIGH_RISK_RESEARCH;01_Forex/USDCHF/11_SIGNAL_ONLY/SELL_ICHIMOKU.set;C0CA2064A2E40A37DA44D2C142CDA31D5D2904E37172CFAE98F0DE3B66F058B6
01_Forex;USDJPY;01_SLTP;BUY;MULTI;19;398103552000;FAST_GENETIC;692977607;RESEARCH;01_Forex/USDJPY/01_SLTP/BUY_MULTI.set;4CE0EF86CC035EEE2507EF134D78908A30D0533299E4E4E4996245F0FDF0F556
01_Forex;USDJPY;01_SLTP;BUY;ICHIMOKU;18;8685895680;FAST_GENETIC;648433784;RESEARCH;01_Forex/USDJPY/01_SLTP/BUY_ICHIMOKU.set;CECCDD4B40D088B9F2DC2A3644EFAE6FC84745DEB7C8E1DACCA6C4A10B561BEF
01_Forex;USDJPY;01_SLTP;SELL;MULTI;19;398103552000;FAST_GENETIC;693161598;RESEARCH;01_Forex/USDJPY/01_SLTP/SELL_MULTI.set;3436AB2CFED70D94A1E909E651BF9763578685B6D96382114FB6DFF1A6B5DDB2
01_Forex;USDJPY;01_SLTP;SELL;ICHIMOKU;18;8685895680;FAST_GENETIC;677066750;RESEARCH;01_Forex/USDJPY/01_SLTP/SELL_ICHIMOKU.set;7BC7AE380666FC060CEC449A0D0E53ECF442B42492D684CFB54628F30BAEDF86
01_Forex;USDJPY;02_SLTP_ORGANIC;BUY;MULTI;19;398103552000;FAST_GENETIC;625948383;RESEARCH;01_Forex/USDJPY/02_SLTP_ORGANIC/BUY_MULTI.set;F520C2B77EEBBDCC5169F47F5C3ACBE092470B9564CC7CCEDC8BDA2E64A96733
01_Forex;USDJPY;02_SLTP_ORGANIC;BUY;ICHIMOKU;18;8685895680;FAST_GENETIC;638750987;RESEARCH;01_Forex/USDJPY/02_SLTP_ORGANIC/BUY_ICHIMOKU.set;91C72B21CF74438C8BFB6AB8660D02CB2F9BBE3B6BAB8535E663A0EFF485C709
01_Forex;USDJPY;02_SLTP_ORGANIC;SELL;MULTI;19;398103552000;FAST_GENETIC;627348812;RESEARCH;01_Forex/USDJPY/02_SLTP_ORGANIC/SELL_MULTI.set;45A2BB88134A24B82AB7C2DD85F84C3E6E74AC003E191EAF834DE55C166F5BC2
01_Forex;USDJPY;02_SLTP_ORGANIC;SELL;ICHIMOKU;18;8685895680;FAST_GENETIC;676262373;RESEARCH;01_Forex/USDJPY/02_SLTP_ORGANIC/SELL_ICHIMOKU.set;4B404E3B797ED8BA9B3F9287CD748B4E1B1CE3A57AD939CC7808BB11C30AA4DE
01_Forex;USDJPY;03_TRAIL_ONLY;BUY;MULTI;20;1287982080000;FAST_GENETIC;676854877;RESEARCH;01_Forex/USDJPY/03_TRAIL_ONLY/BUY_MULTI.set;F80F7E2747D498B649328733CCDB491BB15414218C6B4E390CD223E1B01CF2A0
01_Forex;USDJPY;03_TRAIL_ONLY;BUY;ICHIMOKU;19;28101427200;FAST_GENETIC;628544049;RESEARCH;01_Forex/USDJPY/03_TRAIL_ONLY/BUY_ICHIMOKU.set;CABC0B691E2BC4DDF40B7CCB46A2172838B03B52322E019BE891654270B3277E
01_Forex;USDJPY;03_TRAIL_ONLY;SELL;MULTI;20;1287982080000;FAST_GENETIC;680218466;RESEARCH;01_Forex/USDJPY/03_TRAIL_ONLY/SELL_MULTI.set;504991101CB0E0DDD04C2F94FB2AF64AF96AD8E7D6E201F33608E6104C98F456
01_Forex;USDJPY;03_TRAIL_ONLY;SELL;ICHIMOKU;19;28101427200;FAST_GENETIC;647256250;RESEARCH;01_Forex/USDJPY/03_TRAIL_ONLY/SELL_ICHIMOKU.set;410C0E298E67E9CFD6DEE2793D168B10438E17E5F272070AD6301ADF972D5AE1
01_Forex;USDJPY;04_SLTP_TRAIL;BUY;MULTI;20;4379139072000;FAST_GENETIC;697862502;RESEARCH;01_Forex/USDJPY/04_SLTP_TRAIL/BUY_MULTI.set;5423DC3F6DF8657B78D355BDC2B6D765F1E38DAFE553E07A0B66602AD8E6BE5C
01_Forex;USDJPY;04_SLTP_TRAIL;BUY;ICHIMOKU;19;95544852480;FAST_GENETIC;620182889;RESEARCH;01_Forex/USDJPY/04_SLTP_TRAIL/BUY_ICHIMOKU.set;C4417DFE6ED9F170DEFC1EE620EF06538FA3DDDC3AD7E183150CAA75EDF89458
01_Forex;USDJPY;04_SLTP_TRAIL;SELL;MULTI;20;4379139072000;FAST_GENETIC;642863328;RESEARCH;01_Forex/USDJPY/04_SLTP_TRAIL/SELL_MULTI.set;6CBBF5BF9A8D6EFE11EC0EC5156D324925E003FF84BD15B5D8AFF6141E3F3B1B
01_Forex;USDJPY;04_SLTP_TRAIL;SELL;ICHIMOKU;19;95544852480;FAST_GENETIC;665730698;RESEARCH;01_Forex/USDJPY/04_SLTP_TRAIL/SELL_ICHIMOKU.set;B7E1F15D5F5EE40D036217FF96BD9DB219ECC2AD77B8B52437837A014DCB2A3B
01_Forex;USDJPY;05_BE_TRAIL;BUY;MULTI;19;643991040000;FAST_GENETIC;624126252;RESEARCH;01_Forex/USDJPY/05_BE_TRAIL/BUY_MULTI.set;1429D4FDC850983AFDDAEF54CE0BBBC5149097683EC24645EE5D2972070FE839
01_Forex;USDJPY;05_BE_TRAIL;BUY;ICHIMOKU;18;14050713600;FAST_GENETIC;631917638;RESEARCH;01_Forex/USDJPY/05_BE_TRAIL/BUY_ICHIMOKU.set;3B084F304836BCEA659836B0182D5AB353EB44F6CE943B02EB6DEA7FD8C2CA5E
01_Forex;USDJPY;05_BE_TRAIL;SELL;MULTI;19;643991040000;FAST_GENETIC;661555055;RESEARCH;01_Forex/USDJPY/05_BE_TRAIL/SELL_MULTI.set;9A81495CD87C91352ABA0263D311E167FC31ACBDB717978D57E23911FC789C44
01_Forex;USDJPY;05_BE_TRAIL;SELL;ICHIMOKU;18;14050713600;FAST_GENETIC;693618429;RESEARCH;01_Forex/USDJPY/05_BE_TRAIL/SELL_ICHIMOKU.set;9B8FFA2F7C437809DEB18F35DA7265786E7527A6DE8C05A59F0FF01320BCFE17
01_Forex;USDJPY;06_REVERSAL_EXIT;BUY;MULTI;21;1030385664000;FAST_GENETIC;695668659;RESEARCH;01_Forex/USDJPY/06_REVERSAL_EXIT/BUY_MULTI.set;4A918255C92477BA527823070F8C9A1D4D13B83389D4DED721E88B332A5602D5
01_Forex;USDJPY;06_REVERSAL_EXIT;BUY;ICHIMOKU;20;22481141760;FAST_GENETIC;624976444;RESEARCH;01_Forex/USDJPY/06_REVERSAL_EXIT/BUY_ICHIMOKU.set;CBC8D44F87DD8FC40B9A22B512544D8288B598EEAF8AB55735D6A7E919F35FE4
01_Forex;USDJPY;06_REVERSAL_EXIT;SELL;MULTI;21;1030385664000;FAST_GENETIC;686403088;RESEARCH;01_Forex/USDJPY/06_REVERSAL_EXIT/SELL_MULTI.set;89632E2560B343C24F90A3FC11B0E3505AE0985AFDCA5ACFFE5671A84F0201DA
01_Forex;USDJPY;06_REVERSAL_EXIT;SELL;ICHIMOKU;20;22481141760;FAST_GENETIC;663695939;RESEARCH;01_Forex/USDJPY/06_REVERSAL_EXIT/SELL_ICHIMOKU.set;E8D44A0937A694ACA1143D571DBD9CD8B065F7E72E32F5D6BCBFD0D7DD0FB60C
01_Forex;USDJPY;07_GRID_SEPARATE;BUY;MULTI;20;2442908160000;FAST_GENETIC;694905714;HEDGE_ACCOUNT_REQUIRED;01_Forex/USDJPY/07_GRID_SEPARATE/BUY_MULTI.set;64C4557F136FFD50BE238AD516E6BA17E4CED1798141C5AE3A950910077F80F3
01_Forex;USDJPY;07_GRID_SEPARATE;BUY;ICHIMOKU;19;53299814400;FAST_GENETIC;637774647;HEDGE_ACCOUNT_REQUIRED;01_Forex/USDJPY/07_GRID_SEPARATE/BUY_ICHIMOKU.set;D9251BF4C9A9D3DBA15A986F608309D58F3EF19D319D19DBAB21ECD73B9502B0
01_Forex;USDJPY;07_GRID_SEPARATE;SELL;MULTI;20;2442908160000;FAST_GENETIC;669951594;HEDGE_ACCOUNT_REQUIRED;01_Forex/USDJPY/07_GRID_SEPARATE/SELL_MULTI.set;BD3A8B87A0406800F039D51E5E387E746E4F3465E00E576935052A826685C6D9
01_Forex;USDJPY;07_GRID_SEPARATE;SELL;ICHIMOKU;19;53299814400;FAST_GENETIC;675379045;HEDGE_ACCOUNT_REQUIRED;01_Forex/USDJPY/07_GRID_SEPARATE/SELL_ICHIMOKU.set;32F9E212B0D97184C7EC2A48CD0608461204074C705BDBC0587E2E6133AE9A71
01_Forex;USDJPY;08_GRID_UNIFIED;BOTH;MULTI;21;12214540800000;FAST_GENETIC;665417676;HEDGE_ACCOUNT_REQUIRED;01_Forex/USDJPY/08_GRID_UNIFIED/BOTH_MULTI.set;659913EC84B4FBD07C7294929298EF41293664AC8848EB4D30E3353FE927BC05
01_Forex;USDJPY;08_GRID_UNIFIED;BOTH;ICHIMOKU;20;266499072000;FAST_GENETIC;685388049;HEDGE_ACCOUNT_REQUIRED;01_Forex/USDJPY/08_GRID_UNIFIED/BOTH_ICHIMOKU.set;2775DB62C059E092EB98CB91EAAE5D7F91CBCB48E666803E73AF2A879C913766
01_Forex;USDJPY;09_MARTINGALE;BUY;MULTI;21;11146899456000;FAST_GENETIC;699793522;HIGH_RISK;01_Forex/USDJPY/09_MARTINGALE/BUY_MULTI.set;3238A242C17FD4CCFED37AE39B10DD1EEF017390EF0ACCF90F27DA037FACFAA7
01_Forex;USDJPY;09_MARTINGALE;BUY;ICHIMOKU;20;243205079040;FAST_GENETIC;680979884;HIGH_RISK;01_Forex/USDJPY/09_MARTINGALE/BUY_ICHIMOKU.set;A352CBA93E8D1A3911956221A9DD9AE14CD907069F9AE2F61DC35FAB0C38109A
01_Forex;USDJPY;09_MARTINGALE;SELL;MULTI;21;11146899456000;FAST_GENETIC;644771064;HIGH_RISK;01_Forex/USDJPY/09_MARTINGALE/SELL_MULTI.set;F74FD11CD155B80C093949A683724946776914D3C13FAAB0407DE754A46397E1
01_Forex;USDJPY;09_MARTINGALE;SELL;ICHIMOKU;20;243205079040;FAST_GENETIC;692962130;HIGH_RISK;01_Forex/USDJPY/09_MARTINGALE/SELL_ICHIMOKU.set;AEE74E93416A77617EC1FCB55E54E6A6F85BB8CCF4C263044AFD2A73D63A5AED
01_Forex;USDJPY;10_DALEMBERT;BUY;MULTI;21;7962071040000;FAST_GENETIC;654079663;HIGH_RISK;01_Forex/USDJPY/10_DALEMBERT/BUY_MULTI.set;26DCF7664CB716B9084FBD725AF4C80FDF3832BD8EE8450C989019CE2815DEA4
01_Forex;USDJPY;10_DALEMBERT;BUY;ICHIMOKU;20;173717913600;FAST_GENETIC;690583848;HIGH_RISK;01_Forex/USDJPY/10_DALEMBERT/BUY_ICHIMOKU.set;4DF150F6ECF57060D35A08EACC877442A04AF268BD29CC0F0C84FA68F33325F3
01_Forex;USDJPY;10_DALEMBERT;SELL;MULTI;21;7962071040000;FAST_GENETIC;689725597;HIGH_RISK;01_Forex/USDJPY/10_DALEMBERT/SELL_MULTI.set;36CC63FDCB3EEB9133074349BBFC6FEB3808F2087701BB38EA3577D31E432D8F
01_Forex;USDJPY;10_DALEMBERT;SELL;ICHIMOKU;20;173717913600;FAST_GENETIC;629756659;HIGH_RISK;01_Forex/USDJPY/10_DALEMBERT/SELL_ICHIMOKU.set;1D2FFFE88E3F69723DC94A034B94FA12E6BC6628E79F5BE7ED671F78ECEFF8AB
01_Forex;USDJPY;11_SIGNAL_ONLY;BUY;MULTI;16;354816000;FAST_GENETIC;681598084;HIGH_RISK_RESEARCH;01_Forex/USDJPY/11_SIGNAL_ONLY/BUY_MULTI.set;82E27817C8596315B31762A04AEA6F244F58A86608C695D4D47F2D40E3222386
01_Forex;USDJPY;11_SIGNAL_ONLY;BUY;ICHIMOKU;15;7741440;FAST_GENETIC;638048765;HIGH_RISK_RESEARCH;01_Forex/USDJPY/11_SIGNAL_ONLY/BUY_ICHIMOKU.set;8CBDADB5BFE7DDA76DC65F98F29F95E2274E53E2D4F9AC46CF3D27E2E6C463E3
01_Forex;USDJPY;11_SIGNAL_ONLY;SELL;MULTI;16;354816000;FAST_GENETIC;659073021;HIGH_RISK_RESEARCH;01_Forex/USDJPY/11_SIGNAL_ONLY/SELL_MULTI.set;B90FC348CB41EE24B648A66C7D1C6FD2D3664E9847EF6E52FB1D09507B6B201E
01_Forex;USDJPY;11_SIGNAL_ONLY;SELL;ICHIMOKU;15;7741440;FAST_GENETIC;658282525;HIGH_RISK_RESEARCH;01_Forex/USDJPY/11_SIGNAL_ONLY/SELL_ICHIMOKU.set;40EA54DA62FFA841CDE991CB2E2274757BC2E9B363408E37936940A4F8D238D6
02_Metals;XAGUSD;01_SLTP;BUY;MULTI;19;459841536000;FAST_GENETIC;657379045;RESEARCH;02_Metals/XAGUSD/01_SLTP/BUY_MULTI.set;E8F5616B956506F3CF9F4FEDC9BD4237A12837EC12206D749B0D38B13D81F0E6
02_Metals;XAGUSD;01_SLTP;BUY;ICHIMOKU;18;10032906240;FAST_GENETIC;678160067;RESEARCH;02_Metals/XAGUSD/01_SLTP/BUY_ICHIMOKU.set;FB80EB08B7E41B366C64C93C838C4E60AE2CC295DF5ECC95EEC2C12AFD3B5AAA
02_Metals;XAGUSD;01_SLTP;SELL;MULTI;19;459841536000;FAST_GENETIC;664369040;RESEARCH;02_Metals/XAGUSD/01_SLTP/SELL_MULTI.set;08D93467E85965CCC2D4B721A25CAE100E4C432530EA6E6BC71580FE97C236E7
02_Metals;XAGUSD;01_SLTP;SELL;ICHIMOKU;18;10032906240;FAST_GENETIC;674628162;RESEARCH;02_Metals/XAGUSD/01_SLTP/SELL_ICHIMOKU.set;B37F80E010E99701B7B71B095BC9BF40B25C387AD230A58678A2A4B2E66DC0EF
02_Metals;XAGUSD;02_SLTP_ORGANIC;BUY;MULTI;19;459841536000;FAST_GENETIC;659996299;RESEARCH;02_Metals/XAGUSD/02_SLTP_ORGANIC/BUY_MULTI.set;8D6A0A9C550C1B77465F91937A36BFF762AD6CB3893F1FFA660D6951AC6E153A
02_Metals;XAGUSD;02_SLTP_ORGANIC;BUY;ICHIMOKU;18;10032906240;FAST_GENETIC;689529854;RESEARCH;02_Metals/XAGUSD/02_SLTP_ORGANIC/BUY_ICHIMOKU.set;4FD064DD196AAB5F19AC38FFB2D6E47A34EA3724E39F7F99F5049554912E446A
02_Metals;XAGUSD;02_SLTP_ORGANIC;SELL;MULTI;19;459841536000;FAST_GENETIC;652301687;RESEARCH;02_Metals/XAGUSD/02_SLTP_ORGANIC/SELL_MULTI.set;CB2846D18E4D8A9625CFBE212615BFD5341606C87ED3591F403B4F0EEB1A5EE2
02_Metals;XAGUSD;02_SLTP_ORGANIC;SELL;ICHIMOKU;18;10032906240;FAST_GENETIC;683559625;RESEARCH;02_Metals/XAGUSD/02_SLTP_ORGANIC/SELL_ICHIMOKU.set;03FD5DB90982B280EF855066127D326728993C3FAD4E3860D694C7C26A79C124
02_Metals;XAGUSD;03_TRAIL_ONLY;BUY;MULTI;20;1532805120000;FAST_GENETIC;644422244;RESEARCH;02_Metals/XAGUSD/03_TRAIL_ONLY/BUY_MULTI.set;CCE67710448EC4982F4B153DF8251D0175DCA9B2A4BEE12D53BE5E1A4C1D8F98
02_Metals;XAGUSD;03_TRAIL_ONLY;BUY;ICHIMOKU;19;33443020800;FAST_GENETIC;683069233;RESEARCH;02_Metals/XAGUSD/03_TRAIL_ONLY/BUY_ICHIMOKU.set;FE4F9EBB50B2F4D428781102AEE845BEA8238BB28CDC27E4C01CB53FE6279AFC
02_Metals;XAGUSD;03_TRAIL_ONLY;SELL;MULTI;20;1532805120000;FAST_GENETIC;618416269;RESEARCH;02_Metals/XAGUSD/03_TRAIL_ONLY/SELL_MULTI.set;D8A206C87883E915F7587A7C86C242DA9332EC1786CE5C2A40784B2C9BACEC3B
02_Metals;XAGUSD;03_TRAIL_ONLY;SELL;ICHIMOKU;19;33443020800;FAST_GENETIC;631875839;RESEARCH;02_Metals/XAGUSD/03_TRAIL_ONLY/SELL_ICHIMOKU.set;574EE39D45746BFF89DB1F3067C7152B6233EC068B479B2484DFFBDC68ECF09A
02_Metals;XAGUSD;04_SLTP_TRAIL;BUY;MULTI;20;5518098432000;FAST_GENETIC;647057872;RESEARCH;02_Metals/XAGUSD/04_SLTP_TRAIL/BUY_MULTI.set;9137E8158564A90116A25DA2BCF9C9C025D0EE93E8B22CCE652CD323B43D3A20
02_Metals;XAGUSD;04_SLTP_TRAIL;BUY;ICHIMOKU;19;120394874880;FAST_GENETIC;659091855;RESEARCH;02_Metals/XAGUSD/04_SLTP_TRAIL/BUY_ICHIMOKU.set;91E63D0AEA033E8DD79CB851BB0C9BAE4A969AC365D5D0A836BF4E3D037E0CD7
02_Metals;XAGUSD;04_SLTP_TRAIL;SELL;MULTI;20;5518098432000;FAST_GENETIC;693920766;RESEARCH;02_Metals/XAGUSD/04_SLTP_TRAIL/SELL_MULTI.set;957FB9AA9798D74460153C3D9582D9676DC31E3037A69F5BAC4D155A6297E8E6
02_Metals;XAGUSD;04_SLTP_TRAIL;SELL;ICHIMOKU;19;120394874880;FAST_GENETIC;681310088;RESEARCH;02_Metals/XAGUSD/04_SLTP_TRAIL/SELL_ICHIMOKU.set;52B7FE7D86B84504BA3AB2D3A03AA412033908BAA32FBB2159987A4ED090BEF2
02_Metals;XAGUSD;05_BE_TRAIL;BUY;MULTI;19;766402560000;FAST_GENETIC;682982486;RESEARCH;02_Metals/XAGUSD/05_BE_TRAIL/BUY_MULTI.set;010DCFD01780F7F1F8792B8A31AFFA8D5F2392C86574501BB2C1B111F46A7A69
02_Metals;XAGUSD;05_BE_TRAIL;BUY;ICHIMOKU;18;16721510400;FAST_GENETIC;620621044;RESEARCH;02_Metals/XAGUSD/05_BE_TRAIL/BUY_ICHIMOKU.set;714832EF6405C995D628DEE5BF0E4F3FCDC85DADB1FCF10D36AD9EC434525163
02_Metals;XAGUSD;05_BE_TRAIL;SELL;MULTI;19;766402560000;FAST_GENETIC;650143342;RESEARCH;02_Metals/XAGUSD/05_BE_TRAIL/SELL_MULTI.set;BB2FD86CA61C1AF2088D422A6BD58FD3CF1455A1D8B5E767A8935E582A7265D1
02_Metals;XAGUSD;05_BE_TRAIL;SELL;ICHIMOKU;18;16721510400;FAST_GENETIC;696537986;RESEARCH;02_Metals/XAGUSD/05_BE_TRAIL/SELL_ICHIMOKU.set;FCE7DB7A03E633F6AC2B03AF4D2A3B3328EC4C0C42DF7FFC1B36669B223241F1
02_Metals;XAGUSD;06_REVERSAL_EXIT;BUY;MULTI;21;1226244096000;FAST_GENETIC;669677413;RESEARCH;02_Metals/XAGUSD/06_REVERSAL_EXIT/BUY_MULTI.set;87513A5615482F76828786D9E64D7EB24E4B038093D44611419744C0F50E79A2
02_Metals;XAGUSD;06_REVERSAL_EXIT;BUY;ICHIMOKU;20;26754416640;FAST_GENETIC;654591246;RESEARCH;02_Metals/XAGUSD/06_REVERSAL_EXIT/BUY_ICHIMOKU.set;E3B44FAF4F58F82EFBDE56910101C93F408AD258AF02BCB556BD200D852FB671
02_Metals;XAGUSD;06_REVERSAL_EXIT;SELL;MULTI;21;1226244096000;FAST_GENETIC;630109643;RESEARCH;02_Metals/XAGUSD/06_REVERSAL_EXIT/SELL_MULTI.set;A32DC68FEE1761DF0396A9013AB9D76F7C0013284331F23B03C9BF39097BB66A
02_Metals;XAGUSD;06_REVERSAL_EXIT;SELL;ICHIMOKU;20;26754416640;FAST_GENETIC;665185444;RESEARCH;02_Metals/XAGUSD/06_REVERSAL_EXIT/SELL_ICHIMOKU.set;1F799F3832704D6F4F3630DB9968B53EBD78DA75FE898FA577240D6E51CDC40F
02_Metals;XAGUSD;07_GRID_SEPARATE;BUY;MULTI;20;2586608640000;FAST_GENETIC;668822382;HEDGE_ACCOUNT_REQUIRED;02_Metals/XAGUSD/07_GRID_SEPARATE/BUY_MULTI.set;01979B87DF5AD496A6F63C267A678B473CBD332957BCDC9590437834E2EC3C78
02_Metals;XAGUSD;07_GRID_SEPARATE;BUY;ICHIMOKU;19;56435097600;FAST_GENETIC;618005349;HEDGE_ACCOUNT_REQUIRED;02_Metals/XAGUSD/07_GRID_SEPARATE/BUY_ICHIMOKU.set;A268FD88FFB15E7EB0ACA64BCBB67354EB3D59F0FC08E97BC8E795DA5B53643A
02_Metals;XAGUSD;07_GRID_SEPARATE;SELL;MULTI;20;2586608640000;FAST_GENETIC;673002486;HEDGE_ACCOUNT_REQUIRED;02_Metals/XAGUSD/07_GRID_SEPARATE/SELL_MULTI.set;A9EACC2D37F714A2F5A944F8B3937B1BDE7A6B39756B1A06EBA791DE8E92E57C
02_Metals;XAGUSD;07_GRID_SEPARATE;SELL;ICHIMOKU;19;56435097600;FAST_GENETIC;664693278;HEDGE_ACCOUNT_REQUIRED;02_Metals/XAGUSD/07_GRID_SEPARATE/SELL_ICHIMOKU.set;041F56910E23D73E3D1091441934B0E814451875A8ABC9D7B24365BB77F337D7
02_Metals;XAGUSD;08_GRID_UNIFIED;BOTH;MULTI;21;12933043200000;FAST_GENETIC;625161269;HEDGE_ACCOUNT_REQUIRED;02_Metals/XAGUSD/08_GRID_UNIFIED/BOTH_MULTI.set;9F841ECA9A5E5E7D0DC893AE557F96F35173E2DA11FEAAE9FEB0C5922EDDA5E1
02_Metals;XAGUSD;08_GRID_UNIFIED;BOTH;ICHIMOKU;20;282175488000;FAST_GENETIC;629840828;HEDGE_ACCOUNT_REQUIRED;02_Metals/XAGUSD/08_GRID_UNIFIED/BOTH_ICHIMOKU.set;67BA2A9ED1D758B4883958DDFC9D8CB93632BC601EA77FE8E2B002E730A357B8
02_Metals;XAGUSD;09_MARTINGALE;BUY;MULTI;21;12875563008000;FAST_GENETIC;624575045;HIGH_RISK;02_Metals/XAGUSD/09_MARTINGALE/BUY_MULTI.set;CCD011C80F6DD321E2868FF223D6C49180D2AA9858BCE34A5D40C7278CA8678C
02_Metals;XAGUSD;09_MARTINGALE;BUY;ICHIMOKU;20;280921374720;FAST_GENETIC;650318993;HIGH_RISK;02_Metals/XAGUSD/09_MARTINGALE/BUY_ICHIMOKU.set;8B974C6A7F07C3769FC00D5E27FF77F584818644EBDE77066D51E3F28B279AC7
02_Metals;XAGUSD;09_MARTINGALE;SELL;MULTI;21;12875563008000;FAST_GENETIC;657470581;HIGH_RISK;02_Metals/XAGUSD/09_MARTINGALE/SELL_MULTI.set;949E8CC2C72808098697B4142F14460F57DD56B892758D66BA90EE1BC687C6F5
02_Metals;XAGUSD;09_MARTINGALE;SELL;ICHIMOKU;20;280921374720;FAST_GENETIC;690250998;HIGH_RISK;02_Metals/XAGUSD/09_MARTINGALE/SELL_ICHIMOKU.set;555CA5E85E2EECEFCE568E9DAF9606724D4F5118B3A07F7A6C538FC025EB67B5
02_Metals;XAGUSD;10_DALEMBERT;BUY;MULTI;21;9196830720000;FAST_GENETIC;675555824;HIGH_RISK;02_Metals/XAGUSD/10_DALEMBERT/BUY_MULTI.set;C386F3B9933F4031E7231D4CD762A8C16C9CDF32451D783B93FDA6E61D4D75EF
02_Metals;XAGUSD;10_DALEMBERT;BUY;ICHIMOKU;20;200658124800;FAST_GENETIC;680486892;HIGH_RISK;02_Metals/XAGUSD/10_DALEMBERT/BUY_ICHIMOKU.set;80DFB4371A01F6E7182B3397CACD9F274AA20988E897B13F7EAA0EB2482EE58E
02_Metals;XAGUSD;10_DALEMBERT;SELL;MULTI;21;9196830720000;FAST_GENETIC;683512226;HIGH_RISK;02_Metals/XAGUSD/10_DALEMBERT/SELL_MULTI.set;A6A57B445F3A24A050A426632FECA5F03FE442C8B1C724636805D026D5543379
02_Metals;XAGUSD;10_DALEMBERT;SELL;ICHIMOKU;20;200658124800;FAST_GENETIC;632902324;HIGH_RISK;02_Metals/XAGUSD/10_DALEMBERT/SELL_ICHIMOKU.set;F1A47F295598B3FAA96E42D2B98D183D36FF260249AAE95548D1148B19989A42
02_Metals;XAGUSD;11_SIGNAL_ONLY;BUY;MULTI;16;354816000;FAST_GENETIC;660575150;HIGH_RISK_RESEARCH;02_Metals/XAGUSD/11_SIGNAL_ONLY/BUY_MULTI.set;5466AC337DA62819AC689049B4B2F58BA29CF056C38C66C1ACFD37EB5D0479A2
02_Metals;XAGUSD;11_SIGNAL_ONLY;BUY;ICHIMOKU;15;7741440;FAST_GENETIC;682512783;HIGH_RISK_RESEARCH;02_Metals/XAGUSD/11_SIGNAL_ONLY/BUY_ICHIMOKU.set;6EBEB87BF80E54751C753044E391E12CF57D96FA221C99362EBB6E7B1DC3A436
02_Metals;XAGUSD;11_SIGNAL_ONLY;SELL;MULTI;16;354816000;FAST_GENETIC;621575565;HIGH_RISK_RESEARCH;02_Metals/XAGUSD/11_SIGNAL_ONLY/SELL_MULTI.set;B28811FAE88B98F0B68AA695EDDBEA646E1177727925AD6DCCDB8A42BF67AD69
02_Metals;XAGUSD;11_SIGNAL_ONLY;SELL;ICHIMOKU;15;7741440;FAST_GENETIC;621808557;HIGH_RISK_RESEARCH;02_Metals/XAGUSD/11_SIGNAL_ONLY/SELL_ICHIMOKU.set;064B4AB8D49B9AC6ECF032400090D3495FB271A522BF6FC22E1ABF0DF94D3B33
02_Metals;XAUEUR;01_SLTP;BUY;MULTI;19;459841536000;FAST_GENETIC;661026597;RESEARCH;02_Metals/XAUEUR/01_SLTP/BUY_MULTI.set;9798507D4EBF36E6F5F0E93540FCF996C88D3AC0DE9C3FDC9FA487F1D30CEE11
02_Metals;XAUEUR;01_SLTP;BUY;ICHIMOKU;18;10032906240;FAST_GENETIC;685051575;RESEARCH;02_Metals/XAUEUR/01_SLTP/BUY_ICHIMOKU.set;902A3C7DFE7EFA01BFD1FF755718AAE8B33335AC4C970E6C32C4A4850993112A
02_Metals;XAUEUR;01_SLTP;SELL;MULTI;19;459841536000;FAST_GENETIC;688630495;RESEARCH;02_Metals/XAUEUR/01_SLTP/SELL_MULTI.set;5F155E6F4610145441973D146E6597273FDC6F9CD192203444DC4D0BD4515531
02_Metals;XAUEUR;01_SLTP;SELL;ICHIMOKU;18;10032906240;FAST_GENETIC;618093587;RESEARCH;02_Metals/XAUEUR/01_SLTP/SELL_ICHIMOKU.set;BC3F8DFDE4600D1604C435ED1977464245811562FA88D261DD3C69F0FD6F9A6B
02_Metals;XAUEUR;02_SLTP_ORGANIC;BUY;MULTI;19;459841536000;FAST_GENETIC;613094300;RESEARCH;02_Metals/XAUEUR/02_SLTP_ORGANIC/BUY_MULTI.set;5025B9812DDCE12FE90EA8A0A0DE9D46C946A6F5CA4284C4A219FA297F5659E5
02_Metals;XAUEUR;02_SLTP_ORGANIC;BUY;ICHIMOKU;18;10032906240;FAST_GENETIC;628025251;RESEARCH;02_Metals/XAUEUR/02_SLTP_ORGANIC/BUY_ICHIMOKU.set;B87FB53E3C0C2D4F8CE11A7C422C9845A31B1525DF48C6903AA911F97D7979EE
02_Metals;XAUEUR;02_SLTP_ORGANIC;SELL;MULTI;19;459841536000;FAST_GENETIC;682140500;RESEARCH;02_Metals/XAUEUR/02_SLTP_ORGANIC/SELL_MULTI.set;1CD950502796446A539BCAFF03B83F1EA9B06B95739B14CF77CFE3ADACD73F16
02_Metals;XAUEUR;02_SLTP_ORGANIC;SELL;ICHIMOKU;18;10032906240;FAST_GENETIC;617978622;RESEARCH;02_Metals/XAUEUR/02_SLTP_ORGANIC/SELL_ICHIMOKU.set;A15A7B4421490A4252FD132BDDA150E320470D2EDCABA633C3CAFBD1EC4ADD1A
02_Metals;XAUEUR;03_TRAIL_ONLY;BUY;MULTI;20;1532805120000;FAST_GENETIC;677709578;RESEARCH;02_Metals/XAUEUR/03_TRAIL_ONLY/BUY_MULTI.set;8145998C0187B5D943EE221A4AB619B0A6C51B1B34F43218EF81032CA6DA0088
02_Metals;XAUEUR;03_TRAIL_ONLY;BUY;ICHIMOKU;19;33443020800;FAST_GENETIC;652140959;RESEARCH;02_Metals/XAUEUR/03_TRAIL_ONLY/BUY_ICHIMOKU.set;788BBCD8AE1AF95DCD26FE38537138FDD6C76DA313A72F5598E293F4EADE6A40
02_Metals;XAUEUR;03_TRAIL_ONLY;SELL;MULTI;20;1532805120000;FAST_GENETIC;657451731;RESEARCH;02_Metals/XAUEUR/03_TRAIL_ONLY/SELL_MULTI.set;67A27627602E9A4C3D39138214D970E7987E564CC9B0703F3709488DAC71DC12
02_Metals;XAUEUR;03_TRAIL_ONLY;SELL;ICHIMOKU;19;33443020800;FAST_GENETIC;614661639;RESEARCH;02_Metals/XAUEUR/03_TRAIL_ONLY/SELL_ICHIMOKU.set;D612D8820081585AC3DA938C4C0218636A773E5838FFC8111F71691D71609B55
02_Metals;XAUEUR;04_SLTP_TRAIL;BUY;MULTI;20;5518098432000;FAST_GENETIC;675827539;RESEARCH;02_Metals/XAUEUR/04_SLTP_TRAIL/BUY_MULTI.set;F7A30C992BD7BCA1AD4E4C456F066229118911D817D30696A3A5A7484B4FB61D
02_Metals;XAUEUR;04_SLTP_TRAIL;BUY;ICHIMOKU;19;120394874880;FAST_GENETIC;679257360;RESEARCH;02_Metals/XAUEUR/04_SLTP_TRAIL/BUY_ICHIMOKU.set;2A6CF02A6DC4B8D8AB9A1B79E59B270E8FE942CD135AECEE36764DADE50EFEAB
02_Metals;XAUEUR;04_SLTP_TRAIL;SELL;MULTI;20;5518098432000;FAST_GENETIC;638605329;RESEARCH;02_Metals/XAUEUR/04_SLTP_TRAIL/SELL_MULTI.set;DC4D15D5A134553E7CD8C916F79640A0B72209E276E85D80C330F49760C4BE32
02_Metals;XAUEUR;04_SLTP_TRAIL;SELL;ICHIMOKU;19;120394874880;FAST_GENETIC;640583069;RESEARCH;02_Metals/XAUEUR/04_SLTP_TRAIL/SELL_ICHIMOKU.set;F9F059AEC46D494E3D8D1ED790AF13783D29A60F855056EBB801EF19C9483700
02_Metals;XAUEUR;05_BE_TRAIL;BUY;MULTI;19;766402560000;FAST_GENETIC;681164727;RESEARCH;02_Metals/XAUEUR/05_BE_TRAIL/BUY_MULTI.set;EC2D984F3C25A51BDEF5DB163C84C4F2649FBB7CADA734A16F84B455B084B918
02_Metals;XAUEUR;05_BE_TRAIL;BUY;ICHIMOKU;18;16721510400;FAST_GENETIC;622807659;RESEARCH;02_Metals/XAUEUR/05_BE_TRAIL/BUY_ICHIMOKU.set;0BAEFED2408D808142A152695AF3E81A6D106CCC63EB7EE97CCD639129AE0FAC
02_Metals;XAUEUR;05_BE_TRAIL;SELL;MULTI;19;766402560000;FAST_GENETIC;634871665;RESEARCH;02_Metals/XAUEUR/05_BE_TRAIL/SELL_MULTI.set;3C6EDC3C0EC8016D934A89E0FC396008217BCCEFD26876227CB667CD43E41399
02_Metals;XAUEUR;05_BE_TRAIL;SELL;ICHIMOKU;18;16721510400;FAST_GENETIC;673901309;RESEARCH;02_Metals/XAUEUR/05_BE_TRAIL/SELL_ICHIMOKU.set;52C9AE6329AE9169FB7D4A7191A184986743A29C3AEDEB6DC13A3AFFE891DA05
02_Metals;XAUEUR;06_REVERSAL_EXIT;BUY;MULTI;21;1226244096000;FAST_GENETIC;623825334;RESEARCH;02_Metals/XAUEUR/06_REVERSAL_EXIT/BUY_MULTI.set;12634E8C4A17F47D2E56E74295ACB25BE954D4858905B9F57E12E483FA4D4D1E
02_Metals;XAUEUR;06_REVERSAL_EXIT;BUY;ICHIMOKU;20;26754416640;FAST_GENETIC;656674656;RESEARCH;02_Metals/XAUEUR/06_REVERSAL_EXIT/BUY_ICHIMOKU.set;E1ADD2D3B767BEDD9B8DB96C7B0B60F59D3862BA321C3DB43CE15453E9F0D395
02_Metals;XAUEUR;06_REVERSAL_EXIT;SELL;MULTI;21;1226244096000;FAST_GENETIC;615097039;RESEARCH;02_Metals/XAUEUR/06_REVERSAL_EXIT/SELL_MULTI.set;F1B8F98865E09672CE0C0F16E0AEA41246C7D6C3335982D2953BD16CEEDD3F13
02_Metals;XAUEUR;06_REVERSAL_EXIT;SELL;ICHIMOKU;20;26754416640;FAST_GENETIC;636248133;RESEARCH;02_Metals/XAUEUR/06_REVERSAL_EXIT/SELL_ICHIMOKU.set;612BCCE6CD5F5E3C2A0F602FC348495F83406A4764043CB574564C18B9DA6578
02_Metals;XAUEUR;07_GRID_SEPARATE;BUY;MULTI;20;2586608640000;FAST_GENETIC;639179672;HEDGE_ACCOUNT_REQUIRED;02_Metals/XAUEUR/07_GRID_SEPARATE/BUY_MULTI.set;3E392939C4690292B066064C08C6562F7AABACF4BCE45EA25068EB5168D4A04B
02_Metals;XAUEUR;07_GRID_SEPARATE;BUY;ICHIMOKU;19;56435097600;FAST_GENETIC;666244832;HEDGE_ACCOUNT_REQUIRED;02_Metals/XAUEUR/07_GRID_SEPARATE/BUY_ICHIMOKU.set;D60EEC4B3EFBED5AB828564059E7CC5E8381B9C4C3CDE7B5B55E22A6F7747944
02_Metals;XAUEUR;07_GRID_SEPARATE;SELL;MULTI;20;2586608640000;FAST_GENETIC;697170188;HEDGE_ACCOUNT_REQUIRED;02_Metals/XAUEUR/07_GRID_SEPARATE/SELL_MULTI.set;D15A055A0A2217551314F1C3947949EA50F7923FD02FB0A5E35DEE1438C8978A
02_Metals;XAUEUR;07_GRID_SEPARATE;SELL;ICHIMOKU;19;56435097600;FAST_GENETIC;684724607;HEDGE_ACCOUNT_REQUIRED;02_Metals/XAUEUR/07_GRID_SEPARATE/SELL_ICHIMOKU.set;D8BC8EAB734268A0A30CB6815AA5626FC36DE0484420D2227A2685EA592EF332
02_Metals;XAUEUR;08_GRID_UNIFIED;BOTH;MULTI;21;12933043200000;FAST_GENETIC;687284217;HEDGE_ACCOUNT_REQUIRED;02_Metals/XAUEUR/08_GRID_UNIFIED/BOTH_MULTI.set;967D255ED29939EB0B8C98FC26BFE9EA7F0789C6E540335E9F554F6BBB69EDAD
02_Metals;XAUEUR;08_GRID_UNIFIED;BOTH;ICHIMOKU;20;282175488000;FAST_GENETIC;653534721;HEDGE_ACCOUNT_REQUIRED;02_Metals/XAUEUR/08_GRID_UNIFIED/BOTH_ICHIMOKU.set;11BBCAC3B7DBCBCD81CFD17014105089FC8D2F3C5AD6543649F081C03C4F4818
02_Metals;XAUEUR;09_MARTINGALE;BUY;MULTI;21;12875563008000;FAST_GENETIC;621899728;HIGH_RISK;02_Metals/XAUEUR/09_MARTINGALE/BUY_MULTI.set;3B85D42B669B8E940AB3B3A13FCDA4C3F24458293ED58F6823966B35FCB69CD7
02_Metals;XAUEUR;09_MARTINGALE;BUY;ICHIMOKU;20;280921374720;FAST_GENETIC;686365776;HIGH_RISK;02_Metals/XAUEUR/09_MARTINGALE/BUY_ICHIMOKU.set;326DFA5543E91457696FB94F38B42A1253C997009805A183E7EB2D0B9341C4E5
02_Metals;XAUEUR;09_MARTINGALE;SELL;MULTI;21;12875563008000;FAST_GENETIC;642190543;HIGH_RISK;02_Metals/XAUEUR/09_MARTINGALE/SELL_MULTI.set;E59CF51D0D1329F284D906942A871AFCF3FFD2ED9AD6F126F9945104F3BA0911
02_Metals;XAUEUR;09_MARTINGALE;SELL;ICHIMOKU;20;280921374720;FAST_GENETIC;659996710;HIGH_RISK;02_Metals/XAUEUR/09_MARTINGALE/SELL_ICHIMOKU.set;093AB7D2943AF6627C6DF263E912911ACE56DCF31AF22B1381CF544D5F299889
02_Metals;XAUEUR;10_DALEMBERT;BUY;MULTI;21;9196830720000;FAST_GENETIC;687654084;HIGH_RISK;02_Metals/XAUEUR/10_DALEMBERT/BUY_MULTI.set;73DE6D579B105678429F4BFE31477941195C40030A8ACDF51DFB0ACD36CDB661
02_Metals;XAUEUR;10_DALEMBERT;BUY;ICHIMOKU;20;200658124800;FAST_GENETIC;621776579;HIGH_RISK;02_Metals/XAUEUR/10_DALEMBERT/BUY_ICHIMOKU.set;4AB9FB599C901FDDFA2EA0F24C2A746BE34AD6A57F0CF61078B0DF12DECEE0B8
02_Metals;XAUEUR;10_DALEMBERT;SELL;MULTI;21;9196830720000;FAST_GENETIC;645251251;HIGH_RISK;02_Metals/XAUEUR/10_DALEMBERT/SELL_MULTI.set;51D3F7842F9DEE9C4F4CDBDA2A3F5482B60853A75D945BC78B3AE299414A9501
02_Metals;XAUEUR;10_DALEMBERT;SELL;ICHIMOKU;20;200658124800;FAST_GENETIC;625560942;HIGH_RISK;02_Metals/XAUEUR/10_DALEMBERT/SELL_ICHIMOKU.set;9BB65FAD61FEEB39FE09AC39D1B46DA8AED2CCE57CB290A54A51DEB635149D42
02_Metals;XAUEUR;11_SIGNAL_ONLY;BUY;MULTI;16;354816000;FAST_GENETIC;680474188;HIGH_RISK_RESEARCH;02_Metals/XAUEUR/11_SIGNAL_ONLY/BUY_MULTI.set;E4D56C759A690A7E2E8D501E09CD7BA0247D5F44EDD1C8924788C5A03B941E1E
02_Metals;XAUEUR;11_SIGNAL_ONLY;BUY;ICHIMOKU;15;7741440;FAST_GENETIC;626580587;HIGH_RISK_RESEARCH;02_Metals/XAUEUR/11_SIGNAL_ONLY/BUY_ICHIMOKU.set;4D143AF2106DC3ECB50AFA11B590F4445FA050AEE0C3840C62625A7F5535DB41
02_Metals;XAUEUR;11_SIGNAL_ONLY;SELL;MULTI;16;354816000;FAST_GENETIC;657686450;HIGH_RISK_RESEARCH;02_Metals/XAUEUR/11_SIGNAL_ONLY/SELL_MULTI.set;F4B9A90DA4CA36CBBFF63849D99E744396DF3736388A522992A6D5047BCC9ACA
02_Metals;XAUEUR;11_SIGNAL_ONLY;SELL;ICHIMOKU;15;7741440;FAST_GENETIC;693286207;HIGH_RISK_RESEARCH;02_Metals/XAUEUR/11_SIGNAL_ONLY/SELL_ICHIMOKU.set;FEACFF3E1EF569206F24452DB4D75EC5F493F38579E1FAB971F890BD4A69CD73
02_Metals;XAUUSD;01_SLTP;BUY;MULTI;19;459841536000;FAST_GENETIC;632687774;RESEARCH;02_Metals/XAUUSD/01_SLTP/BUY_MULTI.set;E272D321B6037E695F24934C041AE4FDBD0B25CC3454371F7CBF482B563EB6FD
02_Metals;XAUUSD;01_SLTP;BUY;ICHIMOKU;18;10032906240;FAST_GENETIC;612618738;RESEARCH;02_Metals/XAUUSD/01_SLTP/BUY_ICHIMOKU.set;2640BFB2D741934A716244BF93A945065837BFC2A76A03EB7AB4763A5544FF3C
02_Metals;XAUUSD;01_SLTP;SELL;MULTI;19;459841536000;FAST_GENETIC;611593673;RESEARCH;02_Metals/XAUUSD/01_SLTP/SELL_MULTI.set;38D8498054ECADE5D44CB0F75FF6965BB30ED7DF408E88632515BEBD7E6B6E24
02_Metals;XAUUSD;01_SLTP;SELL;ICHIMOKU;18;10032906240;FAST_GENETIC;650426524;RESEARCH;02_Metals/XAUUSD/01_SLTP/SELL_ICHIMOKU.set;E0127BB8411C15E164499B6EBE4D1F9FC5503243231C8BE45568830A9A665D56
02_Metals;XAUUSD;02_SLTP_ORGANIC;BUY;MULTI;19;459841536000;FAST_GENETIC;625857612;RESEARCH;02_Metals/XAUUSD/02_SLTP_ORGANIC/BUY_MULTI.set;440FEAEB8D970C91000688EB4AF39A0DF2326B25A0674C29329FAB36D4B360BD
02_Metals;XAUUSD;02_SLTP_ORGANIC;BUY;ICHIMOKU;18;10032906240;FAST_GENETIC;615931205;RESEARCH;02_Metals/XAUUSD/02_SLTP_ORGANIC/BUY_ICHIMOKU.set;62CA9EF782272D424D05ACB755D6DD0D1C63A17262191ED669AC308051849612
02_Metals;XAUUSD;02_SLTP_ORGANIC;SELL;MULTI;19;459841536000;FAST_GENETIC;692208560;RESEARCH;02_Metals/XAUUSD/02_SLTP_ORGANIC/SELL_MULTI.set;AD104E5D15CCFD7374F156C32D535FF6D6C2141767FFD9F17C32414381830B15
02_Metals;XAUUSD;02_SLTP_ORGANIC;SELL;ICHIMOKU;18;10032906240;FAST_GENETIC;621002616;RESEARCH;02_Metals/XAUUSD/02_SLTP_ORGANIC/SELL_ICHIMOKU.set;31F6DA33345CDF00430B8CA0C2D6A84DDDDA1885E6F959A319412307C1F0548E
02_Metals;XAUUSD;03_TRAIL_ONLY;BUY;MULTI;20;1532805120000;FAST_GENETIC;682402399;RESEARCH;02_Metals/XAUUSD/03_TRAIL_ONLY/BUY_MULTI.set;E69AF7D2A8EF7BEB59D723D5A9F7E515D0D1A769501694A3BBE45CCBD5BCA6E5
02_Metals;XAUUSD;03_TRAIL_ONLY;BUY;ICHIMOKU;19;33443020800;FAST_GENETIC;650198338;RESEARCH;02_Metals/XAUUSD/03_TRAIL_ONLY/BUY_ICHIMOKU.set;1B4302C051B136BC8A5B13B56FF40DFAE0EFB7755B52FFDB2F7D58029FFF5186
02_Metals;XAUUSD;03_TRAIL_ONLY;SELL;MULTI;20;1532805120000;FAST_GENETIC;692738042;RESEARCH;02_Metals/XAUUSD/03_TRAIL_ONLY/SELL_MULTI.set;234E985C5206048E2A008CD4B3399B9E3765BBD0A340A609F818C8D3D67A1F6B
02_Metals;XAUUSD;03_TRAIL_ONLY;SELL;ICHIMOKU;19;33443020800;FAST_GENETIC;624451452;RESEARCH;02_Metals/XAUUSD/03_TRAIL_ONLY/SELL_ICHIMOKU.set;5463E7896D69FB560C060F054C948B33D6AC21326348C2C14FCF5506A940FBCA
02_Metals;XAUUSD;04_SLTP_TRAIL;BUY;MULTI;20;5518098432000;FAST_GENETIC;681461782;RESEARCH;02_Metals/XAUUSD/04_SLTP_TRAIL/BUY_MULTI.set;5FC77E9F516FED111AE67C662667DA12D5A4EDA09F1C4316CFB1EF639D8EB58E
02_Metals;XAUUSD;04_SLTP_TRAIL;BUY;ICHIMOKU;19;120394874880;FAST_GENETIC;677484511;RESEARCH;02_Metals/XAUUSD/04_SLTP_TRAIL/BUY_ICHIMOKU.set;7466A4F675FC30AD5D8F4519CD5FB62620C27F85494178CDC9ACF971D2DD68BE
02_Metals;XAUUSD;04_SLTP_TRAIL;SELL;MULTI;20;5518098432000;FAST_GENETIC;658841510;RESEARCH;02_Metals/XAUUSD/04_SLTP_TRAIL/SELL_MULTI.set;67094884A94351208F8AE874FEA8B46DDBA5FAEA90FDC8DD8341CB195C329299
02_Metals;XAUUSD;04_SLTP_TRAIL;SELL;ICHIMOKU;19;120394874880;FAST_GENETIC;648217496;RESEARCH;02_Metals/XAUUSD/04_SLTP_TRAIL/SELL_ICHIMOKU.set;57534B35AD4DDD94C22762BA52029AE7BF770494B9DA891678C2C75DFD30CD7F
02_Metals;XAUUSD;05_BE_TRAIL;BUY;MULTI;19;766402560000;FAST_GENETIC;671751133;RESEARCH;02_Metals/XAUUSD/05_BE_TRAIL/BUY_MULTI.set;20F866CC5CF362AFD88AA1021E9F5AFEA06C6EB8AE1E3B2335D85578226B10FB
02_Metals;XAUUSD;05_BE_TRAIL;BUY;ICHIMOKU;18;16721510400;FAST_GENETIC;638020671;RESEARCH;02_Metals/XAUUSD/05_BE_TRAIL/BUY_ICHIMOKU.set;EA219620D247D4ACE173FD0DA9A488A17CC1B4E76AF2CD0B3E7987DFB7A1AE48
02_Metals;XAUUSD;05_BE_TRAIL;SELL;MULTI;19;766402560000;FAST_GENETIC;643531386;RESEARCH;02_Metals/XAUUSD/05_BE_TRAIL/SELL_MULTI.set;44B650A652DE077D5BC622AA395160F7014F3D2745D16B97F958DAA3DD21051C
02_Metals;XAUUSD;05_BE_TRAIL;SELL;ICHIMOKU;18;16721510400;FAST_GENETIC;665288663;RESEARCH;02_Metals/XAUUSD/05_BE_TRAIL/SELL_ICHIMOKU.set;6D25B7CA51AFE0ACDD6345073CDAE8E68BC50309A79996C1FB3A5155C2CB962D
02_Metals;XAUUSD;06_REVERSAL_EXIT;BUY;MULTI;21;1226244096000;FAST_GENETIC;669726882;RESEARCH;02_Metals/XAUUSD/06_REVERSAL_EXIT/BUY_MULTI.set;B144C20441F1FF6A02C176BCC0D1AEC3634F4D315EF547F960D386D85E61D2C6
02_Metals;XAUUSD;06_REVERSAL_EXIT;BUY;ICHIMOKU;20;26754416640;FAST_GENETIC;647762785;RESEARCH;02_Metals/XAUUSD/06_REVERSAL_EXIT/BUY_ICHIMOKU.set;F51CEEC0F86371550A0348CF76A9223DC9428D3821D06A1AECCB1017B7604513
02_Metals;XAUUSD;06_REVERSAL_EXIT;SELL;MULTI;21;1226244096000;FAST_GENETIC;687620062;RESEARCH;02_Metals/XAUUSD/06_REVERSAL_EXIT/SELL_MULTI.set;7927A01D6786E3E567FB98FFFF158DB57DF9F656F2EA9956135FA32C4401D4E5
02_Metals;XAUUSD;06_REVERSAL_EXIT;SELL;ICHIMOKU;20;26754416640;FAST_GENETIC;643814234;RESEARCH;02_Metals/XAUUSD/06_REVERSAL_EXIT/SELL_ICHIMOKU.set;F146E9781CAE89186BB8DCE61BA161BE668FD1C73E17C8CDFD7284CAC70BB000
02_Metals;XAUUSD;07_GRID_SEPARATE;BUY;MULTI;20;2586608640000;FAST_GENETIC;652150068;HEDGE_ACCOUNT_REQUIRED;02_Metals/XAUUSD/07_GRID_SEPARATE/BUY_MULTI.set;9409380C797FADB25D3ABAAD734865BE24421BC5B10A1CAC44C0E9DB701F7681
02_Metals;XAUUSD;07_GRID_SEPARATE;BUY;ICHIMOKU;19;56435097600;FAST_GENETIC;624792316;HEDGE_ACCOUNT_REQUIRED;02_Metals/XAUUSD/07_GRID_SEPARATE/BUY_ICHIMOKU.set;34F4336593768E3388B1DB133E417DEC26AEDCA590E49C0102F92A7B654CFCA1
02_Metals;XAUUSD;07_GRID_SEPARATE;SELL;MULTI;20;2586608640000;FAST_GENETIC;632421480;HEDGE_ACCOUNT_REQUIRED;02_Metals/XAUUSD/07_GRID_SEPARATE/SELL_MULTI.set;86305D209DDEE95254DB62409BD65B261513410EFC775E633E03CA86E96030E7
02_Metals;XAUUSD;07_GRID_SEPARATE;SELL;ICHIMOKU;19;56435097600;FAST_GENETIC;640439797;HEDGE_ACCOUNT_REQUIRED;02_Metals/XAUUSD/07_GRID_SEPARATE/SELL_ICHIMOKU.set;2576CEC1D6DF53B1A4DAED1392551E285CED032457223BC514F409BA2243199A
02_Metals;XAUUSD;08_GRID_UNIFIED;BOTH;MULTI;21;12933043200000;FAST_GENETIC;664845088;HEDGE_ACCOUNT_REQUIRED;02_Metals/XAUUSD/08_GRID_UNIFIED/BOTH_MULTI.set;09062BAC4D82F1FDC179B18C57BCB38F46C37D071E5CAD9EC55E003D37D2C214
02_Metals;XAUUSD;08_GRID_UNIFIED;BOTH;ICHIMOKU;20;282175488000;FAST_GENETIC;618831725;HEDGE_ACCOUNT_REQUIRED;02_Metals/XAUUSD/08_GRID_UNIFIED/BOTH_ICHIMOKU.set;B8108E9C000DED524F015DDC963171FB1DD1BEAD91B093026B37D934A3FAD898
02_Metals;XAUUSD;09_MARTINGALE;BUY;MULTI;21;12875563008000;FAST_GENETIC;619224974;HIGH_RISK;02_Metals/XAUUSD/09_MARTINGALE/BUY_MULTI.set;9CEB1E6D00A10EE62181CC1F1A2CA837ACF66483DE6F6B26412C4805F92C3007
02_Metals;XAUUSD;09_MARTINGALE;BUY;ICHIMOKU;20;280921374720;FAST_GENETIC;693934719;HIGH_RISK;02_Metals/XAUUSD/09_MARTINGALE/BUY_ICHIMOKU.set;4BD0063B3BD700EFE653AE70768B07BE1995DAD3CE1059C1CA76041DB664CAD3
02_Metals;XAUUSD;09_MARTINGALE;SELL;MULTI;21;12875563008000;FAST_GENETIC;667885445;HIGH_RISK;02_Metals/XAUUSD/09_MARTINGALE/SELL_MULTI.set;52D304FB2E97D3ABAB367BC957554346703E72609802CD56C990BEB58BC3F6D4
02_Metals;XAUUSD;09_MARTINGALE;SELL;ICHIMOKU;20;280921374720;FAST_GENETIC;670668137;HIGH_RISK;02_Metals/XAUUSD/09_MARTINGALE/SELL_ICHIMOKU.set;19E4FDAFA42D30768DFF161B6CA96FE93A1983B4F2CA13F3156D00A9B53164E5
02_Metals;XAUUSD;10_DALEMBERT;BUY;MULTI;21;9196830720000;FAST_GENETIC;678113046;HIGH_RISK;02_Metals/XAUUSD/10_DALEMBERT/BUY_MULTI.set;88E3D3788962145C8DBC855B03A6DCA1FE0A49943876F8AAA379E858F6067AA3
02_Metals;XAUUSD;10_DALEMBERT;BUY;ICHIMOKU;20;200658124800;FAST_GENETIC;627994538;HIGH_RISK;02_Metals/XAUUSD/10_DALEMBERT/BUY_ICHIMOKU.set;CEF07CAC9A4082CF67DE07EFC701C7244F5370C8A45D24BFAD6063C06C4EADB5
02_Metals;XAUUSD;10_DALEMBERT;SELL;MULTI;21;9196830720000;FAST_GENETIC;617439462;HIGH_RISK;02_Metals/XAUUSD/10_DALEMBERT/SELL_MULTI.set;1C169FE77CC56017C0D25E82AC89A8F81D7B889BE01F367CE2B9FE53ECA3504A
02_Metals;XAUUSD;10_DALEMBERT;SELL;ICHIMOKU;20;200658124800;FAST_GENETIC;691903405;HIGH_RISK;02_Metals/XAUUSD/10_DALEMBERT/SELL_ICHIMOKU.set;3E915E59B99B7938F30BC4CA8474D860DACD0DEFE13CCABCC11822CDF20ECF6C
02_Metals;XAUUSD;11_SIGNAL_ONLY;BUY;MULTI;16;354816000;FAST_GENETIC;665460089;HIGH_RISK_RESEARCH;02_Metals/XAUUSD/11_SIGNAL_ONLY/BUY_MULTI.set;775A265BA7AB0B1CC29FBCA8FA6132D4737A60E4AA730C0F9D8530EB5DB7600D
02_Metals;XAUUSD;11_SIGNAL_ONLY;BUY;ICHIMOKU;15;7741440;FAST_GENETIC;697383429;HIGH_RISK_RESEARCH;02_Metals/XAUUSD/11_SIGNAL_ONLY/BUY_ICHIMOKU.set;F7A3119A9AC554182E4C408A93903F1140CA1A5BA748785E146AD72EA1162F14
02_Metals;XAUUSD;11_SIGNAL_ONLY;SELL;MULTI;16;354816000;FAST_GENETIC;652056144;HIGH_RISK_RESEARCH;02_Metals/XAUUSD/11_SIGNAL_ONLY/SELL_MULTI.set;6866272BFC3D0D4FF212261319361B94699D701ABD532E931C120473887B40B6
02_Metals;XAUUSD;11_SIGNAL_ONLY;SELL;ICHIMOKU;15;7741440;FAST_GENETIC;657066976;HIGH_RISK_RESEARCH;02_Metals/XAUUSD/11_SIGNAL_ONLY/SELL_ICHIMOKU.set;BAD4869B2154CD91D519F2EC8995BACB02E1D7D2BF8AE44EAA76B9B76852D203
03_Cryptocurrencies;ADAUSD;01_SLTP;BUY;MULTI;19;798336000000;FAST_GENETIC;691447986;RESEARCH;03_Cryptocurrencies/ADAUSD/01_SLTP/BUY_MULTI.set;88D8441ECAFFA1D4961ED214AC337D3C9D4A6ED3DFFCA1B5AB246B8448C70634
03_Cryptocurrencies;ADAUSD;01_SLTP;BUY;ICHIMOKU;18;17418240000;FAST_GENETIC;612672906;RESEARCH;03_Cryptocurrencies/ADAUSD/01_SLTP/BUY_ICHIMOKU.set;5C475725AB0CAC447F5CC12A5AC3BE56EC7915B1C8B7B376F604C26C1DFF3926
03_Cryptocurrencies;ADAUSD;01_SLTP;SELL;MULTI;19;798336000000;FAST_GENETIC;632396771;RESEARCH;03_Cryptocurrencies/ADAUSD/01_SLTP/SELL_MULTI.set;E9EFCA4AE9B3A029A7DE627BF4BCE3AFB3D71837C5BBE014A2F4F7473E70D068
03_Cryptocurrencies;ADAUSD;01_SLTP;SELL;ICHIMOKU;18;17418240000;FAST_GENETIC;667006039;RESEARCH;03_Cryptocurrencies/ADAUSD/01_SLTP/SELL_ICHIMOKU.set;2A6BE5FCA16B7365DDB163618ACA3EAAF6DA7A26D5DDD4FDF9AD1DC058629302
03_Cryptocurrencies;ADAUSD;02_SLTP_ORGANIC;BUY;MULTI;19;798336000000;FAST_GENETIC;616748010;RESEARCH;03_Cryptocurrencies/ADAUSD/02_SLTP_ORGANIC/BUY_MULTI.set;5EDB6C5FD0809AAAF084EB80E400F7F5F0DBE68F51C5371BD918D34987B3375D
03_Cryptocurrencies;ADAUSD;02_SLTP_ORGANIC;BUY;ICHIMOKU;18;17418240000;FAST_GENETIC;655317407;RESEARCH;03_Cryptocurrencies/ADAUSD/02_SLTP_ORGANIC/BUY_ICHIMOKU.set;9F4BEE1BF8E509A3A1188850E7352BE7962521E3DF0137A076A60BFBB6544F81
03_Cryptocurrencies;ADAUSD;02_SLTP_ORGANIC;SELL;MULTI;19;798336000000;FAST_GENETIC;682473815;RESEARCH;03_Cryptocurrencies/ADAUSD/02_SLTP_ORGANIC/SELL_MULTI.set;DB6D38A8FDA008B457BC31B6A5E1F9C987CFA519AEC7C35695BAAE06B0970464
03_Cryptocurrencies;ADAUSD;02_SLTP_ORGANIC;SELL;ICHIMOKU;18;17418240000;FAST_GENETIC;656449189;RESEARCH;03_Cryptocurrencies/ADAUSD/02_SLTP_ORGANIC/SELL_ICHIMOKU.set;05E6894DB85FFAABF4B52216109941D943301BD3B053455D6AE90017198D961D
03_Cryptocurrencies;ADAUSD;03_TRAIL_ONLY;BUY;MULTI;20;2395008000000;FAST_GENETIC;622208769;RESEARCH;03_Cryptocurrencies/ADAUSD/03_TRAIL_ONLY/BUY_MULTI.set;D98D8CFF22E43C32DAF7845B820E81E05AF6CFAE60F095E4E0C91670E0A96077
03_Cryptocurrencies;ADAUSD;03_TRAIL_ONLY;BUY;ICHIMOKU;19;52254720000;FAST_GENETIC;658116604;RESEARCH;03_Cryptocurrencies/ADAUSD/03_TRAIL_ONLY/BUY_ICHIMOKU.set;A84F58AA525580351EADBC10C6B65A59B7A049A60DC395381E5A30E090A9F80E
03_Cryptocurrencies;ADAUSD;03_TRAIL_ONLY;SELL;MULTI;20;2395008000000;FAST_GENETIC;618516331;RESEARCH;03_Cryptocurrencies/ADAUSD/03_TRAIL_ONLY/SELL_MULTI.set;42AFB0B790DF29425A9C055752B0BE6711954C6E5FA5ACEDA4D784F3CC312FF4
03_Cryptocurrencies;ADAUSD;03_TRAIL_ONLY;SELL;ICHIMOKU;19;52254720000;FAST_GENETIC;656899106;RESEARCH;03_Cryptocurrencies/ADAUSD/03_TRAIL_ONLY/SELL_ICHIMOKU.set;1BD66BA4C21DDF6A20926A4522BD8D2C42F2C3298D0F257F8B69EDD6A997E773
03_Cryptocurrencies;ADAUSD;04_SLTP_TRAIL;BUY;MULTI;20;11975040000000;FAST_GENETIC;635294354;RESEARCH;03_Cryptocurrencies/ADAUSD/04_SLTP_TRAIL/BUY_MULTI.set;3090EE60212EBB2D6CD3993C2A2C7409ABAECA4DCDC7BA75B1613B5B6F9DB12A
03_Cryptocurrencies;ADAUSD;04_SLTP_TRAIL;BUY;ICHIMOKU;19;261273600000;FAST_GENETIC;624544942;RESEARCH;03_Cryptocurrencies/ADAUSD/04_SLTP_TRAIL/BUY_ICHIMOKU.set;5FE67C0ABB4BCEFE5A07E26D1086B277AEF62702F3B685D06854E877E2DDC00A
03_Cryptocurrencies;ADAUSD;04_SLTP_TRAIL;SELL;MULTI;20;11975040000000;FAST_GENETIC;667113231;RESEARCH;03_Cryptocurrencies/ADAUSD/04_SLTP_TRAIL/SELL_MULTI.set;278867BD0A553604A5CE51EE15DDC12E93903DF5D2D998771A29C0A25596300A
03_Cryptocurrencies;ADAUSD;04_SLTP_TRAIL;SELL;ICHIMOKU;19;261273600000;FAST_GENETIC;675583939;RESEARCH;03_Cryptocurrencies/ADAUSD/04_SLTP_TRAIL/SELL_ICHIMOKU.set;69FD7CBEF2F410ABA6045B28FCCC1A6C9C04BF24599A7C07562E032D08915D1B
03_Cryptocurrencies;ADAUSD;05_BE_TRAIL;BUY;MULTI;19;1197504000000;FAST_GENETIC;663571109;RESEARCH;03_Cryptocurrencies/ADAUSD/05_BE_TRAIL/BUY_MULTI.set;C6189BA98A3F34A64C7C8AFE4EB9887B820DB3B29B1C878265F262246BE3628F
03_Cryptocurrencies;ADAUSD;05_BE_TRAIL;BUY;ICHIMOKU;18;26127360000;FAST_GENETIC;653925679;RESEARCH;03_Cryptocurrencies/ADAUSD/05_BE_TRAIL/BUY_ICHIMOKU.set;D603BF3903310AEA3BAC68FE9A422E9C7EE8E91008A6EA675F7AF23E7911D6B8
03_Cryptocurrencies;ADAUSD;05_BE_TRAIL;SELL;MULTI;19;1197504000000;FAST_GENETIC;663688171;RESEARCH;03_Cryptocurrencies/ADAUSD/05_BE_TRAIL/SELL_MULTI.set;D76793869D8D1246D25B3CF4EFAE603A5701195E7CC7EC4CC7EA95C010FE753E
03_Cryptocurrencies;ADAUSD;05_BE_TRAIL;SELL;ICHIMOKU;18;26127360000;FAST_GENETIC;672968998;RESEARCH;03_Cryptocurrencies/ADAUSD/05_BE_TRAIL/SELL_ICHIMOKU.set;45A987289E17BC40243BBEEB2BEC869DDC5346D77D8B234F6BD57040BBA962B6
03_Cryptocurrencies;ADAUSD;06_REVERSAL_EXIT;BUY;MULTI;21;1916006400000;FAST_GENETIC;616600845;RESEARCH;03_Cryptocurrencies/ADAUSD/06_REVERSAL_EXIT/BUY_MULTI.set;061D8F0DF10FF4D42FA12CB95C9FEDE6A2F69A4661F945216470DF8F77184D25
03_Cryptocurrencies;ADAUSD;06_REVERSAL_EXIT;BUY;ICHIMOKU;20;41803776000;FAST_GENETIC;666671868;RESEARCH;03_Cryptocurrencies/ADAUSD/06_REVERSAL_EXIT/BUY_ICHIMOKU.set;8AAE789D558A6F68D419E98F06D0E1A3670559B2EAC9F407D7129D3508056CC2
03_Cryptocurrencies;ADAUSD;06_REVERSAL_EXIT;SELL;MULTI;21;1916006400000;FAST_GENETIC;682834794;RESEARCH;03_Cryptocurrencies/ADAUSD/06_REVERSAL_EXIT/SELL_MULTI.set;EEED8EC085291340B94B9453C7429107CB0BCB90A8421F8098F89BE96937D55B
03_Cryptocurrencies;ADAUSD;06_REVERSAL_EXIT;SELL;ICHIMOKU;20;41803776000;FAST_GENETIC;651323849;RESEARCH;03_Cryptocurrencies/ADAUSD/06_REVERSAL_EXIT/SELL_ICHIMOKU.set;A8F4A679CB1A28963C03028E75CFBC89CD66126CAC1E43E01C634DC059B27B36
03_Cryptocurrencies;ADAUSD;07_GRID_SEPARATE;BUY;MULTI;20;3592512000000;FAST_GENETIC;687835269;HEDGE_ACCOUNT_REQUIRED;03_Cryptocurrencies/ADAUSD/07_GRID_SEPARATE/BUY_MULTI.set;ACC6ABF04C8C37D8C605217C12C656AF5A3CD5F7FA0B4024DA2D059D21923E5E
03_Cryptocurrencies;ADAUSD;07_GRID_SEPARATE;BUY;ICHIMOKU;19;78382080000;FAST_GENETIC;622654929;HEDGE_ACCOUNT_REQUIRED;03_Cryptocurrencies/ADAUSD/07_GRID_SEPARATE/BUY_ICHIMOKU.set;6C68F6243BCEAF3A8E319B1887A6E4DC0EC7760391F029700E48851E6BDF198C
03_Cryptocurrencies;ADAUSD;07_GRID_SEPARATE;SELL;MULTI;20;3592512000000;FAST_GENETIC;630135002;HEDGE_ACCOUNT_REQUIRED;03_Cryptocurrencies/ADAUSD/07_GRID_SEPARATE/SELL_MULTI.set;CA0C5CFAE6F0F37FF7DD8F330607F2DFBD5CB53FA9B34AB54984F7C98053C183
03_Cryptocurrencies;ADAUSD;07_GRID_SEPARATE;SELL;ICHIMOKU;19;78382080000;FAST_GENETIC;615790113;HEDGE_ACCOUNT_REQUIRED;03_Cryptocurrencies/ADAUSD/07_GRID_SEPARATE/SELL_ICHIMOKU.set;5D77EE4B85F5DB4D7BC34F8077F502D2710B14CD9ED35506F9C3DC794222D696
03_Cryptocurrencies;ADAUSD;08_GRID_UNIFIED;BOTH;MULTI;21;17962560000000;FAST_GENETIC;663159341;HEDGE_ACCOUNT_REQUIRED;03_Cryptocurrencies/ADAUSD/08_GRID_UNIFIED/BOTH_MULTI.set;949405399A5AFF63B766EC106A5EF18A649421ADC1DD5E927B33D249672FEC8E
03_Cryptocurrencies;ADAUSD;08_GRID_UNIFIED;BOTH;ICHIMOKU;20;391910400000;FAST_GENETIC;641586599;HEDGE_ACCOUNT_REQUIRED;03_Cryptocurrencies/ADAUSD/08_GRID_UNIFIED/BOTH_ICHIMOKU.set;D23223E9037D66F1ADBD91A324D5AB07F1E400E719F7AD0CD0581B80C1641589
03_Cryptocurrencies;ADAUSD;09_MARTINGALE;BUY;MULTI;21;22353408000000;FAST_GENETIC;668058062;HIGH_RISK;03_Cryptocurrencies/ADAUSD/09_MARTINGALE/BUY_MULTI.set;660FEE7A7A903EF95C47A86FF493593988B546D91E3978A5115A0CAB4651166A
03_Cryptocurrencies;ADAUSD;09_MARTINGALE;BUY;ICHIMOKU;20;487710720000;FAST_GENETIC;656309187;HIGH_RISK;03_Cryptocurrencies/ADAUSD/09_MARTINGALE/BUY_ICHIMOKU.set;D92C2B34873FE2FBD1273BBA8CA582B3EA09B217E4F992BC5C192C4A1B296984
03_Cryptocurrencies;ADAUSD;09_MARTINGALE;SELL;MULTI;21;22353408000000;FAST_GENETIC;626084464;HIGH_RISK;03_Cryptocurrencies/ADAUSD/09_MARTINGALE/SELL_MULTI.set;827E242F5D35F982D6BAEF616E9B7146B614E8D4AEFFCD302414BFE543DD14A0
03_Cryptocurrencies;ADAUSD;09_MARTINGALE;SELL;ICHIMOKU;20;487710720000;FAST_GENETIC;652773981;HIGH_RISK;03_Cryptocurrencies/ADAUSD/09_MARTINGALE/SELL_ICHIMOKU.set;6F92F243C8E25E9FAF525E7C20406ADEA1A81B57A48364E30891C2F99D3E8CE6
03_Cryptocurrencies;ADAUSD;10_DALEMBERT;BUY;MULTI;21;15966720000000;FAST_GENETIC;657634991;HIGH_RISK;03_Cryptocurrencies/ADAUSD/10_DALEMBERT/BUY_MULTI.set;E842585C742E4E1D54A5ECDD9697E037E7654B530E3AB06A353AE6C7480DD847
03_Cryptocurrencies;ADAUSD;10_DALEMBERT;BUY;ICHIMOKU;20;348364800000;FAST_GENETIC;621208059;HIGH_RISK;03_Cryptocurrencies/ADAUSD/10_DALEMBERT/BUY_ICHIMOKU.set;0CEAB13DB2B1F269AA4A50FBB57312CE568862E9B529B00B088583E15DB58119
03_Cryptocurrencies;ADAUSD;10_DALEMBERT;SELL;MULTI;21;15966720000000;FAST_GENETIC;689748574;HIGH_RISK;03_Cryptocurrencies/ADAUSD/10_DALEMBERT/SELL_MULTI.set;371C8DD4C24DD8E3C04D93D58BEDB2D858F56400682C61FDBF89EB188B3C29F7
03_Cryptocurrencies;ADAUSD;10_DALEMBERT;SELL;ICHIMOKU;20;348364800000;FAST_GENETIC;675991819;HIGH_RISK;03_Cryptocurrencies/ADAUSD/10_DALEMBERT/SELL_ICHIMOKU.set;3C82A4D79EAE1F1A927518C4C31A2E19CDA9A64F17AFDE2B095963ED61E92446
03_Cryptocurrencies;ADAUSD;11_SIGNAL_ONLY;BUY;MULTI;16;354816000;FAST_GENETIC;662034419;HIGH_RISK_RESEARCH;03_Cryptocurrencies/ADAUSD/11_SIGNAL_ONLY/BUY_MULTI.set;2E13F465C6299B03E8C1758144699222243D3266BFFF94E45DCF1DDF5C101E37
03_Cryptocurrencies;ADAUSD;11_SIGNAL_ONLY;BUY;ICHIMOKU;15;7741440;FAST_GENETIC;695551026;HIGH_RISK_RESEARCH;03_Cryptocurrencies/ADAUSD/11_SIGNAL_ONLY/BUY_ICHIMOKU.set;5A1528CEBC8BA32C5DA989658595367D438D49790E2C86BA3A49249F6A246E33
03_Cryptocurrencies;ADAUSD;11_SIGNAL_ONLY;SELL;MULTI;16;354816000;FAST_GENETIC;656396623;HIGH_RISK_RESEARCH;03_Cryptocurrencies/ADAUSD/11_SIGNAL_ONLY/SELL_MULTI.set;D2753035911431927DBBB260450D49E0D09825CDC041C93D8E376C0D6E93392F
03_Cryptocurrencies;ADAUSD;11_SIGNAL_ONLY;SELL;ICHIMOKU;15;7741440;FAST_GENETIC;610058496;HIGH_RISK_RESEARCH;03_Cryptocurrencies/ADAUSD/11_SIGNAL_ONLY/SELL_ICHIMOKU.set;94AE90529771EA54BCCBF787D0F8D77C3858275C1FBDA8F9AA4BBA0870E03A4F
03_Cryptocurrencies;BTCUSD;01_SLTP;BUY;MULTI;19;798336000000;FAST_GENETIC;633342942;RESEARCH;03_Cryptocurrencies/BTCUSD/01_SLTP/BUY_MULTI.set;73A1A45504E004C43C6BDA36A2347A0BC4B6C2E15B2329F9D407C259F9B7EA8F
03_Cryptocurrencies;BTCUSD;01_SLTP;BUY;ICHIMOKU;18;17418240000;FAST_GENETIC;697488622;RESEARCH;03_Cryptocurrencies/BTCUSD/01_SLTP/BUY_ICHIMOKU.set;B0D3BCD6F610C5B5613BB8593E753A7838D8EBC86306D92F6B00B3849A893965
03_Cryptocurrencies;BTCUSD;01_SLTP;SELL;MULTI;19;798336000000;FAST_GENETIC;679168422;RESEARCH;03_Cryptocurrencies/BTCUSD/01_SLTP/SELL_MULTI.set;29F3C43329AF7FD7540E52FB93B0CB171A81283366CE15915DAA90B7AA745E5B
03_Cryptocurrencies;BTCUSD;01_SLTP;SELL;ICHIMOKU;18;17418240000;FAST_GENETIC;674487675;RESEARCH;03_Cryptocurrencies/BTCUSD/01_SLTP/SELL_ICHIMOKU.set;8378B65F622EE7BFC223E8D6F530AA01EFBEC2786C313FFCAFF206B45D41464C
03_Cryptocurrencies;BTCUSD;02_SLTP_ORGANIC;BUY;MULTI;19;798336000000;FAST_GENETIC;636558970;RESEARCH;03_Cryptocurrencies/BTCUSD/02_SLTP_ORGANIC/BUY_MULTI.set;A019553D9008FF26D45EFA2EF17BD083C7819421DC34AFA0ED24496161228E90
03_Cryptocurrencies;BTCUSD;02_SLTP_ORGANIC;BUY;ICHIMOKU;18;17418240000;FAST_GENETIC;617841260;RESEARCH;03_Cryptocurrencies/BTCUSD/02_SLTP_ORGANIC/BUY_ICHIMOKU.set;F387AD8F7FABB134B9C5FDD7D2A0CC4A31900F41786EE33BC04682B22F080086
03_Cryptocurrencies;BTCUSD;02_SLTP_ORGANIC;SELL;MULTI;19;798336000000;FAST_GENETIC;611749232;RESEARCH;03_Cryptocurrencies/BTCUSD/02_SLTP_ORGANIC/SELL_MULTI.set;AB701E7F07131CEFFC47F3C18D4185ED63F27EDA800116FEC37784833D541C48
03_Cryptocurrencies;BTCUSD;02_SLTP_ORGANIC;SELL;ICHIMOKU;18;17418240000;FAST_GENETIC;682488490;RESEARCH;03_Cryptocurrencies/BTCUSD/02_SLTP_ORGANIC/SELL_ICHIMOKU.set;3EBC5176DAFF430DED58FAEDD4CD8CB43E00FC0B1D9491AC939357CB72D454F3
03_Cryptocurrencies;BTCUSD;03_TRAIL_ONLY;BUY;MULTI;20;2395008000000;FAST_GENETIC;654234878;RESEARCH;03_Cryptocurrencies/BTCUSD/03_TRAIL_ONLY/BUY_MULTI.set;0651C3287B16AE309316876F9D96DAEEA2A95C343285060178580CA2F36E1F8A
03_Cryptocurrencies;BTCUSD;03_TRAIL_ONLY;BUY;ICHIMOKU;19;52254720000;FAST_GENETIC;618802900;RESEARCH;03_Cryptocurrencies/BTCUSD/03_TRAIL_ONLY/BUY_ICHIMOKU.set;F9CFE4A7865596F0BCE2636B7FFCB9855E908D0D561A63AE9034FB9BEED397EB
03_Cryptocurrencies;BTCUSD;03_TRAIL_ONLY;SELL;MULTI;20;2395008000000;FAST_GENETIC;668251102;RESEARCH;03_Cryptocurrencies/BTCUSD/03_TRAIL_ONLY/SELL_MULTI.set;4D79C73D05605980F9F3FBF9608B461B911DA59F3713DCEC95D0F162C0729CBA
03_Cryptocurrencies;BTCUSD;03_TRAIL_ONLY;SELL;ICHIMOKU;19;52254720000;FAST_GENETIC;659231723;RESEARCH;03_Cryptocurrencies/BTCUSD/03_TRAIL_ONLY/SELL_ICHIMOKU.set;DF2AA9899BC6A04D6E1F972E80A8B758DD0E42C84EA74148CE850142710D4AE7
03_Cryptocurrencies;BTCUSD;04_SLTP_TRAIL;BUY;MULTI;20;11975040000000;FAST_GENETIC;637970568;RESEARCH;03_Cryptocurrencies/BTCUSD/04_SLTP_TRAIL/BUY_MULTI.set;3ED7E3C371980C4234F4E0D08B485E5E320599E992E889FEFCD1C3F4D8C37664
03_Cryptocurrencies;BTCUSD;04_SLTP_TRAIL;BUY;ICHIMOKU;19;261273600000;FAST_GENETIC;670475831;RESEARCH;03_Cryptocurrencies/BTCUSD/04_SLTP_TRAIL/BUY_ICHIMOKU.set;22964733B5F669E47ACC33584AE1705321B279B4C60D69DB9498EABA10F87766
03_Cryptocurrencies;BTCUSD;04_SLTP_TRAIL;SELL;MULTI;20;11975040000000;FAST_GENETIC;649968250;RESEARCH;03_Cryptocurrencies/BTCUSD/04_SLTP_TRAIL/SELL_MULTI.set;02C99C26202707EA7D59B92ED1C638F14882B9C0223AFFEBE11273729CBABC04
03_Cryptocurrencies;BTCUSD;04_SLTP_TRAIL;SELL;ICHIMOKU;19;261273600000;FAST_GENETIC;685940418;RESEARCH;03_Cryptocurrencies/BTCUSD/04_SLTP_TRAIL/SELL_ICHIMOKU.set;39DBF62310680F1898DD9FC3E3AA037094C11660390647F66973E83AABEF82F2
03_Cryptocurrencies;BTCUSD;05_BE_TRAIL;BUY;MULTI;19;1197504000000;FAST_GENETIC;646926885;RESEARCH;03_Cryptocurrencies/BTCUSD/05_BE_TRAIL/BUY_MULTI.set;437E65B20CAFDA573CC700C6CA0C489AD4BD0BEF5D8A3528F66079EF32C3E59D
03_Cryptocurrencies;BTCUSD;05_BE_TRAIL;BUY;ICHIMOKU;18;26127360000;FAST_GENETIC;623084636;RESEARCH;03_Cryptocurrencies/BTCUSD/05_BE_TRAIL/BUY_ICHIMOKU.set;C2A62A2FDA4C99CD367E3CA06F7FB29C522C7F96404C2A118F57C11BFDED5D7B
03_Cryptocurrencies;BTCUSD;05_BE_TRAIL;SELL;MULTI;19;1197504000000;FAST_GENETIC;638639203;RESEARCH;03_Cryptocurrencies/BTCUSD/05_BE_TRAIL/SELL_MULTI.set;31EAE3D33B5D1A18D39850989967168664644C48A2788C9A010BD6A2813E6280
03_Cryptocurrencies;BTCUSD;05_BE_TRAIL;SELL;ICHIMOKU;18;26127360000;FAST_GENETIC;648541424;RESEARCH;03_Cryptocurrencies/BTCUSD/05_BE_TRAIL/SELL_ICHIMOKU.set;9EA9CC23E90CC703BAB8DB8B940761139AB4A0719B3C9156CB7BBB33A9DA8292
03_Cryptocurrencies;BTCUSD;06_REVERSAL_EXIT;BUY;MULTI;21;1916006400000;FAST_GENETIC;668276111;RESEARCH;03_Cryptocurrencies/BTCUSD/06_REVERSAL_EXIT/BUY_MULTI.set;257ACC9A5B46FAFD1775C686FBBD423E120746F99D5CE494DE6ECB0152B2D354
03_Cryptocurrencies;BTCUSD;06_REVERSAL_EXIT;BUY;ICHIMOKU;20;41803776000;FAST_GENETIC;660764458;RESEARCH;03_Cryptocurrencies/BTCUSD/06_REVERSAL_EXIT/BUY_ICHIMOKU.set;8600F75F20159977EC4543CDFD313D121D58FC92D605C32D99640CE8446717E1
03_Cryptocurrencies;BTCUSD;06_REVERSAL_EXIT;SELL;MULTI;21;1916006400000;FAST_GENETIC;654996919;RESEARCH;03_Cryptocurrencies/BTCUSD/06_REVERSAL_EXIT/SELL_MULTI.set;58BE82E2615DCB8699C1238D20F4524838A22449DEDFB614B6B8DBF116853A99
03_Cryptocurrencies;BTCUSD;06_REVERSAL_EXIT;SELL;ICHIMOKU;20;41803776000;FAST_GENETIC;693383195;RESEARCH;03_Cryptocurrencies/BTCUSD/06_REVERSAL_EXIT/SELL_ICHIMOKU.set;47967E18C7EC2E89AA9297C2B281EBAB2CAA2602B33CA679F5112B4CA49A29A3
03_Cryptocurrencies;BTCUSD;07_GRID_SEPARATE;BUY;MULTI;20;3592512000000;FAST_GENETIC;636234887;HEDGE_ACCOUNT_REQUIRED;03_Cryptocurrencies/BTCUSD/07_GRID_SEPARATE/BUY_MULTI.set;21EDF29B9A333DF9FD598CC2629D53ADF00533609140B95FD0E384252570385A
03_Cryptocurrencies;BTCUSD;07_GRID_SEPARATE;BUY;ICHIMOKU;19;78382080000;FAST_GENETIC;655293886;HEDGE_ACCOUNT_REQUIRED;03_Cryptocurrencies/BTCUSD/07_GRID_SEPARATE/BUY_ICHIMOKU.set;F7ADF96AC80F98D035AE99C04117DB22023E1A8D7641271FA59BB5F4D57095F0
03_Cryptocurrencies;BTCUSD;07_GRID_SEPARATE;SELL;MULTI;20;3592512000000;FAST_GENETIC;684885574;HEDGE_ACCOUNT_REQUIRED;03_Cryptocurrencies/BTCUSD/07_GRID_SEPARATE/SELL_MULTI.set;659030335191912248C09CB62E98867803CF9A69ACDB10EBDF24ACF8AD18C4CC
03_Cryptocurrencies;BTCUSD;07_GRID_SEPARATE;SELL;ICHIMOKU;19;78382080000;FAST_GENETIC;638013513;HEDGE_ACCOUNT_REQUIRED;03_Cryptocurrencies/BTCUSD/07_GRID_SEPARATE/SELL_ICHIMOKU.set;13ED121716185424A5C71C1C8A48757B1327B1DEDFB26EFBE6D8FC31F2041CF1
03_Cryptocurrencies;BTCUSD;08_GRID_UNIFIED;BOTH;MULTI;21;17962560000000;FAST_GENETIC;639842475;HEDGE_ACCOUNT_REQUIRED;03_Cryptocurrencies/BTCUSD/08_GRID_UNIFIED/BOTH_MULTI.set;0EF522DEB76CBE91F491A3C52F040DE962111C598C4B72B764A23355DDC38189
03_Cryptocurrencies;BTCUSD;08_GRID_UNIFIED;BOTH;ICHIMOKU;20;391910400000;FAST_GENETIC;635001565;HEDGE_ACCOUNT_REQUIRED;03_Cryptocurrencies/BTCUSD/08_GRID_UNIFIED/BOTH_ICHIMOKU.set;5E839696FBC4F14F1BD911F3D8CE0B3CF82CED42D35EAA2A1FEA4446FEC25279
03_Cryptocurrencies;BTCUSD;09_MARTINGALE;BUY;MULTI;21;22353408000000;FAST_GENETIC;628885915;HIGH_RISK;03_Cryptocurrencies/BTCUSD/09_MARTINGALE/BUY_MULTI.set;E7119CE469650C3C198CAD56C6F155E0D0B560B11F57DA1EBE36E05D4E5739F9
03_Cryptocurrencies;BTCUSD;09_MARTINGALE;BUY;ICHIMOKU;20;487710720000;FAST_GENETIC;638973712;HIGH_RISK;03_Cryptocurrencies/BTCUSD/09_MARTINGALE/BUY_ICHIMOKU.set;AB855D7EAEAEE9376E4233078EED54E3FBA91449EB7F4222EC7A97A31DB547C0
03_Cryptocurrencies;BTCUSD;09_MARTINGALE;SELL;MULTI;21;22353408000000;FAST_GENETIC;632473699;HIGH_RISK;03_Cryptocurrencies/BTCUSD/09_MARTINGALE/SELL_MULTI.set;A8F73F7A85B70A6670F6A7CE88EF4300F0B2621F70993279F994E60F492033A6
03_Cryptocurrencies;BTCUSD;09_MARTINGALE;SELL;ICHIMOKU;20;487710720000;FAST_GENETIC;646475414;HIGH_RISK;03_Cryptocurrencies/BTCUSD/09_MARTINGALE/SELL_ICHIMOKU.set;9F31E66FA6A21B5BC6A37E71DBC3CDA3E26044C6420C2E4161B9CFEDEB11E968
03_Cryptocurrencies;BTCUSD;10_DALEMBERT;BUY;MULTI;21;15966720000000;FAST_GENETIC;647430993;HIGH_RISK;03_Cryptocurrencies/BTCUSD/10_DALEMBERT/BUY_MULTI.set;D41956E101CF378B4601466A74EEF92C1B256ECCA78A8E09821E8E447A4146C8
03_Cryptocurrencies;BTCUSD;10_DALEMBERT;BUY;ICHIMOKU;20;348364800000;FAST_GENETIC;686419860;HIGH_RISK;03_Cryptocurrencies/BTCUSD/10_DALEMBERT/BUY_ICHIMOKU.set;52B435A68AB8A423F988016DB8B833AEAB674A752D27045F8348D45DAB35F537
03_Cryptocurrencies;BTCUSD;10_DALEMBERT;SELL;MULTI;21;15966720000000;FAST_GENETIC;636225059;HIGH_RISK;03_Cryptocurrencies/BTCUSD/10_DALEMBERT/SELL_MULTI.set;A98F33F7C9B3473BAEC7C851C53A51E76542AB7BCEAC3E342DFA0697F601F56D
03_Cryptocurrencies;BTCUSD;10_DALEMBERT;SELL;ICHIMOKU;20;348364800000;FAST_GENETIC;677955303;HIGH_RISK;03_Cryptocurrencies/BTCUSD/10_DALEMBERT/SELL_ICHIMOKU.set;FA2EE1811B301A0DDB6B856376CD2E10B3BAB74C6A237FAA8EA614810F6F579C
03_Cryptocurrencies;BTCUSD;11_SIGNAL_ONLY;BUY;MULTI;16;354816000;FAST_GENETIC;688800879;HIGH_RISK_RESEARCH;03_Cryptocurrencies/BTCUSD/11_SIGNAL_ONLY/BUY_MULTI.set;5DAFB07F865B8C68BDE18B3329590B811B40B677B9F97066BFC131EA176884F4
03_Cryptocurrencies;BTCUSD;11_SIGNAL_ONLY;BUY;ICHIMOKU;15;7741440;FAST_GENETIC;646953927;HIGH_RISK_RESEARCH;03_Cryptocurrencies/BTCUSD/11_SIGNAL_ONLY/BUY_ICHIMOKU.set;62A90FBD913FE072D7F97DB9B9AC6CD2EEA7EC212DBB66406DA8B9DD03AF2CFB
03_Cryptocurrencies;BTCUSD;11_SIGNAL_ONLY;SELL;MULTI;16;354816000;FAST_GENETIC;644179906;HIGH_RISK_RESEARCH;03_Cryptocurrencies/BTCUSD/11_SIGNAL_ONLY/SELL_MULTI.set;D4263C4ADF938FBA3EA9A9534AF5ADCB44C005D0AC7FCEE8AEF9A2ADD3C39A3B
03_Cryptocurrencies;BTCUSD;11_SIGNAL_ONLY;SELL;ICHIMOKU;15;7741440;FAST_GENETIC;666593449;HIGH_RISK_RESEARCH;03_Cryptocurrencies/BTCUSD/11_SIGNAL_ONLY/SELL_ICHIMOKU.set;FF26D0892374A533471700A7AB0EDA68FE363BC74A3E28AD65D44BBD7523C163
03_Cryptocurrencies;DOGEUSD;01_SLTP;BUY;MULTI;19;798336000000;FAST_GENETIC;677303884;RESEARCH;03_Cryptocurrencies/DOGEUSD/01_SLTP/BUY_MULTI.set;6E401799D3680C8135D5FAEE26A4CE7418919A5AA01766517A5DE12FA81F3446
03_Cryptocurrencies;DOGEUSD;01_SLTP;BUY;ICHIMOKU;18;17418240000;FAST_GENETIC;659534811;RESEARCH;03_Cryptocurrencies/DOGEUSD/01_SLTP/BUY_ICHIMOKU.set;7CC8AE627C2F7EC09E29BF0B9A9B0C682AFB0B17D58127061A6FF82C7F41EA11
03_Cryptocurrencies;DOGEUSD;01_SLTP;SELL;MULTI;19;798336000000;FAST_GENETIC;629939440;RESEARCH;03_Cryptocurrencies/DOGEUSD/01_SLTP/SELL_MULTI.set;3F1BD9F5B1619EDD1C0F844BF2EC25EACF3F0CBA0E77DAAD5FD176F1A58345E1
03_Cryptocurrencies;DOGEUSD;01_SLTP;SELL;ICHIMOKU;18;17418240000;FAST_GENETIC;698463246;RESEARCH;03_Cryptocurrencies/DOGEUSD/01_SLTP/SELL_ICHIMOKU.set;8D86F965C1F9AD4943472598D316DA767E3B9CA071C9AF2050954255C7BA8D77
03_Cryptocurrencies;DOGEUSD;02_SLTP_ORGANIC;BUY;MULTI;19;798336000000;FAST_GENETIC;658205019;RESEARCH;03_Cryptocurrencies/DOGEUSD/02_SLTP_ORGANIC/BUY_MULTI.set;4B20B4C5185AF3B10D654DDAF59861C76ED2DCFD9555A647B45C26E38C0CD560
03_Cryptocurrencies;DOGEUSD;02_SLTP_ORGANIC;BUY;ICHIMOKU;18;17418240000;FAST_GENETIC;632379890;RESEARCH;03_Cryptocurrencies/DOGEUSD/02_SLTP_ORGANIC/BUY_ICHIMOKU.set;E6530CAE697C1B472C1C88574CD10F5C2164D70D6662C4689CDD8E2923BE4C95
03_Cryptocurrencies;DOGEUSD;02_SLTP_ORGANIC;SELL;MULTI;19;798336000000;FAST_GENETIC;624067710;RESEARCH;03_Cryptocurrencies/DOGEUSD/02_SLTP_ORGANIC/SELL_MULTI.set;467F60F32BD3FF3BA8C38CED2264BB2C3FD6D101F95DF5EE80AE67901FADAB40
03_Cryptocurrencies;DOGEUSD;02_SLTP_ORGANIC;SELL;ICHIMOKU;18;17418240000;FAST_GENETIC;647069257;RESEARCH;03_Cryptocurrencies/DOGEUSD/02_SLTP_ORGANIC/SELL_ICHIMOKU.set;8DB2B95CA5BF8FAFC9426DA2DF22AE4051C24A72750A8A7C3DE7A1E76B4740F3
03_Cryptocurrencies;DOGEUSD;03_TRAIL_ONLY;BUY;MULTI;20;2395008000000;FAST_GENETIC;691691302;RESEARCH;03_Cryptocurrencies/DOGEUSD/03_TRAIL_ONLY/BUY_MULTI.set;0843C679D0524C852F24B79C89C2AF2DF48AC7DF30540F0D1C3E6ABD3C771DE1
03_Cryptocurrencies;DOGEUSD;03_TRAIL_ONLY;BUY;ICHIMOKU;19;52254720000;FAST_GENETIC;631816563;RESEARCH;03_Cryptocurrencies/DOGEUSD/03_TRAIL_ONLY/BUY_ICHIMOKU.set;3EE41F3728B859AA5D09171F0C872E13089038C09C3247D1A2A6FE4B14A24810
03_Cryptocurrencies;DOGEUSD;03_TRAIL_ONLY;SELL;MULTI;20;2395008000000;FAST_GENETIC;689189921;RESEARCH;03_Cryptocurrencies/DOGEUSD/03_TRAIL_ONLY/SELL_MULTI.set;4929F2A30335E9F79CFC24DAC7F87F29F96D4B8B77041C47DCB8ABF6F0B96AD1
03_Cryptocurrencies;DOGEUSD;03_TRAIL_ONLY;SELL;ICHIMOKU;19;52254720000;FAST_GENETIC;674276097;RESEARCH;03_Cryptocurrencies/DOGEUSD/03_TRAIL_ONLY/SELL_ICHIMOKU.set;E6593CC5080EBFFE340D978E442462B7BEAB5F4E70F023ABB7A58DE34C4D3F06
03_Cryptocurrencies;DOGEUSD;04_SLTP_TRAIL;BUY;MULTI;20;11975040000000;FAST_GENETIC;626880410;RESEARCH;03_Cryptocurrencies/DOGEUSD/04_SLTP_TRAIL/BUY_MULTI.set;776C2F8BA1163941336668A56B2B8DFB1039501504D0506A1A957FC5F739EACF
03_Cryptocurrencies;DOGEUSD;04_SLTP_TRAIL;BUY;ICHIMOKU;19;261273600000;FAST_GENETIC;629303241;RESEARCH;03_Cryptocurrencies/DOGEUSD/04_SLTP_TRAIL/BUY_ICHIMOKU.set;BC334E133F5BDA64FBD86504490590C476C58EDD80BFB61E13CB21EC39E34A63
03_Cryptocurrencies;DOGEUSD;04_SLTP_TRAIL;SELL;MULTI;20;11975040000000;FAST_GENETIC;615713543;RESEARCH;03_Cryptocurrencies/DOGEUSD/04_SLTP_TRAIL/SELL_MULTI.set;931D0832DCAE2A15EC7B09B7512B6C47266D1CED256EDC2F38F322B1059FD568
03_Cryptocurrencies;DOGEUSD;04_SLTP_TRAIL;SELL;ICHIMOKU;19;261273600000;FAST_GENETIC;620282372;RESEARCH;03_Cryptocurrencies/DOGEUSD/04_SLTP_TRAIL/SELL_ICHIMOKU.set;146C4B2C5FD6E7DB001F032DE70381FF966F0E621139C159E772C872EBF50CD0
03_Cryptocurrencies;DOGEUSD;05_BE_TRAIL;BUY;MULTI;19;1197504000000;FAST_GENETIC;631485747;RESEARCH;03_Cryptocurrencies/DOGEUSD/05_BE_TRAIL/BUY_MULTI.set;CCCB2CD537E6101A6F242E39A1891B322A8FC8EF047944D535AA3DA92D183640
03_Cryptocurrencies;DOGEUSD;05_BE_TRAIL;BUY;ICHIMOKU;18;26127360000;FAST_GENETIC;693203389;RESEARCH;03_Cryptocurrencies/DOGEUSD/05_BE_TRAIL/BUY_ICHIMOKU.set;23CFC39700C31F3E3574FDDFD71505BF30FB4DB7CC28583F097B39A0BF375D12
03_Cryptocurrencies;DOGEUSD;05_BE_TRAIL;SELL;MULTI;19;1197504000000;FAST_GENETIC;626676216;RESEARCH;03_Cryptocurrencies/DOGEUSD/05_BE_TRAIL/SELL_MULTI.set;C0DC6626389D9EA0D524F6E5FAB518C99E8D0ED29FADB3742A31F575C61247F0
03_Cryptocurrencies;DOGEUSD;05_BE_TRAIL;SELL;ICHIMOKU;18;26127360000;FAST_GENETIC;633485422;RESEARCH;03_Cryptocurrencies/DOGEUSD/05_BE_TRAIL/SELL_ICHIMOKU.set;2AC29F4499950FD28D78D4620E17156172B2B73C5AB6BDE202ED40327C742A81
03_Cryptocurrencies;DOGEUSD;06_REVERSAL_EXIT;BUY;MULTI;21;1916006400000;FAST_GENETIC;644943041;RESEARCH;03_Cryptocurrencies/DOGEUSD/06_REVERSAL_EXIT/BUY_MULTI.set;9EC45BE95A1E79A44F5D394E16817AC0C8AC7D0B89D45F34F15FDEB093FD2FA6
03_Cryptocurrencies;DOGEUSD;06_REVERSAL_EXIT;BUY;ICHIMOKU;20;41803776000;FAST_GENETIC;666973007;RESEARCH;03_Cryptocurrencies/DOGEUSD/06_REVERSAL_EXIT/BUY_ICHIMOKU.set;0EAF00F945907FCF8C6218FCCCC18D309A10F4218EA365E7BCE87A23C39862DC
03_Cryptocurrencies;DOGEUSD;06_REVERSAL_EXIT;SELL;MULTI;21;1916006400000;FAST_GENETIC;646971734;RESEARCH;03_Cryptocurrencies/DOGEUSD/06_REVERSAL_EXIT/SELL_MULTI.set;8CAE6EC2AE328BF4A20CD3B10673B7B8E333E8A41500B9AA9341D17772F41D5A
03_Cryptocurrencies;DOGEUSD;06_REVERSAL_EXIT;SELL;ICHIMOKU;20;41803776000;FAST_GENETIC;639786900;RESEARCH;03_Cryptocurrencies/DOGEUSD/06_REVERSAL_EXIT/SELL_ICHIMOKU.set;2866D27D6A87AF7786739EF3423148D15114904AD513319B1310B5B76563594F
03_Cryptocurrencies;DOGEUSD;07_GRID_SEPARATE;BUY;MULTI;20;3592512000000;FAST_GENETIC;665618721;HEDGE_ACCOUNT_REQUIRED;03_Cryptocurrencies/DOGEUSD/07_GRID_SEPARATE/BUY_MULTI.set;384864D04A2E8D6C2CDC9BE7D4EDF2A880B9756A7F210F9CADF5396096BB0C8E
03_Cryptocurrencies;DOGEUSD;07_GRID_SEPARATE;BUY;ICHIMOKU;19;78382080000;FAST_GENETIC;662627583;HEDGE_ACCOUNT_REQUIRED;03_Cryptocurrencies/DOGEUSD/07_GRID_SEPARATE/BUY_ICHIMOKU.set;CD5F9F9A0C168561071636FB4759B7CECB06495F7DA6088E8230130BB09623D6
03_Cryptocurrencies;DOGEUSD;07_GRID_SEPARATE;SELL;MULTI;20;3592512000000;FAST_GENETIC;633385463;HEDGE_ACCOUNT_REQUIRED;03_Cryptocurrencies/DOGEUSD/07_GRID_SEPARATE/SELL_MULTI.set;A527DEA68D483F816377D253E91045A0B75053DA9AA98BAA9B478AE57AE24228
03_Cryptocurrencies;DOGEUSD;07_GRID_SEPARATE;SELL;ICHIMOKU;19;78382080000;FAST_GENETIC;683123115;HEDGE_ACCOUNT_REQUIRED;03_Cryptocurrencies/DOGEUSD/07_GRID_SEPARATE/SELL_ICHIMOKU.set;1A8102FE756579B4C64E38DE25F80BCE207010E61B42288E0F03EE30E2723835
03_Cryptocurrencies;DOGEUSD;08_GRID_UNIFIED;BOTH;MULTI;21;17962560000000;FAST_GENETIC;683694454;HEDGE_ACCOUNT_REQUIRED;03_Cryptocurrencies/DOGEUSD/08_GRID_UNIFIED/BOTH_MULTI.set;77CEFA7C4A08206910CB86625D1185AB81558A894CE75236EB8ADE5B5E461B01
03_Cryptocurrencies;DOGEUSD;08_GRID_UNIFIED;BOTH;ICHIMOKU;20;391910400000;FAST_GENETIC;627045915;HEDGE_ACCOUNT_REQUIRED;03_Cryptocurrencies/DOGEUSD/08_GRID_UNIFIED/BOTH_ICHIMOKU.set;E94047B7C81D22E338004C5F9598AD29E8B5176644E7F5542E8119EBCFBE59BF
03_Cryptocurrencies;DOGEUSD;09_MARTINGALE;BUY;MULTI;21;22353408000000;FAST_GENETIC;684369253;HIGH_RISK;03_Cryptocurrencies/DOGEUSD/09_MARTINGALE/BUY_MULTI.set;3BB24BF77BA44DAB335AF1667089D8FFF21452A0E6A689236B99681F61A95041
03_Cryptocurrencies;DOGEUSD;09_MARTINGALE;BUY;ICHIMOKU;20;487710720000;FAST_GENETIC;686083967;HIGH_RISK;03_Cryptocurrencies/DOGEUSD/09_MARTINGALE/BUY_ICHIMOKU.set;8273B5DEA0374E6EC3E6823702F227E4CCE6646FB2D07239415F51DAF50E2AF9
03_Cryptocurrencies;DOGEUSD;09_MARTINGALE;SELL;MULTI;21;22353408000000;FAST_GENETIC;665127439;HIGH_RISK;03_Cryptocurrencies/DOGEUSD/09_MARTINGALE/SELL_MULTI.set;49CD521AC81F4903F79FCB5C8330609A4D236C4DD230A036C4923AEF456507DD
03_Cryptocurrencies;DOGEUSD;09_MARTINGALE;SELL;ICHIMOKU;20;487710720000;FAST_GENETIC;663094077;HIGH_RISK;03_Cryptocurrencies/DOGEUSD/09_MARTINGALE/SELL_ICHIMOKU.set;C3756B8121945D505A6DE553C8D320484C0575B834FF688F927EB2E784E1E5F0
03_Cryptocurrencies;DOGEUSD;10_DALEMBERT;BUY;MULTI;21;15966720000000;FAST_GENETIC;657362237;HIGH_RISK;03_Cryptocurrencies/DOGEUSD/10_DALEMBERT/BUY_MULTI.set;D439E7187177607DB58EF518468A5D7D481411CADFAFEEE7E7C441C0C477CAFA
03_Cryptocurrencies;DOGEUSD;10_DALEMBERT;BUY;ICHIMOKU;20;348364800000;FAST_GENETIC;671677257;HIGH_RISK;03_Cryptocurrencies/DOGEUSD/10_DALEMBERT/BUY_ICHIMOKU.set;A36E35D2ECCFC2246D3B76E8E77F214E1E86A2A8FC16A8F328B4C9676DFFF420
03_Cryptocurrencies;DOGEUSD;10_DALEMBERT;SELL;MULTI;21;15966720000000;FAST_GENETIC;688134242;HIGH_RISK;03_Cryptocurrencies/DOGEUSD/10_DALEMBERT/SELL_MULTI.set;D21194D2552FFB5AA2987AFBDD25CE293B3E0229F15630B8D557F30E16083067
03_Cryptocurrencies;DOGEUSD;10_DALEMBERT;SELL;ICHIMOKU;20;348364800000;FAST_GENETIC;615878181;HIGH_RISK;03_Cryptocurrencies/DOGEUSD/10_DALEMBERT/SELL_ICHIMOKU.set;247067792B7E56DF275744B5F232A18EE1055E14FAD234405695939450405EFB
03_Cryptocurrencies;DOGEUSD;11_SIGNAL_ONLY;BUY;MULTI;16;354816000;FAST_GENETIC;610924513;HIGH_RISK_RESEARCH;03_Cryptocurrencies/DOGEUSD/11_SIGNAL_ONLY/BUY_MULTI.set;C14E9B40391E3D129CA008CAF269631033545D3FA6DEF908202C5E6F006EC484
03_Cryptocurrencies;DOGEUSD;11_SIGNAL_ONLY;BUY;ICHIMOKU;15;7741440;FAST_GENETIC;625413101;HIGH_RISK_RESEARCH;03_Cryptocurrencies/DOGEUSD/11_SIGNAL_ONLY/BUY_ICHIMOKU.set;CCD77E5D551D28401E2DEFB82F5C1DFE017BCD551BFEF9289EC23FA001F63CC3
03_Cryptocurrencies;DOGEUSD;11_SIGNAL_ONLY;SELL;MULTI;16;354816000;FAST_GENETIC;674421790;HIGH_RISK_RESEARCH;03_Cryptocurrencies/DOGEUSD/11_SIGNAL_ONLY/SELL_MULTI.set;BC5486AF5F586155B4C29FE04B49A0753D4E6371C8150DC6C16B3F4168E2403E
03_Cryptocurrencies;DOGEUSD;11_SIGNAL_ONLY;SELL;ICHIMOKU;15;7741440;FAST_GENETIC;660374264;HIGH_RISK_RESEARCH;03_Cryptocurrencies/DOGEUSD/11_SIGNAL_ONLY/SELL_ICHIMOKU.set;310D1791771273C6C2CCE97EA34E8426577D836BBE398C5A0EFFD872AEA2DD6F
03_Cryptocurrencies;ETHUSD;01_SLTP;BUY;MULTI;19;798336000000;FAST_GENETIC;625881161;RESEARCH;03_Cryptocurrencies/ETHUSD/01_SLTP/BUY_MULTI.set;12EB64A2E29EF164C992F3582FE0CE38EBB72DE30C414F12B11285C48C7B7C3E
03_Cryptocurrencies;ETHUSD;01_SLTP;BUY;ICHIMOKU;18;17418240000;FAST_GENETIC;622195372;RESEARCH;03_Cryptocurrencies/ETHUSD/01_SLTP/BUY_ICHIMOKU.set;BE4742F9D9B6E4C811E86A3508E61E9252ED92F21BCDA0E37AA85D92942A3937
03_Cryptocurrencies;ETHUSD;01_SLTP;SELL;MULTI;19;798336000000;FAST_GENETIC;660001241;RESEARCH;03_Cryptocurrencies/ETHUSD/01_SLTP/SELL_MULTI.set;0D988418B882A84958359D9A3A79D78E5976A6A81371522A3F2864F6E279FE9C
03_Cryptocurrencies;ETHUSD;01_SLTP;SELL;ICHIMOKU;18;17418240000;FAST_GENETIC;611564657;RESEARCH;03_Cryptocurrencies/ETHUSD/01_SLTP/SELL_ICHIMOKU.set;AD42C94D46C3665659724EBC7551DF7CEE459FCCE38103CBB80F845EA398EBEC
03_Cryptocurrencies;ETHUSD;02_SLTP_ORGANIC;BUY;MULTI;19;798336000000;FAST_GENETIC;692393865;RESEARCH;03_Cryptocurrencies/ETHUSD/02_SLTP_ORGANIC/BUY_MULTI.set;31B7871F78798D2B545F7A86E2853C505F26CD583675E507AA053DA345965F9A
03_Cryptocurrencies;ETHUSD;02_SLTP_ORGANIC;BUY;ICHIMOKU;18;17418240000;FAST_GENETIC;688269246;RESEARCH;03_Cryptocurrencies/ETHUSD/02_SLTP_ORGANIC/BUY_ICHIMOKU.set;28528C19C2C140D63DD9BF8619ECEA2D31776F00E7B4B29BC9141D5EAC483FB5
03_Cryptocurrencies;ETHUSD;02_SLTP_ORGANIC;SELL;MULTI;19;798336000000;FAST_GENETIC;612286959;RESEARCH;03_Cryptocurrencies/ETHUSD/02_SLTP_ORGANIC/SELL_MULTI.set;E7F577A717BCF59B056A7C4E65F5EEFDDFBC8B652C3102C6F6FAA9A4F7E75E79
03_Cryptocurrencies;ETHUSD;02_SLTP_ORGANIC;SELL;ICHIMOKU;18;17418240000;FAST_GENETIC;676600940;RESEARCH;03_Cryptocurrencies/ETHUSD/02_SLTP_ORGANIC/SELL_ICHIMOKU.set;7BBD5B3169F3C1FA0061BA3C52239C64009472AE554C5DACFAC6E97B655CAA27
03_Cryptocurrencies;ETHUSD;03_TRAIL_ONLY;BUY;MULTI;20;2395008000000;FAST_GENETIC;650223471;RESEARCH;03_Cryptocurrencies/ETHUSD/03_TRAIL_ONLY/BUY_MULTI.set;10734E363AE542184FE3A3590EE26DB65A38F53D6729F57D8B0F479F86938175
03_Cryptocurrencies;ETHUSD;03_TRAIL_ONLY;BUY;ICHIMOKU;19;52254720000;FAST_GENETIC;638490926;RESEARCH;03_Cryptocurrencies/ETHUSD/03_TRAIL_ONLY/BUY_ICHIMOKU.set;FED6BCB141385751CB64FF581413BC57E8661A8B161A5725511754E22F6A3463
03_Cryptocurrencies;ETHUSD;03_TRAIL_ONLY;SELL;MULTI;20;2395008000000;FAST_GENETIC;650157905;RESEARCH;03_Cryptocurrencies/ETHUSD/03_TRAIL_ONLY/SELL_MULTI.set;D8133FBB965E10F44A5E9DF7E37220645D73EFC30239757CFACBD663FF44ABB4
03_Cryptocurrencies;ETHUSD;03_TRAIL_ONLY;SELL;ICHIMOKU;19;52254720000;FAST_GENETIC;665181580;RESEARCH;03_Cryptocurrencies/ETHUSD/03_TRAIL_ONLY/SELL_ICHIMOKU.set;B8DE1E51409B580DABF2FE95E6FB0A63715884054DBCF3260AF17526FD7F16B6
03_Cryptocurrencies;ETHUSD;04_SLTP_TRAIL;BUY;MULTI;20;11975040000000;FAST_GENETIC;690779740;RESEARCH;03_Cryptocurrencies/ETHUSD/04_SLTP_TRAIL/BUY_MULTI.set;CDE82B8334F8F58E60CF88BF6B174EFD6DFAED0E4308092235EB7E440D55CBC3
03_Cryptocurrencies;ETHUSD;04_SLTP_TRAIL;BUY;ICHIMOKU;19;261273600000;FAST_GENETIC;687724211;RESEARCH;03_Cryptocurrencies/ETHUSD/04_SLTP_TRAIL/BUY_ICHIMOKU.set;BABB7043C5684BD2591C91C3C7A50FD455B10BD80F7EA68A3C78BAEEF9B9E63B
03_Cryptocurrencies;ETHUSD;04_SLTP_TRAIL;SELL;MULTI;20;11975040000000;FAST_GENETIC;690297124;RESEARCH;03_Cryptocurrencies/ETHUSD/04_SLTP_TRAIL/SELL_MULTI.set;93D0450415E63E6F30B1A501BAA122949185C06BF0ED9CED512CD9DE04C8C777
03_Cryptocurrencies;ETHUSD;04_SLTP_TRAIL;SELL;ICHIMOKU;19;261273600000;FAST_GENETIC;617549948;RESEARCH;03_Cryptocurrencies/ETHUSD/04_SLTP_TRAIL/SELL_ICHIMOKU.set;E74CE09764E440E8666F38F9DEFED33F6D65BA0E527E3369F19BF340154E4CEC
03_Cryptocurrencies;ETHUSD;05_BE_TRAIL;BUY;MULTI;19;1197504000000;FAST_GENETIC;669908244;RESEARCH;03_Cryptocurrencies/ETHUSD/05_BE_TRAIL/BUY_MULTI.set;16C6ABA3615AD5A151E2D03697F52245D205FAD720F8F4B1556ECE53D259129F
03_Cryptocurrencies;ETHUSD;05_BE_TRAIL;BUY;ICHIMOKU;18;26127360000;FAST_GENETIC;679320950;RESEARCH;03_Cryptocurrencies/ETHUSD/05_BE_TRAIL/BUY_ICHIMOKU.set;C800432550FB412F21F4BC4C6A33F718EBFCF267E001CFB27EC8E6C6D1FA0133
03_Cryptocurrencies;ETHUSD;05_BE_TRAIL;SELL;MULTI;19;1197504000000;FAST_GENETIC;649566675;RESEARCH;03_Cryptocurrencies/ETHUSD/05_BE_TRAIL/SELL_MULTI.set;8F8ADC89EED971FC984FB27FF51EF353AFC6C556AD307B87BC8DCA497EA6307C
03_Cryptocurrencies;ETHUSD;05_BE_TRAIL;SELL;ICHIMOKU;18;26127360000;FAST_GENETIC;633519693;RESEARCH;03_Cryptocurrencies/ETHUSD/05_BE_TRAIL/SELL_ICHIMOKU.set;EE4BCACDE4DE6E40881B9295FFAC99BA66BBCF9B924349B5745226F5EB339C55
03_Cryptocurrencies;ETHUSD;06_REVERSAL_EXIT;BUY;MULTI;21;1916006400000;FAST_GENETIC;656547408;RESEARCH;03_Cryptocurrencies/ETHUSD/06_REVERSAL_EXIT/BUY_MULTI.set;321CF90B53ACC9F75C0E6CDB6D7BA21074256B3912D14ED01D7C8070F711DB66
03_Cryptocurrencies;ETHUSD;06_REVERSAL_EXIT;BUY;ICHIMOKU;20;41803776000;FAST_GENETIC;645762560;RESEARCH;03_Cryptocurrencies/ETHUSD/06_REVERSAL_EXIT/BUY_ICHIMOKU.set;ABFA41687436607FCFFA67E329B4DBAFB456A2C739D9FCCAD754E10F29C8E7D2
03_Cryptocurrencies;ETHUSD;06_REVERSAL_EXIT;SELL;MULTI;21;1916006400000;FAST_GENETIC;699317440;RESEARCH;03_Cryptocurrencies/ETHUSD/06_REVERSAL_EXIT/SELL_MULTI.set;A328C2E23B25D2D6A646ED62C92DB6080EC280710EF6D8EB8F56AAB36B39A0D5
03_Cryptocurrencies;ETHUSD;06_REVERSAL_EXIT;SELL;ICHIMOKU;20;41803776000;FAST_GENETIC;663434172;RESEARCH;03_Cryptocurrencies/ETHUSD/06_REVERSAL_EXIT/SELL_ICHIMOKU.set;48D4757BB74228853B82ADE9ACE220BA7FB9FD5F9E278E351A3AB99B9A49DE82
03_Cryptocurrencies;ETHUSD;07_GRID_SEPARATE;BUY;MULTI;20;3592512000000;FAST_GENETIC;642635611;HEDGE_ACCOUNT_REQUIRED;03_Cryptocurrencies/ETHUSD/07_GRID_SEPARATE/BUY_MULTI.set;B778442C45A43E312B37C896079DC5E7962B1E6D7106E13DB6BAA42637CEFEB4
03_Cryptocurrencies;ETHUSD;07_GRID_SEPARATE;BUY;ICHIMOKU;19;78382080000;FAST_GENETIC;643877789;HEDGE_ACCOUNT_REQUIRED;03_Cryptocurrencies/ETHUSD/07_GRID_SEPARATE/BUY_ICHIMOKU.set;55C3FE2E70557F97C265A249AA1CAA1419C91B875E4DD234722F29D2217547A4
03_Cryptocurrencies;ETHUSD;07_GRID_SEPARATE;SELL;MULTI;20;3592512000000;FAST_GENETIC;645183751;HEDGE_ACCOUNT_REQUIRED;03_Cryptocurrencies/ETHUSD/07_GRID_SEPARATE/SELL_MULTI.set;0A03BCB124E6D4558F04BBA8A54DAEBE01713FB547871D1163AA603243244673
03_Cryptocurrencies;ETHUSD;07_GRID_SEPARATE;SELL;ICHIMOKU;19;78382080000;FAST_GENETIC;664086701;HEDGE_ACCOUNT_REQUIRED;03_Cryptocurrencies/ETHUSD/07_GRID_SEPARATE/SELL_ICHIMOKU.set;7F7A1FB3DA81373164433CA4CE1D276FAC3C60302C55EE69856937EC538851D6
03_Cryptocurrencies;ETHUSD;08_GRID_UNIFIED;BOTH;MULTI;21;17962560000000;FAST_GENETIC;617638260;HEDGE_ACCOUNT_REQUIRED;03_Cryptocurrencies/ETHUSD/08_GRID_UNIFIED/BOTH_MULTI.set;E6AD8084FB1B423742CE095931B4FBACDB464F8C137CFABE712D1FD6C56A0F42
03_Cryptocurrencies;ETHUSD;08_GRID_UNIFIED;BOTH;ICHIMOKU;20;391910400000;FAST_GENETIC;676417889;HEDGE_ACCOUNT_REQUIRED;03_Cryptocurrencies/ETHUSD/08_GRID_UNIFIED/BOTH_ICHIMOKU.set;B95800B3DE7DBCA3C6CFEA6D2B92994755F4485F79F6F5A7881EC0581E7FA01A
03_Cryptocurrencies;ETHUSD;09_MARTINGALE;BUY;MULTI;21;22353408000000;FAST_GENETIC;691885422;HIGH_RISK;03_Cryptocurrencies/ETHUSD/09_MARTINGALE/BUY_MULTI.set;D2ED3D4120FA2F1D928D30DF623E95109FB22AB037DE05ECB1BEF312A5F492E0
03_Cryptocurrencies;ETHUSD;09_MARTINGALE;BUY;ICHIMOKU;20;487710720000;FAST_GENETIC;697089126;HIGH_RISK;03_Cryptocurrencies/ETHUSD/09_MARTINGALE/BUY_ICHIMOKU.set;8A126F532D8B794A8DB61B265C1C5C06462FFCDABA208F78AA0BA9038A6EE78E
03_Cryptocurrencies;ETHUSD;09_MARTINGALE;SELL;MULTI;21;22353408000000;FAST_GENETIC;613857634;HIGH_RISK;03_Cryptocurrencies/ETHUSD/09_MARTINGALE/SELL_MULTI.set;5984DA1B022BF60F109F2CAC28591BEA59A9F9FB2D6CBAC9E3B4ECB3B4B2052F
03_Cryptocurrencies;ETHUSD;09_MARTINGALE;SELL;ICHIMOKU;20;487710720000;FAST_GENETIC;668890389;HIGH_RISK;03_Cryptocurrencies/ETHUSD/09_MARTINGALE/SELL_ICHIMOKU.set;FE0CAE3DB8DB56564CF55BAE77BF68C345ED39C71B243BEE85C380387B4B2C78
03_Cryptocurrencies;ETHUSD;10_DALEMBERT;BUY;MULTI;21;15966720000000;FAST_GENETIC;616380496;HIGH_RISK;03_Cryptocurrencies/ETHUSD/10_DALEMBERT/BUY_MULTI.set;1DC432942E50FD2C9294166E70255CB846201EF4F724B23AEA2DB052CD1B2266
03_Cryptocurrencies;ETHUSD;10_DALEMBERT;BUY;ICHIMOKU;20;348364800000;FAST_GENETIC;672938961;HIGH_RISK;03_Cryptocurrencies/ETHUSD/10_DALEMBERT/BUY_ICHIMOKU.set;BC06A9133E36FA44ABA2E39942FB83816C8039A3957097712434A495EB1EDD36
03_Cryptocurrencies;ETHUSD;10_DALEMBERT;SELL;MULTI;21;15966720000000;FAST_GENETIC;612660692;HIGH_RISK;03_Cryptocurrencies/ETHUSD/10_DALEMBERT/SELL_MULTI.set;787AAD7FD4B924F9F3201B5031AC922AF9BF584CACF592C7D7CEB3B6D5F205DB
03_Cryptocurrencies;ETHUSD;10_DALEMBERT;SELL;ICHIMOKU;20;348364800000;FAST_GENETIC;630375258;HIGH_RISK;03_Cryptocurrencies/ETHUSD/10_DALEMBERT/SELL_ICHIMOKU.set;BDA53717DBD5E20410B6FBBCD5B24AB25A92EC1E3C3A2A0F58ED9784510656A8
03_Cryptocurrencies;ETHUSD;11_SIGNAL_ONLY;BUY;MULTI;16;354816000;FAST_GENETIC;678660240;HIGH_RISK_RESEARCH;03_Cryptocurrencies/ETHUSD/11_SIGNAL_ONLY/BUY_MULTI.set;776EF4EC2B801D9E2DE6F02B3520B2A9829B61E521AF42431A1353A79705E985
03_Cryptocurrencies;ETHUSD;11_SIGNAL_ONLY;BUY;ICHIMOKU;15;7741440;FAST_GENETIC;672042536;HIGH_RISK_RESEARCH;03_Cryptocurrencies/ETHUSD/11_SIGNAL_ONLY/BUY_ICHIMOKU.set;8B3D9CAAD09AC14320909575DBDF9A59054354E0BD5B0A3734514E536DF2BE93
03_Cryptocurrencies;ETHUSD;11_SIGNAL_ONLY;SELL;MULTI;16;354816000;FAST_GENETIC;613030470;HIGH_RISK_RESEARCH;03_Cryptocurrencies/ETHUSD/11_SIGNAL_ONLY/SELL_MULTI.set;172FB94EC3026C6F6009F3FD9BC27848CC06E6E9E49BED06A2581DE892B72382
03_Cryptocurrencies;ETHUSD;11_SIGNAL_ONLY;SELL;ICHIMOKU;15;7741440;FAST_GENETIC;617021828;HIGH_RISK_RESEARCH;03_Cryptocurrencies/ETHUSD/11_SIGNAL_ONLY/SELL_ICHIMOKU.set;8152DED9A935DDDF99E80C062F44C0B96F40B8716E655CFBCB729B1A82CA0166
03_Cryptocurrencies;SOLUSD;01_SLTP;BUY;MULTI;19;798336000000;FAST_GENETIC;631308096;RESEARCH;03_Cryptocurrencies/SOLUSD/01_SLTP/BUY_MULTI.set;558BC427D5745524DFBFFBBAF9F0BF15243D083A2E3A2C292F82AA0D0549651F
03_Cryptocurrencies;SOLUSD;01_SLTP;BUY;ICHIMOKU;18;17418240000;FAST_GENETIC;664669781;RESEARCH;03_Cryptocurrencies/SOLUSD/01_SLTP/BUY_ICHIMOKU.set;9DEE1E930B7B1583B8CF803DE049998B95A6640D860D0F9CB0181B1A95330642
03_Cryptocurrencies;SOLUSD;01_SLTP;SELL;MULTI;19;798336000000;FAST_GENETIC;657760007;RESEARCH;03_Cryptocurrencies/SOLUSD/01_SLTP/SELL_MULTI.set;EBE702E8E34338C294613D621351F26842E26502474D503D16F4006C3E446626
03_Cryptocurrencies;SOLUSD;01_SLTP;SELL;ICHIMOKU;18;17418240000;FAST_GENETIC;655095253;RESEARCH;03_Cryptocurrencies/SOLUSD/01_SLTP/SELL_ICHIMOKU.set;F780C8D7201562F65F60EDD2543FF7D9733F563F591D40E0C2961EC54E11B213
03_Cryptocurrencies;SOLUSD;02_SLTP_ORGANIC;BUY;MULTI;19;798336000000;FAST_GENETIC;650738222;RESEARCH;03_Cryptocurrencies/SOLUSD/02_SLTP_ORGANIC/BUY_MULTI.set;4E2540E29C209B837E6C218AF52223977A238A2DA476FA6F50BB19BDC4B11F6A
03_Cryptocurrencies;SOLUSD;02_SLTP_ORGANIC;BUY;ICHIMOKU;18;17418240000;FAST_GENETIC;660391063;RESEARCH;03_Cryptocurrencies/SOLUSD/02_SLTP_ORGANIC/BUY_ICHIMOKU.set;5ACAA0BC6EC9E1C5DE4EBF76022081439189501C8CD61A246DC89006BB05D6D8
03_Cryptocurrencies;SOLUSD;02_SLTP_ORGANIC;SELL;MULTI;19;798336000000;FAST_GENETIC;624783107;RESEARCH;03_Cryptocurrencies/SOLUSD/02_SLTP_ORGANIC/SELL_MULTI.set;46DC2614FB9424A4543A5F860E553CC544EA8C6BBC6E8E61A1CB0A9EEFCE5669
03_Cryptocurrencies;SOLUSD;02_SLTP_ORGANIC;SELL;ICHIMOKU;18;17418240000;FAST_GENETIC;661999304;RESEARCH;03_Cryptocurrencies/SOLUSD/02_SLTP_ORGANIC/SELL_ICHIMOKU.set;D748D9246F219BE800B66FA38457F826CB216C1A74CF0D50E737B780BCE244A3
03_Cryptocurrencies;SOLUSD;03_TRAIL_ONLY;BUY;MULTI;20;2395008000000;FAST_GENETIC;698105911;RESEARCH;03_Cryptocurrencies/SOLUSD/03_TRAIL_ONLY/BUY_MULTI.set;838744C7A66C970BC03F932B542D70B8FE53A0E81F96ED509B61B5DA11279EE0
03_Cryptocurrencies;SOLUSD;03_TRAIL_ONLY;BUY;ICHIMOKU;19;52254720000;FAST_GENETIC;649864769;RESEARCH;03_Cryptocurrencies/SOLUSD/03_TRAIL_ONLY/BUY_ICHIMOKU.set;B5FA8C70D11C54760A3702018B2094F609DB7E81D81765BDE2E73C28ADBA5B0E
03_Cryptocurrencies;SOLUSD;03_TRAIL_ONLY;SELL;MULTI;20;2395008000000;FAST_GENETIC;667914015;RESEARCH;03_Cryptocurrencies/SOLUSD/03_TRAIL_ONLY/SELL_MULTI.set;2B5C47F212721F192EAE412723017C9ABF4AF44B43F15103FC5C2A684D405EEA
03_Cryptocurrencies;SOLUSD;03_TRAIL_ONLY;SELL;ICHIMOKU;19;52254720000;FAST_GENETIC;669096940;RESEARCH;03_Cryptocurrencies/SOLUSD/03_TRAIL_ONLY/SELL_ICHIMOKU.set;1D3E1BB66979697008AE651DF0D9620EC2BE8B3EA67FD335099C3D9ADA385993
03_Cryptocurrencies;SOLUSD;04_SLTP_TRAIL;BUY;MULTI;20;11975040000000;FAST_GENETIC;635073250;RESEARCH;03_Cryptocurrencies/SOLUSD/04_SLTP_TRAIL/BUY_MULTI.set;8F45AC0E476746D46E50AFA303EF8DF007C4D16A9841F11210C786D371CF0536
03_Cryptocurrencies;SOLUSD;04_SLTP_TRAIL;BUY;ICHIMOKU;19;261273600000;FAST_GENETIC;643233175;RESEARCH;03_Cryptocurrencies/SOLUSD/04_SLTP_TRAIL/BUY_ICHIMOKU.set;C0467F3657A2CC60B2A8E244421EFAB60876B3174F6DDE4ACAFB7637E21DE16F
03_Cryptocurrencies;SOLUSD;04_SLTP_TRAIL;SELL;MULTI;20;11975040000000;FAST_GENETIC;659706032;RESEARCH;03_Cryptocurrencies/SOLUSD/04_SLTP_TRAIL/SELL_MULTI.set;CEA30EBC2D470F1F9849F7EED029726025ABFAF99E403DBF35D8CCD10764B032
03_Cryptocurrencies;SOLUSD;04_SLTP_TRAIL;SELL;ICHIMOKU;19;261273600000;FAST_GENETIC;643558052;RESEARCH;03_Cryptocurrencies/SOLUSD/04_SLTP_TRAIL/SELL_ICHIMOKU.set;DF6E7A453615E8A396AE11817E0EE607C5EC7BC7ADDCA2AF0735E7BCEE823E8A
03_Cryptocurrencies;SOLUSD;05_BE_TRAIL;BUY;MULTI;19;1197504000000;FAST_GENETIC;611764854;RESEARCH;03_Cryptocurrencies/SOLUSD/05_BE_TRAIL/BUY_MULTI.set;DD7FDBA7005227BCD5B773E48AD651B8C4B9CECD79D6799D1077D088FC2D7ECB
03_Cryptocurrencies;SOLUSD;05_BE_TRAIL;BUY;ICHIMOKU;18;26127360000;FAST_GENETIC;650290542;RESEARCH;03_Cryptocurrencies/SOLUSD/05_BE_TRAIL/BUY_ICHIMOKU.set;457EB6DE156B2D1EAAEEEF57EB3F88F7325CCA53B083AFEAD3D45280F16CACF6
03_Cryptocurrencies;SOLUSD;05_BE_TRAIL;SELL;MULTI;19;1197504000000;FAST_GENETIC;631680068;RESEARCH;03_Cryptocurrencies/SOLUSD/05_BE_TRAIL/SELL_MULTI.set;15DCD68A7450A1324A5AC6E0ED9372B2F0A319F53F1F84AB656EFD88ACD5650D
03_Cryptocurrencies;SOLUSD;05_BE_TRAIL;SELL;ICHIMOKU;18;26127360000;FAST_GENETIC;676152547;RESEARCH;03_Cryptocurrencies/SOLUSD/05_BE_TRAIL/SELL_ICHIMOKU.set;95256C054A9B077A61953CD50EFD23FEB948CFB71EC1EA35F8EAD807F9AEE680
03_Cryptocurrencies;SOLUSD;06_REVERSAL_EXIT;BUY;MULTI;21;1916006400000;FAST_GENETIC;653836783;RESEARCH;03_Cryptocurrencies/SOLUSD/06_REVERSAL_EXIT/BUY_MULTI.set;1CA02BD734E786B4D4F77EFC5F4FEE8EE0E51073B6FD33F7DB098AEE40B7AA51
03_Cryptocurrencies;SOLUSD;06_REVERSAL_EXIT;BUY;ICHIMOKU;20;41803776000;FAST_GENETIC;629371698;RESEARCH;03_Cryptocurrencies/SOLUSD/06_REVERSAL_EXIT/BUY_ICHIMOKU.set;64F0F246AC4789760A9D3A2D78081A971695AEAB0CAD3E6BBA3BA666152DD889
03_Cryptocurrencies;SOLUSD;06_REVERSAL_EXIT;SELL;MULTI;21;1916006400000;FAST_GENETIC;659509810;RESEARCH;03_Cryptocurrencies/SOLUSD/06_REVERSAL_EXIT/SELL_MULTI.set;81A562FE690943BDE7E8497EE5849DCF1ED806DA11325059E2E09A1EB94526F5
03_Cryptocurrencies;SOLUSD;06_REVERSAL_EXIT;SELL;ICHIMOKU;20;41803776000;FAST_GENETIC;658972445;RESEARCH;03_Cryptocurrencies/SOLUSD/06_REVERSAL_EXIT/SELL_ICHIMOKU.set;1121EB8F3AF5056038D735100F3ADB47FF65A64C403B4CDE16EF7448309DE769
03_Cryptocurrencies;SOLUSD;07_GRID_SEPARATE;BUY;MULTI;20;3592512000000;FAST_GENETIC;644803157;HEDGE_ACCOUNT_REQUIRED;03_Cryptocurrencies/SOLUSD/07_GRID_SEPARATE/BUY_MULTI.set;1F063C6B4A64617DB8D9A07F8002482C6A412FE36DFEDBEDBB5391AE99E0D3B4
03_Cryptocurrencies;SOLUSD;07_GRID_SEPARATE;BUY;ICHIMOKU;19;78382080000;FAST_GENETIC;620059283;HEDGE_ACCOUNT_REQUIRED;03_Cryptocurrencies/SOLUSD/07_GRID_SEPARATE/BUY_ICHIMOKU.set;9B65F6E78C03BA028844C6EB9FDFF6FD6D5B795222AB2227DC6DF3A773B0883E
03_Cryptocurrencies;SOLUSD;07_GRID_SEPARATE;SELL;MULTI;20;3592512000000;FAST_GENETIC;689802923;HEDGE_ACCOUNT_REQUIRED;03_Cryptocurrencies/SOLUSD/07_GRID_SEPARATE/SELL_MULTI.set;DFEF4E57EE20895B45F4DC81463CAA539BA78EDD1FCCCD201C6EA4A0ADADE465
03_Cryptocurrencies;SOLUSD;07_GRID_SEPARATE;SELL;ICHIMOKU;19;78382080000;FAST_GENETIC;639179781;HEDGE_ACCOUNT_REQUIRED;03_Cryptocurrencies/SOLUSD/07_GRID_SEPARATE/SELL_ICHIMOKU.set;1FCC017586858CF3E738FEF32829517A403595A50F10A7D7AA9AA48AB369A4E1
03_Cryptocurrencies;SOLUSD;08_GRID_UNIFIED;BOTH;MULTI;21;17962560000000;FAST_GENETIC;662017428;HEDGE_ACCOUNT_REQUIRED;03_Cryptocurrencies/SOLUSD/08_GRID_UNIFIED/BOTH_MULTI.set;C45CB618E38AB530978A4611BB6B26D8307EC5B52BB4BEDD6EC0B207B5AF828C
03_Cryptocurrencies;SOLUSD;08_GRID_UNIFIED;BOTH;ICHIMOKU;20;391910400000;FAST_GENETIC;670537574;HEDGE_ACCOUNT_REQUIRED;03_Cryptocurrencies/SOLUSD/08_GRID_UNIFIED/BOTH_ICHIMOKU.set;CC81F07AF74C834FD91C8DF33003CF615E254CFD0998C2F2ED4DD886254EE61D
03_Cryptocurrencies;SOLUSD;09_MARTINGALE;BUY;MULTI;21;22353408000000;FAST_GENETIC;672578351;HIGH_RISK;03_Cryptocurrencies/SOLUSD/09_MARTINGALE/BUY_MULTI.set;83F8736F66A8F3D1D16C76095635EEA881A7E9D770DD65EF7CA27381F0B2D50B
03_Cryptocurrencies;SOLUSD;09_MARTINGALE;BUY;ICHIMOKU;20;487710720000;FAST_GENETIC;627671123;HIGH_RISK;03_Cryptocurrencies/SOLUSD/09_MARTINGALE/BUY_ICHIMOKU.set;2C48467359F328F5D72BE92B8C5FC8072A79D6E9BC5985BB060CB15E948A39D1
03_Cryptocurrencies;SOLUSD;09_MARTINGALE;SELL;MULTI;21;22353408000000;FAST_GENETIC;668288889;HIGH_RISK;03_Cryptocurrencies/SOLUSD/09_MARTINGALE/SELL_MULTI.set;DECF4EC62F923213D89500A4D4C5F5D5C4B2D036C67FCBEEA5EAE0468D7043EF
03_Cryptocurrencies;SOLUSD;09_MARTINGALE;SELL;ICHIMOKU;20;487710720000;FAST_GENETIC;626940481;HIGH_RISK;03_Cryptocurrencies/SOLUSD/09_MARTINGALE/SELL_ICHIMOKU.set;4349A4582332DB6AFBB43BBA16153A72FB3C1D6B78B612156811E5D63BCB78A5
03_Cryptocurrencies;SOLUSD;10_DALEMBERT;BUY;MULTI;21;15966720000000;FAST_GENETIC;685879316;HIGH_RISK;03_Cryptocurrencies/SOLUSD/10_DALEMBERT/BUY_MULTI.set;CDF0A638DBE5131D4FDA07EDFFB17671C073242BF7BBF8E25B86E5A8C509F435
03_Cryptocurrencies;SOLUSD;10_DALEMBERT;BUY;ICHIMOKU;20;348364800000;FAST_GENETIC;627971842;HIGH_RISK;03_Cryptocurrencies/SOLUSD/10_DALEMBERT/BUY_ICHIMOKU.set;3C85414A80BC459EC03F0510FC238655A4768A2A77112D1B2BC52BC5F764BBDD
03_Cryptocurrencies;SOLUSD;10_DALEMBERT;SELL;MULTI;21;15966720000000;FAST_GENETIC;699292675;HIGH_RISK;03_Cryptocurrencies/SOLUSD/10_DALEMBERT/SELL_MULTI.set;E33CC06AE6BAB3CD05F67705CAC50F494C1C92D1303910C02E2AC7242FC30B2D
03_Cryptocurrencies;SOLUSD;10_DALEMBERT;SELL;ICHIMOKU;20;348364800000;FAST_GENETIC;629222337;HIGH_RISK;03_Cryptocurrencies/SOLUSD/10_DALEMBERT/SELL_ICHIMOKU.set;55BECF278404386804D640066F194F30B523460F07FE1B47ADB7D65A1ECAD80A
03_Cryptocurrencies;SOLUSD;11_SIGNAL_ONLY;BUY;MULTI;16;354816000;FAST_GENETIC;611814135;HIGH_RISK_RESEARCH;03_Cryptocurrencies/SOLUSD/11_SIGNAL_ONLY/BUY_MULTI.set;3104A43C5FA491C5DD06C672E12C78E91B02F59F8D525F48006F609E7034B61A
03_Cryptocurrencies;SOLUSD;11_SIGNAL_ONLY;BUY;ICHIMOKU;15;7741440;FAST_GENETIC;640262826;HIGH_RISK_RESEARCH;03_Cryptocurrencies/SOLUSD/11_SIGNAL_ONLY/BUY_ICHIMOKU.set;67AAEC63112F9A29E9B18144FAB7D12DEEAEE4DE51C35022DD0F4FB17DCBC12E
03_Cryptocurrencies;SOLUSD;11_SIGNAL_ONLY;SELL;MULTI;16;354816000;FAST_GENETIC;679952620;HIGH_RISK_RESEARCH;03_Cryptocurrencies/SOLUSD/11_SIGNAL_ONLY/SELL_MULTI.set;A36432AFDC32D964CEBD9971305A93E0FAA701E3431B3C7DB72FAC92EBEFC65A
03_Cryptocurrencies;SOLUSD;11_SIGNAL_ONLY;SELL;ICHIMOKU;15;7741440;FAST_GENETIC;619453693;HIGH_RISK_RESEARCH;03_Cryptocurrencies/SOLUSD/11_SIGNAL_ONLY/SELL_ICHIMOKU.set;DE081F635A71A555C8F552AC520D4C9F1A3CF800EFD55C9137E5B550AC7B88E9
03_Cryptocurrencies;XRPUSD;01_SLTP;BUY;MULTI;19;798336000000;FAST_GENETIC;687288588;RESEARCH;03_Cryptocurrencies/XRPUSD/01_SLTP/BUY_MULTI.set;2060183DF495B1EDFD2A3641D0C3C9E903D52199BCE6BD5BC792972CF85CC957
03_Cryptocurrencies;XRPUSD;01_SLTP;BUY;ICHIMOKU;18;17418240000;FAST_GENETIC;650802660;RESEARCH;03_Cryptocurrencies/XRPUSD/01_SLTP/BUY_ICHIMOKU.set;F9358EDC57FE5CB2905DD50830FB7E616E4CA27883D31150C1327F523BB7D44C
03_Cryptocurrencies;XRPUSD;01_SLTP;SELL;MULTI;19;798336000000;FAST_GENETIC;693850983;RESEARCH;03_Cryptocurrencies/XRPUSD/01_SLTP/SELL_MULTI.set;B335CCF35012BBBF992731476AB6CD7DD93425C1005E0430AFC89D5D0B4F30D3
03_Cryptocurrencies;XRPUSD;01_SLTP;SELL;ICHIMOKU;18;17418240000;FAST_GENETIC;627894933;RESEARCH;03_Cryptocurrencies/XRPUSD/01_SLTP/SELL_ICHIMOKU.set;50877056794213E1BD9EA976ADAC7EA64DB1294327228082C61CA8CDC544383C
03_Cryptocurrencies;XRPUSD;02_SLTP_ORGANIC;BUY;MULTI;19;798336000000;FAST_GENETIC;613708400;RESEARCH;03_Cryptocurrencies/XRPUSD/02_SLTP_ORGANIC/BUY_MULTI.set;64D1DC55533D2B57F0CE0D0DA7CA883492067DBFB39D85853830C731C9ACC353
03_Cryptocurrencies;XRPUSD;02_SLTP_ORGANIC;BUY;ICHIMOKU;18;17418240000;FAST_GENETIC;683326975;RESEARCH;03_Cryptocurrencies/XRPUSD/02_SLTP_ORGANIC/BUY_ICHIMOKU.set;2C7019C93CC9FEE1B8BA208FC3C3337CC9FEC85987FD058B9ACD74BCC770D987
03_Cryptocurrencies;XRPUSD;02_SLTP_ORGANIC;SELL;MULTI;19;798336000000;FAST_GENETIC;686788820;RESEARCH;03_Cryptocurrencies/XRPUSD/02_SLTP_ORGANIC/SELL_MULTI.set;CD5FFF2813D41CB1715C89C55CD2DE28BD0445384359A78668EC897911361645
03_Cryptocurrencies;XRPUSD;02_SLTP_ORGANIC;SELL;ICHIMOKU;18;17418240000;FAST_GENETIC;649948757;RESEARCH;03_Cryptocurrencies/XRPUSD/02_SLTP_ORGANIC/SELL_ICHIMOKU.set;822F4CC88EE84E83BF4F3B91AA9A69BE19265D73CDB215E1B7165AC72098982B
03_Cryptocurrencies;XRPUSD;03_TRAIL_ONLY;BUY;MULTI;20;2395008000000;FAST_GENETIC;647223157;RESEARCH;03_Cryptocurrencies/XRPUSD/03_TRAIL_ONLY/BUY_MULTI.set;0ADCB48D436FE8E2F8783B2D6F997AB7C9903BC7BC5277281D45DDDDD5C72E41
03_Cryptocurrencies;XRPUSD;03_TRAIL_ONLY;BUY;ICHIMOKU;19;52254720000;FAST_GENETIC;652532747;RESEARCH;03_Cryptocurrencies/XRPUSD/03_TRAIL_ONLY/BUY_ICHIMOKU.set;76CC4647A36E342D6A0F9190D677B4586B3F11D40F9912A3329D3C3C24A4B700
03_Cryptocurrencies;XRPUSD;03_TRAIL_ONLY;SELL;MULTI;20;2395008000000;FAST_GENETIC;680410169;RESEARCH;03_Cryptocurrencies/XRPUSD/03_TRAIL_ONLY/SELL_MULTI.set;CB21018615F97A73AB96376EFF446FE32D58C952BCD1478F2C35C6B052034123
03_Cryptocurrencies;XRPUSD;03_TRAIL_ONLY;SELL;ICHIMOKU;19;52254720000;FAST_GENETIC;668950252;RESEARCH;03_Cryptocurrencies/XRPUSD/03_TRAIL_ONLY/SELL_ICHIMOKU.set;5CE0798FCFD40ADA3CE316E20C8AC59D64A5DABB28107F0578D033EEBBC0E0AC
03_Cryptocurrencies;XRPUSD;04_SLTP_TRAIL;BUY;MULTI;20;11975040000000;FAST_GENETIC;666295724;RESEARCH;03_Cryptocurrencies/XRPUSD/04_SLTP_TRAIL/BUY_MULTI.set;953A1D71D326C56E1CDC1982647DA93F58049B7F2D9BE2B274639135E0F7FCCD
03_Cryptocurrencies;XRPUSD;04_SLTP_TRAIL;BUY;ICHIMOKU;19;261273600000;FAST_GENETIC;624842460;RESEARCH;03_Cryptocurrencies/XRPUSD/04_SLTP_TRAIL/BUY_ICHIMOKU.set;96F1B614A8C0CF0EC1FEE48111E98D5C4CF467284860A64C0E2A5AD4D95D176B
03_Cryptocurrencies;XRPUSD;04_SLTP_TRAIL;SELL;MULTI;20;11975040000000;FAST_GENETIC;617933592;RESEARCH;03_Cryptocurrencies/XRPUSD/04_SLTP_TRAIL/SELL_MULTI.set;9E8BEA7624AB4B0865865D0BC54CE09E004749E8DF948E4FA9C2A5E230F9CDD7
03_Cryptocurrencies;XRPUSD;04_SLTP_TRAIL;SELL;ICHIMOKU;19;261273600000;FAST_GENETIC;678152843;RESEARCH;03_Cryptocurrencies/XRPUSD/04_SLTP_TRAIL/SELL_ICHIMOKU.set;21DCF86BC7919F0BD3D32F615F17C916C6A5F4F7FDAD9B9602F7D3F81AAA565E
03_Cryptocurrencies;XRPUSD;05_BE_TRAIL;BUY;MULTI;19;1197504000000;FAST_GENETIC;631688959;RESEARCH;03_Cryptocurrencies/XRPUSD/05_BE_TRAIL/BUY_MULTI.set;A3736B53FA004FC9982989AFAB0D3F156A59EA08BA134F0ACF01CF475C5BF733
03_Cryptocurrencies;XRPUSD;05_BE_TRAIL;BUY;ICHIMOKU;18;26127360000;FAST_GENETIC;674642818;RESEARCH;03_Cryptocurrencies/XRPUSD/05_BE_TRAIL/BUY_ICHIMOKU.set;EA226AF563734CA340A3A61C7B6BF2F2C1899A80884580B7E7CF7BC8615FCA7B
03_Cryptocurrencies;XRPUSD;05_BE_TRAIL;SELL;MULTI;19;1197504000000;FAST_GENETIC;691732466;RESEARCH;03_Cryptocurrencies/XRPUSD/05_BE_TRAIL/SELL_MULTI.set;B646287E9C278571D3A1A222D8B579C403BF4A8513F61549E4AA76E1E27A4258
03_Cryptocurrencies;XRPUSD;05_BE_TRAIL;SELL;ICHIMOKU;18;26127360000;FAST_GENETIC;631821145;RESEARCH;03_Cryptocurrencies/XRPUSD/05_BE_TRAIL/SELL_ICHIMOKU.set;B866C95D3C912108C5F379988E5792CE695D0E2B8D67A4C4A68B3552263D9F66
03_Cryptocurrencies;XRPUSD;06_REVERSAL_EXIT;BUY;MULTI;21;1916006400000;FAST_GENETIC;697255895;RESEARCH;03_Cryptocurrencies/XRPUSD/06_REVERSAL_EXIT/BUY_MULTI.set;BC84AD2D87FCAED07630315AF85C3A063E8D99DFCD77E1067F85F7A974DB3599
03_Cryptocurrencies;XRPUSD;06_REVERSAL_EXIT;BUY;ICHIMOKU;20;41803776000;FAST_GENETIC;639910677;RESEARCH;03_Cryptocurrencies/XRPUSD/06_REVERSAL_EXIT/BUY_ICHIMOKU.set;4FB3DA04C4B7A73A09B25339CD704FC6689B8475FBEF3AC17F4E8E6E7EF20205
03_Cryptocurrencies;XRPUSD;06_REVERSAL_EXIT;SELL;MULTI;21;1916006400000;FAST_GENETIC;666919665;RESEARCH;03_Cryptocurrencies/XRPUSD/06_REVERSAL_EXIT/SELL_MULTI.set;3918A0B602EA497DE600CFFEDFDB9BAAD3C2CFB90B4E0D546E44C32A7E71898A
03_Cryptocurrencies;XRPUSD;06_REVERSAL_EXIT;SELL;ICHIMOKU;20;41803776000;FAST_GENETIC;691768430;RESEARCH;03_Cryptocurrencies/XRPUSD/06_REVERSAL_EXIT/SELL_ICHIMOKU.set;19E1B0CB14E64A5DF19B239ACB668D0427C9D02581464243BFAA109204E023C8
03_Cryptocurrencies;XRPUSD;07_GRID_SEPARATE;BUY;MULTI;20;3592512000000;FAST_GENETIC;661694735;HEDGE_ACCOUNT_REQUIRED;03_Cryptocurrencies/XRPUSD/07_GRID_SEPARATE/BUY_MULTI.set;504EDF1477333F92983B7427948B214E56264E129301446901B70D9BAE20BD26
03_Cryptocurrencies;XRPUSD;07_GRID_SEPARATE;BUY;ICHIMOKU;19;78382080000;FAST_GENETIC;616140106;HEDGE_ACCOUNT_REQUIRED;03_Cryptocurrencies/XRPUSD/07_GRID_SEPARATE/BUY_ICHIMOKU.set;70091A1F3F87D6283006BFAE7D9807E11174EDC9E7870E760C7CAC37601929C0
03_Cryptocurrencies;XRPUSD;07_GRID_SEPARATE;SELL;MULTI;20;3592512000000;FAST_GENETIC;661867881;HEDGE_ACCOUNT_REQUIRED;03_Cryptocurrencies/XRPUSD/07_GRID_SEPARATE/SELL_MULTI.set;A80A49254F300CC7B1D8EA11A27180E422B6C2CAB9CF0000EE0F5A20D1164A4F
03_Cryptocurrencies;XRPUSD;07_GRID_SEPARATE;SELL;ICHIMOKU;19;78382080000;FAST_GENETIC;697111154;HEDGE_ACCOUNT_REQUIRED;03_Cryptocurrencies/XRPUSD/07_GRID_SEPARATE/SELL_ICHIMOKU.set;150A0251C1C1D36E4897BEAC67D7D5E42084FE4B2229A20CAC336D13D088E9FE
03_Cryptocurrencies;XRPUSD;08_GRID_UNIFIED;BOTH;MULTI;21;17962560000000;FAST_GENETIC;614047807;HEDGE_ACCOUNT_REQUIRED;03_Cryptocurrencies/XRPUSD/08_GRID_UNIFIED/BOTH_MULTI.set;74ADAB22D91F78D97E309D2F4B9894DBC6019BB8812C7FE5855A50C7970199D8
03_Cryptocurrencies;XRPUSD;08_GRID_UNIFIED;BOTH;ICHIMOKU;20;391910400000;FAST_GENETIC;663855018;HEDGE_ACCOUNT_REQUIRED;03_Cryptocurrencies/XRPUSD/08_GRID_UNIFIED/BOTH_ICHIMOKU.set;D12DE5B0707AA9399E0082F5B4D0163EAC8FD043B99EA9F472D7C8D39710ED67
03_Cryptocurrencies;XRPUSD;09_MARTINGALE;BUY;MULTI;21;22353408000000;FAST_GENETIC;618737076;HIGH_RISK;03_Cryptocurrencies/XRPUSD/09_MARTINGALE/BUY_MULTI.set;62C5CB9AC7B4EF707CFDF858D49EB537965DDA242A0BC069704785D12686540A
03_Cryptocurrencies;XRPUSD;09_MARTINGALE;BUY;ICHIMOKU;20;487710720000;FAST_GENETIC;697883801;HIGH_RISK;03_Cryptocurrencies/XRPUSD/09_MARTINGALE/BUY_ICHIMOKU.set;CAA0FCDF6719288AB13A2C8FEC421217769C7DFF9E50DE7AF2ECA09F55ADA2E9
03_Cryptocurrencies;XRPUSD;09_MARTINGALE;SELL;MULTI;21;22353408000000;FAST_GENETIC;630445822;HIGH_RISK;03_Cryptocurrencies/XRPUSD/09_MARTINGALE/SELL_MULTI.set;8319BE3370C4DEE621D47CC1086FA0B0FD375BF829D73ADAF64089F75CA5B089
03_Cryptocurrencies;XRPUSD;09_MARTINGALE;SELL;ICHIMOKU;20;487710720000;FAST_GENETIC;685377729;HIGH_RISK;03_Cryptocurrencies/XRPUSD/09_MARTINGALE/SELL_ICHIMOKU.set;BA7A4B912E46DD28534316120DB9461B6227907F98F93670E7F0D10E2FCB5A10
03_Cryptocurrencies;XRPUSD;10_DALEMBERT;BUY;MULTI;21;15966720000000;FAST_GENETIC;610785536;HIGH_RISK;03_Cryptocurrencies/XRPUSD/10_DALEMBERT/BUY_MULTI.set;AA68B799C141BA8469D68039CE0864CD72858418EBBDFE9C10512E7692496AFE
03_Cryptocurrencies;XRPUSD;10_DALEMBERT;BUY;ICHIMOKU;20;348364800000;FAST_GENETIC;680736398;HIGH_RISK;03_Cryptocurrencies/XRPUSD/10_DALEMBERT/BUY_ICHIMOKU.set;D2531FCA6DFB46986832E2655AF4867A39A359074779B1E16AD180422D03417A
03_Cryptocurrencies;XRPUSD;10_DALEMBERT;SELL;MULTI;21;15966720000000;FAST_GENETIC;654010454;HIGH_RISK;03_Cryptocurrencies/XRPUSD/10_DALEMBERT/SELL_MULTI.set;6E437BA690D38178581A17CBEBAFF501DE0079DC3AB5BCA88E91925783E7C8FF
03_Cryptocurrencies;XRPUSD;10_DALEMBERT;SELL;ICHIMOKU;20;348364800000;FAST_GENETIC;619730693;HIGH_RISK;03_Cryptocurrencies/XRPUSD/10_DALEMBERT/SELL_ICHIMOKU.set;C9AE09CA36337D9C2974D786962E3DF55A64B771B51C9C30758D3CA8A3B4F269
03_Cryptocurrencies;XRPUSD;11_SIGNAL_ONLY;BUY;MULTI;16;354816000;FAST_GENETIC;681123681;HIGH_RISK_RESEARCH;03_Cryptocurrencies/XRPUSD/11_SIGNAL_ONLY/BUY_MULTI.set;76D51C2542B8BFE2636EB530716EE467B768AA53EE2B24369B8C9924E73B9217
03_Cryptocurrencies;XRPUSD;11_SIGNAL_ONLY;BUY;ICHIMOKU;15;7741440;FAST_GENETIC;662433172;HIGH_RISK_RESEARCH;03_Cryptocurrencies/XRPUSD/11_SIGNAL_ONLY/BUY_ICHIMOKU.set;9AB31A5BAC4E07A3A42862DC29E115C644D628FBC15D5653E3F7DF17CC7A6D21
03_Cryptocurrencies;XRPUSD;11_SIGNAL_ONLY;SELL;MULTI;16;354816000;FAST_GENETIC;677540314;HIGH_RISK_RESEARCH;03_Cryptocurrencies/XRPUSD/11_SIGNAL_ONLY/SELL_MULTI.set;726C6A3EC4E28B14DF03F44859A9D10FB49E3097DBEAFBFF4386FA460145A672
03_Cryptocurrencies;XRPUSD;11_SIGNAL_ONLY;SELL;ICHIMOKU;15;7741440;FAST_GENETIC;653027928;HIGH_RISK_RESEARCH;03_Cryptocurrencies/XRPUSD/11_SIGNAL_ONLY/SELL_ICHIMOKU.set;E5A24CED13347CF27579F364E4CEA777D6AA1CDB1E08DFD27F1B526E6BC392C8
04_Indices_Energies;BRENT;01_SLTP;BUY;MULTI;19;655699968000;FAST_GENETIC;693448103;RESEARCH;04_Indices_Energies/BRENT/01_SLTP/BUY_MULTI.set;0ED1AAF26B16AE70C0D55800212E519FA09980A307468AD20593F20E3B0FC71E
04_Indices_Energies;BRENT;01_SLTP;BUY;ICHIMOKU;18;14306181120;FAST_GENETIC;698950752;RESEARCH;04_Indices_Energies/BRENT/01_SLTP/BUY_ICHIMOKU.set;7B708EF82987061F3AA18800BFCFA600166A445A3DBE4379CB3C04EA28481A0F
04_Indices_Energies;BRENT;01_SLTP;SELL;MULTI;19;655699968000;FAST_GENETIC;650756847;RESEARCH;04_Indices_Energies/BRENT/01_SLTP/SELL_MULTI.set;1AF819484190F9956BAB974AB3AF2313B88817EF5EB0B279BDDEDB353B9BA898
04_Indices_Energies;BRENT;01_SLTP;SELL;ICHIMOKU;18;14306181120;FAST_GENETIC;646284492;RESEARCH;04_Indices_Energies/BRENT/01_SLTP/SELL_ICHIMOKU.set;BBADE9976462EB516F39A1CDEA43B3F354A98F263485CCDD20921A5A12139922
04_Indices_Energies;BRENT;02_SLTP_ORGANIC;BUY;MULTI;19;655699968000;FAST_GENETIC;652410327;RESEARCH;04_Indices_Energies/BRENT/02_SLTP_ORGANIC/BUY_MULTI.set;1E8184C034A40B02965402EDBFCAC2E76E0C5D234A896AF2A4CF34F8920C4A68
04_Indices_Energies;BRENT;02_SLTP_ORGANIC;BUY;ICHIMOKU;18;14306181120;FAST_GENETIC;686219003;RESEARCH;04_Indices_Energies/BRENT/02_SLTP_ORGANIC/BUY_ICHIMOKU.set;9A387EB054FF3D97A3464274DCE0EBA1BBF72D5B3BB72015C84FBBA635411C88
04_Indices_Energies;BRENT;02_SLTP_ORGANIC;SELL;MULTI;19;655699968000;FAST_GENETIC;641695497;RESEARCH;04_Indices_Energies/BRENT/02_SLTP_ORGANIC/SELL_MULTI.set;34E97047D386D0DCD138AADEB5F62A30CFC487D2251731B5D8E2B18C4B658BA3
04_Indices_Energies;BRENT;02_SLTP_ORGANIC;SELL;ICHIMOKU;18;14306181120;FAST_GENETIC;637587177;RESEARCH;04_Indices_Energies/BRENT/02_SLTP_ORGANIC/SELL_ICHIMOKU.set;870468F91F6957FBDEBE19DDDB8C51407B2E03CBA46BC214BB99A4A7F2BC174E
04_Indices_Energies;BRENT;03_TRAIL_ONLY;BUY;MULTI;20;2086318080000;FAST_GENETIC;640498328;RESEARCH;04_Indices_Energies/BRENT/03_TRAIL_ONLY/BUY_MULTI.set;11157AD6423E3A3756DFA4535E70821455E87D04FFE2DFFF9F6CCC8F84A8BFE6
04_Indices_Energies;BRENT;03_TRAIL_ONLY;BUY;ICHIMOKU;19;45519667200;FAST_GENETIC;693100269;RESEARCH;04_Indices_Energies/BRENT/03_TRAIL_ONLY/BUY_ICHIMOKU.set;07F31E89F16253E95F38E3EB2D006AED6D48E748A95502CEA99ACBAE7FAC599B
04_Indices_Energies;BRENT;03_TRAIL_ONLY;SELL;MULTI;20;2086318080000;FAST_GENETIC;667095549;RESEARCH;04_Indices_Energies/BRENT/03_TRAIL_ONLY/SELL_MULTI.set;8DF15B306FADF8D2AF389D9447E12733BB160B4DBF5FA638A7CCEA418ADE6295
04_Indices_Energies;BRENT;03_TRAIL_ONLY;SELL;ICHIMOKU;19;45519667200;FAST_GENETIC;640758442;RESEARCH;04_Indices_Energies/BRENT/03_TRAIL_ONLY/SELL_ICHIMOKU.set;7668C9B58A79A588BB73A5D325B5A311FDF42BF7F139AA36CD71D0932AC624C1
04_Indices_Energies;BRENT;04_SLTP_TRAIL;BUY;MULTI;20;9179799552000;FAST_GENETIC;622092539;RESEARCH;04_Indices_Energies/BRENT/04_SLTP_TRAIL/BUY_MULTI.set;237A3F2D67579009B1660E748813A2C72E5D8B00CC55580E340EA16183D79DBF
04_Indices_Energies;BRENT;04_SLTP_TRAIL;BUY;ICHIMOKU;19;200286535680;FAST_GENETIC;656435613;RESEARCH;04_Indices_Energies/BRENT/04_SLTP_TRAIL/BUY_ICHIMOKU.set;D270BFAED93DC11377B3DA90136C92CE125AA8AFC34FCB57CCB9E9D66AE56346
04_Indices_Energies;BRENT;04_SLTP_TRAIL;SELL;MULTI;20;9179799552000;FAST_GENETIC;643958207;RESEARCH;04_Indices_Energies/BRENT/04_SLTP_TRAIL/SELL_MULTI.set;86D48DBBC8AFE11320EDD54E188EB2F81D27EDF5F941B563A180EC7E6C303D97
04_Indices_Energies;BRENT;04_SLTP_TRAIL;SELL;ICHIMOKU;19;200286535680;FAST_GENETIC;699039932;RESEARCH;04_Indices_Energies/BRENT/04_SLTP_TRAIL/SELL_ICHIMOKU.set;04A6C0CF50A5CDB70B72AD74BCE6B40D1B99D691CF1D40F08478AB25C0FEF5F2
04_Indices_Energies;BRENT;05_BE_TRAIL;BUY;MULTI;19;1043159040000;FAST_GENETIC;678768545;RESEARCH;04_Indices_Energies/BRENT/05_BE_TRAIL/BUY_MULTI.set;40ABFF90AC6FC5A23E584728F6FCF034D2ABA7D32679B8A1FF4B422763500D9E
04_Indices_Energies;BRENT;05_BE_TRAIL;BUY;ICHIMOKU;18;22759833600;FAST_GENETIC;617304950;RESEARCH;04_Indices_Energies/BRENT/05_BE_TRAIL/BUY_ICHIMOKU.set;6ED6E45927A30706EEE080C04C4C2209A6DE058D8249C1CCAFCA3F298FE2C2A8
04_Indices_Energies;BRENT;05_BE_TRAIL;SELL;MULTI;19;1043159040000;FAST_GENETIC;685154514;RESEARCH;04_Indices_Energies/BRENT/05_BE_TRAIL/SELL_MULTI.set;0903585787241D927CACA9046118465567B071564F7416626C808FE54AC4BE99
04_Indices_Energies;BRENT;05_BE_TRAIL;SELL;ICHIMOKU;18;22759833600;FAST_GENETIC;660315630;RESEARCH;04_Indices_Energies/BRENT/05_BE_TRAIL/SELL_ICHIMOKU.set;8BD5EA9341CE37CE190098C2708128CB974A8E621210F045FA086B7A51B6BB77
04_Indices_Energies;BRENT;06_REVERSAL_EXIT;BUY;MULTI;21;1669054464000;FAST_GENETIC;685695752;RESEARCH;04_Indices_Energies/BRENT/06_REVERSAL_EXIT/BUY_MULTI.set;C3FFB29F1FB7C5869391CE7B75A23A60B585325D5D5077879192D5A323D9BD30
04_Indices_Energies;BRENT;06_REVERSAL_EXIT;BUY;ICHIMOKU;20;36415733760;FAST_GENETIC;658798868;RESEARCH;04_Indices_Energies/BRENT/06_REVERSAL_EXIT/BUY_ICHIMOKU.set;3217C620D8A93DCF51D97BA91B7376D51601B59A75972DD4710E37F649A2F395
04_Indices_Energies;BRENT;06_REVERSAL_EXIT;SELL;MULTI;21;1669054464000;FAST_GENETIC;678005947;RESEARCH;04_Indices_Energies/BRENT/06_REVERSAL_EXIT/SELL_MULTI.set;83A40A641B412C1AF755E4358E00DB869038A2A6F3234A6D54D5A6BB8A995761
04_Indices_Energies;BRENT;06_REVERSAL_EXIT;SELL;ICHIMOKU;20;36415733760;FAST_GENETIC;655832744;RESEARCH;04_Indices_Energies/BRENT/06_REVERSAL_EXIT/SELL_ICHIMOKU.set;1933F687376BC2B42492CF0DE848DDA1183761AD32EEA9BCC5CC44107ABD2224
04_Indices_Energies;BRENT;07_GRID_SEPARATE;BUY;MULTI;20;3161410560000;FAST_GENETIC;646442366;HEDGE_ACCOUNT_REQUIRED;04_Indices_Energies/BRENT/07_GRID_SEPARATE/BUY_MULTI.set;EFC23D32A2AF1EFB90EC796183FB78275EF17367C9183723C9E69B3B294B2ACE
04_Indices_Energies;BRENT;07_GRID_SEPARATE;BUY;ICHIMOKU;19;68976230400;FAST_GENETIC;626817725;HEDGE_ACCOUNT_REQUIRED;04_Indices_Energies/BRENT/07_GRID_SEPARATE/BUY_ICHIMOKU.set;7BDD12C8DDA089B2DAFA1B821D2DC5436CF6A27D34C0F9849EDA939D1E0D4F93
04_Indices_Energies;BRENT;07_GRID_SEPARATE;SELL;MULTI;20;3161410560000;FAST_GENETIC;699482301;HEDGE_ACCOUNT_REQUIRED;04_Indices_Energies/BRENT/07_GRID_SEPARATE/SELL_MULTI.set;9C2F6B142C73D20721113556411717CADA3C4340E8293FF98319294AF2789608
04_Indices_Energies;BRENT;07_GRID_SEPARATE;SELL;ICHIMOKU;19;68976230400;FAST_GENETIC;694067434;HEDGE_ACCOUNT_REQUIRED;04_Indices_Energies/BRENT/07_GRID_SEPARATE/SELL_ICHIMOKU.set;44510D2BC1272C0521E0D77D950B6383A26FA9D128C860E24BE7CC161A444706
04_Indices_Energies;BRENT;08_GRID_UNIFIED;BOTH;MULTI;21;15807052800000;FAST_GENETIC;644727990;HEDGE_ACCOUNT_REQUIRED;04_Indices_Energies/BRENT/08_GRID_UNIFIED/BOTH_MULTI.set;A302FCAD6838811CDED4C7B2F3CA5ADC36239F3988997735622AD58341C4B7E1
04_Indices_Energies;BRENT;08_GRID_UNIFIED;BOTH;ICHIMOKU;20;344881152000;FAST_GENETIC;671991926;HEDGE_ACCOUNT_REQUIRED;04_Indices_Energies/BRENT/08_GRID_UNIFIED/BOTH_ICHIMOKU.set;91D50854FEC84A4351DCDE13A41FA34E4BF893E0C618A4F96731433CD51CD979
04_Indices_Energies;BRENT;09_MARTINGALE;BUY;MULTI;21;18359599104000;FAST_GENETIC;667972884;HIGH_RISK;04_Indices_Energies/BRENT/09_MARTINGALE/BUY_MULTI.set;C7F9425194FDA9928B313E8525786839D33166ADA16404A8807240AA226FEA80
04_Indices_Energies;BRENT;09_MARTINGALE;BUY;ICHIMOKU;20;400573071360;FAST_GENETIC;662954700;HIGH_RISK;04_Indices_Energies/BRENT/09_MARTINGALE/BUY_ICHIMOKU.set;ADB85C45ABA1D82F02F4B39B432B4BE8749935B6F144EAA24B48ECFA00B46756
04_Indices_Energies;BRENT;09_MARTINGALE;SELL;MULTI;21;18359599104000;FAST_GENETIC;616499677;HIGH_RISK;04_Indices_Energies/BRENT/09_MARTINGALE/SELL_MULTI.set;76E09B6D606D7D35358400FAB26F971A5A8A50F8F39049834CAF974C88E94074
04_Indices_Energies;BRENT;09_MARTINGALE;SELL;ICHIMOKU;20;400573071360;FAST_GENETIC;695880184;HIGH_RISK;04_Indices_Energies/BRENT/09_MARTINGALE/SELL_ICHIMOKU.set;986036768DD81EC256107249F494C96650FDF62401A6F83B32996356F11F061A
04_Indices_Energies;BRENT;10_DALEMBERT;BUY;MULTI;21;13113999360000;FAST_GENETIC;616141345;HIGH_RISK;04_Indices_Energies/BRENT/10_DALEMBERT/BUY_MULTI.set;E27A671C4AD98593FA8F671BEFAA320BEC65E607BD68855287327F9BF16B349D
04_Indices_Energies;BRENT;10_DALEMBERT;BUY;ICHIMOKU;20;286123622400;FAST_GENETIC;624981752;HIGH_RISK;04_Indices_Energies/BRENT/10_DALEMBERT/BUY_ICHIMOKU.set;C72D72EB80772CE8255FADF166DF66FCBF60A679595EF995DE29E3BA73E3A716
04_Indices_Energies;BRENT;10_DALEMBERT;SELL;MULTI;21;13113999360000;FAST_GENETIC;630404429;HIGH_RISK;04_Indices_Energies/BRENT/10_DALEMBERT/SELL_MULTI.set;1F8B70B4205F1A54223191F3BF43D7B0AE0F6222DD9973670DC2A13C5D362328
04_Indices_Energies;BRENT;10_DALEMBERT;SELL;ICHIMOKU;20;286123622400;FAST_GENETIC;681800438;HIGH_RISK;04_Indices_Energies/BRENT/10_DALEMBERT/SELL_ICHIMOKU.set;FEDDE76482301331D1A0E822294AA2E70AD9C36E558B73BDD049F4DEFBB2E168
04_Indices_Energies;BRENT;11_SIGNAL_ONLY;BUY;MULTI;16;354816000;FAST_GENETIC;643781636;HIGH_RISK_RESEARCH;04_Indices_Energies/BRENT/11_SIGNAL_ONLY/BUY_MULTI.set;E5E701D611F6E2FABA4CE0B0FDAFE0384C8BBDBFDC5F5ECA1D3F59E0290C4F4C
04_Indices_Energies;BRENT;11_SIGNAL_ONLY;BUY;ICHIMOKU;15;7741440;FAST_GENETIC;654389814;HIGH_RISK_RESEARCH;04_Indices_Energies/BRENT/11_SIGNAL_ONLY/BUY_ICHIMOKU.set;1670394A57025CE4B2CEF84D870B4803BA00BF8333AD44E046E103954BD42E6C
04_Indices_Energies;BRENT;11_SIGNAL_ONLY;SELL;MULTI;16;354816000;FAST_GENETIC;633715788;HIGH_RISK_RESEARCH;04_Indices_Energies/BRENT/11_SIGNAL_ONLY/SELL_MULTI.set;2538BA54C9D9A082E11F0A8E1892A9C5A7412DCA2B313798B4DEA18C3A524F5C
04_Indices_Energies;BRENT;11_SIGNAL_ONLY;SELL;ICHIMOKU;15;7741440;FAST_GENETIC;624399706;HIGH_RISK_RESEARCH;04_Indices_Energies/BRENT/11_SIGNAL_ONLY/SELL_ICHIMOKU.set;F473381D8EF1749BCD80E9329249D0FF6BBEBA661AD4C99494B5C0B7D31EBDFC
04_Indices_Energies;WTI;01_SLTP;BUY;MULTI;19;655699968000;FAST_GENETIC;628853371;RESEARCH;04_Indices_Energies/WTI/01_SLTP/BUY_MULTI.set;21001228349EACAFD2D8AF78A835E82C214F9EA5588EB56016D0FC16B8AEB2B1
04_Indices_Energies;WTI;01_SLTP;BUY;ICHIMOKU;18;14306181120;FAST_GENETIC;640336137;RESEARCH;04_Indices_Energies/WTI/01_SLTP/BUY_ICHIMOKU.set;C1414501B4A902CB67F597F231D5B312F12C9DEC3912CDA4286C174C6C19A56D
04_Indices_Energies;WTI;01_SLTP;SELL;MULTI;19;655699968000;FAST_GENETIC;621411160;RESEARCH;04_Indices_Energies/WTI/01_SLTP/SELL_MULTI.set;0EC6E5FA7E4E5C78B4916F48E77B2138DC62866459A5A4C88205F2751E965CAE
04_Indices_Energies;WTI;01_SLTP;SELL;ICHIMOKU;18;14306181120;FAST_GENETIC;634376688;RESEARCH;04_Indices_Energies/WTI/01_SLTP/SELL_ICHIMOKU.set;174683334049F5E4487A74C9DA8EF7612D66E03576958A32C708BBE8DEABF79C
04_Indices_Energies;WTI;02_SLTP_ORGANIC;BUY;MULTI;19;655699968000;FAST_GENETIC;663766803;RESEARCH;04_Indices_Energies/WTI/02_SLTP_ORGANIC/BUY_MULTI.set;BA5F781D430074B5410EFE2FCD3066BF75EB023A7E36DF81650FA7682EFE866C
04_Indices_Energies;WTI;02_SLTP_ORGANIC;BUY;ICHIMOKU;18;14306181120;FAST_GENETIC;671364374;RESEARCH;04_Indices_Energies/WTI/02_SLTP_ORGANIC/BUY_ICHIMOKU.set;7BFC26D19CFF199E4FE169AD5E590F4EF9263A6316639E3EB6843D4535E17D61
04_Indices_Energies;WTI;02_SLTP_ORGANIC;SELL;MULTI;19;655699968000;FAST_GENETIC;661191236;RESEARCH;04_Indices_Energies/WTI/02_SLTP_ORGANIC/SELL_MULTI.set;A50C9C5BA175EC8917AFD6D0F7115350B8AB4064FE54C92A14DB636A6DA77C0D
04_Indices_Energies;WTI;02_SLTP_ORGANIC;SELL;ICHIMOKU;18;14306181120;FAST_GENETIC;672671691;RESEARCH;04_Indices_Energies/WTI/02_SLTP_ORGANIC/SELL_ICHIMOKU.set;577BA9D03E1CACAC74959BE1041B8F2B20AC7A36D89358BB9EC1E6203B16282B
04_Indices_Energies;WTI;03_TRAIL_ONLY;BUY;MULTI;20;2086318080000;FAST_GENETIC;632092511;RESEARCH;04_Indices_Energies/WTI/03_TRAIL_ONLY/BUY_MULTI.set;5277136C1ABB3AFE830DA0018D340D44977283B4E929607AB934C26F37A77AAA
04_Indices_Energies;WTI;03_TRAIL_ONLY;BUY;ICHIMOKU;19;45519667200;FAST_GENETIC;642225657;RESEARCH;04_Indices_Energies/WTI/03_TRAIL_ONLY/BUY_ICHIMOKU.set;17BF16DDA95CCDF7D9C432BF8561A0C42ED11B9233D010BC20228857C8209D98
04_Indices_Energies;WTI;03_TRAIL_ONLY;SELL;MULTI;20;2086318080000;FAST_GENETIC;669248839;RESEARCH;04_Indices_Energies/WTI/03_TRAIL_ONLY/SELL_MULTI.set;75D78747617BDBBFB22056774501DAAE35833177E0EE7230D464F9E8F58D48AA
04_Indices_Energies;WTI;03_TRAIL_ONLY;SELL;ICHIMOKU;19;45519667200;FAST_GENETIC;633994446;RESEARCH;04_Indices_Energies/WTI/03_TRAIL_ONLY/SELL_ICHIMOKU.set;07E0955DC7CFC9D6FCA7A2E7664EDDD2D585C23571D944B47B232A71336667B3
04_Indices_Energies;WTI;04_SLTP_TRAIL;BUY;MULTI;20;9179799552000;FAST_GENETIC;676455415;RESEARCH;04_Indices_Energies/WTI/04_SLTP_TRAIL/BUY_MULTI.set;7B02517CE6127B801765FB8048E1CDC3412BAB45F5684F6D972109E9793E07EA
04_Indices_Energies;WTI;04_SLTP_TRAIL;BUY;ICHIMOKU;19;200286535680;FAST_GENETIC;682897666;RESEARCH;04_Indices_Energies/WTI/04_SLTP_TRAIL/BUY_ICHIMOKU.set;5D088277D54E080A4E720A08283C373287A0A8994E86CE438E13DFFED90BB9CE
04_Indices_Energies;WTI;04_SLTP_TRAIL;SELL;MULTI;20;9179799552000;FAST_GENETIC;631554141;RESEARCH;04_Indices_Energies/WTI/04_SLTP_TRAIL/SELL_MULTI.set;E67D7206FE11B42FFB942688BAFBF2A5030643FC2913112DEC44A5F531DF8F4C
04_Indices_Energies;WTI;04_SLTP_TRAIL;SELL;ICHIMOKU;19;200286535680;FAST_GENETIC;655101593;RESEARCH;04_Indices_Energies/WTI/04_SLTP_TRAIL/SELL_ICHIMOKU.set;5D0E0775A108499E9FE77C3CD6536772FA6F53CCCE3980EAD8F25748AE13F0A5
04_Indices_Energies;WTI;05_BE_TRAIL;BUY;MULTI;19;1043159040000;FAST_GENETIC;686073186;RESEARCH;04_Indices_Energies/WTI/05_BE_TRAIL/BUY_MULTI.set;B781CCC54DE4219C35F46A3FFFB95464D390F5D7CC9EA3990DE4A9D81315222B
04_Indices_Energies;WTI;05_BE_TRAIL;BUY;ICHIMOKU;18;22759833600;FAST_GENETIC;614170451;RESEARCH;04_Indices_Energies/WTI/05_BE_TRAIL/BUY_ICHIMOKU.set;1C174F44EE0A78C30CF623FC120F113946A6C94CE46757CCBAE920950A9290BE
04_Indices_Energies;WTI;05_BE_TRAIL;SELL;MULTI;19;1043159040000;FAST_GENETIC;631710771;RESEARCH;04_Indices_Energies/WTI/05_BE_TRAIL/SELL_MULTI.set;7B117551B10012731358EEE291A8BC6E9196039DB3EA65ADEA07667B7248F374
04_Indices_Energies;WTI;05_BE_TRAIL;SELL;ICHIMOKU;18;22759833600;FAST_GENETIC;634274810;RESEARCH;04_Indices_Energies/WTI/05_BE_TRAIL/SELL_ICHIMOKU.set;DB08E9F2104850BBEA8EB103D39DD9530449647A62D7FC5A996E187A2C41DAE6
04_Indices_Energies;WTI;06_REVERSAL_EXIT;BUY;MULTI;21;1669054464000;FAST_GENETIC;652319933;RESEARCH;04_Indices_Energies/WTI/06_REVERSAL_EXIT/BUY_MULTI.set;7206E378C0A8C106C0E19EED593462FABEA9D38A09181FBBAB92B73FF5C39210
04_Indices_Energies;WTI;06_REVERSAL_EXIT;BUY;ICHIMOKU;20;36415733760;FAST_GENETIC;698762019;RESEARCH;04_Indices_Energies/WTI/06_REVERSAL_EXIT/BUY_ICHIMOKU.set;3AC415A5AAD74415F43A430C7014F0272253D9FF6B69C3BF6388062F4DE4725E
04_Indices_Energies;WTI;06_REVERSAL_EXIT;SELL;MULTI;21;1669054464000;FAST_GENETIC;634821458;RESEARCH;04_Indices_Energies/WTI/06_REVERSAL_EXIT/SELL_MULTI.set;A515F0FCF901B684BDE23CB6C1459BEB1DB4E78FFC4160F620DF97B1819B1718
04_Indices_Energies;WTI;06_REVERSAL_EXIT;SELL;ICHIMOKU;20;36415733760;FAST_GENETIC;637584594;RESEARCH;04_Indices_Energies/WTI/06_REVERSAL_EXIT/SELL_ICHIMOKU.set;2D792154BD218DB03602C152883482B76E3136DE5D7E717957A6DDCA4C5CB0B5
04_Indices_Energies;WTI;07_GRID_SEPARATE;BUY;MULTI;20;3161410560000;FAST_GENETIC;679249775;HEDGE_ACCOUNT_REQUIRED;04_Indices_Energies/WTI/07_GRID_SEPARATE/BUY_MULTI.set;AA41F82D30F4D274D84B686F645D9910EAAF2B3451A1B4D50C076647B061CF83
04_Indices_Energies;WTI;07_GRID_SEPARATE;BUY;ICHIMOKU;19;68976230400;FAST_GENETIC;644662887;HEDGE_ACCOUNT_REQUIRED;04_Indices_Energies/WTI/07_GRID_SEPARATE/BUY_ICHIMOKU.set;1C522C1A9CE0BACCB2E7666E0B994F37F1EC15ACFBF4CA6BA8F3226B824D5B2E
04_Indices_Energies;WTI;07_GRID_SEPARATE;SELL;MULTI;20;3161410560000;FAST_GENETIC;661911768;HEDGE_ACCOUNT_REQUIRED;04_Indices_Energies/WTI/07_GRID_SEPARATE/SELL_MULTI.set;FD38EC6067BABA8E5B535CEEC7596A51A811979EBFCE41DE3523C680152CF0EE
04_Indices_Energies;WTI;07_GRID_SEPARATE;SELL;ICHIMOKU;19;68976230400;FAST_GENETIC;641902020;HEDGE_ACCOUNT_REQUIRED;04_Indices_Energies/WTI/07_GRID_SEPARATE/SELL_ICHIMOKU.set;D8B49FDD6032001265D3404CE5D406C17D12738EA925FA9A042AA0FAEAA9F86E
04_Indices_Energies;WTI;08_GRID_UNIFIED;BOTH;MULTI;21;15807052800000;FAST_GENETIC;623909859;HEDGE_ACCOUNT_REQUIRED;04_Indices_Energies/WTI/08_GRID_UNIFIED/BOTH_MULTI.set;0AA1F58327897034C290517FB2FC1113AB1B32AED9079B2EB410D08C8ECC8E97
04_Indices_Energies;WTI;08_GRID_UNIFIED;BOTH;ICHIMOKU;20;344881152000;FAST_GENETIC;693371116;HEDGE_ACCOUNT_REQUIRED;04_Indices_Energies/WTI/08_GRID_UNIFIED/BOTH_ICHIMOKU.set;779847E0B667E2ED7B30C129E09BA1504489AD3694CE1AB7C8E5B79C93F3F4A4
04_Indices_Energies;WTI;09_MARTINGALE;BUY;MULTI;21;18359599104000;FAST_GENETIC;656444676;HIGH_RISK;04_Indices_Energies/WTI/09_MARTINGALE/BUY_MULTI.set;1FB45AD1D5E832D8878C201A709A055DF21BCAB0DF724CF19B8000F56B6CF886
04_Indices_Energies;WTI;09_MARTINGALE;BUY;ICHIMOKU;20;400573071360;FAST_GENETIC;616471905;HIGH_RISK;04_Indices_Energies/WTI/09_MARTINGALE/BUY_ICHIMOKU.set;39C04B7133324FF9FD00931EB06D554FAAF63740F9112F2F9C88A4709A69E307
04_Indices_Energies;WTI;09_MARTINGALE;SELL;MULTI;21;18359599104000;FAST_GENETIC;646251200;HIGH_RISK;04_Indices_Energies/WTI/09_MARTINGALE/SELL_MULTI.set;CAA8EBF877C27A4F8E9CCA87848B1AF6ABD7C8FCE990B4DAAE2717210C372CEF
04_Indices_Energies;WTI;09_MARTINGALE;SELL;ICHIMOKU;20;400573071360;FAST_GENETIC;658798955;HIGH_RISK;04_Indices_Energies/WTI/09_MARTINGALE/SELL_ICHIMOKU.set;69CF6CA8E1C75245B01C63A863457841B39380DEBB7075DE5BF28D2C37EF1105
04_Indices_Energies;WTI;10_DALEMBERT;BUY;MULTI;21;13113999360000;FAST_GENETIC;671441437;HIGH_RISK;04_Indices_Energies/WTI/10_DALEMBERT/BUY_MULTI.set;EF87E555EC06595B795AB84DDE2190DA6F267605C7BFDE4F1A48AD3FFD86C379
04_Indices_Energies;WTI;10_DALEMBERT;BUY;ICHIMOKU;20;286123622400;FAST_GENETIC;621273705;HIGH_RISK;04_Indices_Energies/WTI/10_DALEMBERT/BUY_ICHIMOKU.set;C9C499BFB439BB7124D1FE9AB495B7A1DA4D2E3B18B1251773FEE3610906CB43
04_Indices_Energies;WTI;10_DALEMBERT;SELL;MULTI;21;13113999360000;FAST_GENETIC;679195128;HIGH_RISK;04_Indices_Energies/WTI/10_DALEMBERT/SELL_MULTI.set;9A10698E748B86B28C53D78B72A9E344AE20D683B7B091EC7DF7CD608A941ED1
04_Indices_Energies;WTI;10_DALEMBERT;SELL;ICHIMOKU;20;286123622400;FAST_GENETIC;656915694;HIGH_RISK;04_Indices_Energies/WTI/10_DALEMBERT/SELL_ICHIMOKU.set;7389F83FED6E91102E96B2ECC3F5AC078E484F4F18715856B88693AD37B1D3E9
04_Indices_Energies;WTI;11_SIGNAL_ONLY;BUY;MULTI;16;354816000;FAST_GENETIC;654695998;HIGH_RISK_RESEARCH;04_Indices_Energies/WTI/11_SIGNAL_ONLY/BUY_MULTI.set;01FFF7C8E537FDAF58ACED10FB651CE8797A0A2E9502C21898CED4971CC5EFCA
04_Indices_Energies;WTI;11_SIGNAL_ONLY;BUY;ICHIMOKU;15;7741440;FAST_GENETIC;672533892;HIGH_RISK_RESEARCH;04_Indices_Energies/WTI/11_SIGNAL_ONLY/BUY_ICHIMOKU.set;349F2FB4FC4E8B0A46736F7E96F995BDF2285E430469B81721CE3D419865C39C
04_Indices_Energies;WTI;11_SIGNAL_ONLY;SELL;MULTI;16;354816000;FAST_GENETIC;681658654;HIGH_RISK_RESEARCH;04_Indices_Energies/WTI/11_SIGNAL_ONLY/SELL_MULTI.set;59C5B526CB9CBE2EB48AE99C8638B30C67790F0922A3F7772089D78EA9AD68A9
04_Indices_Energies;WTI;11_SIGNAL_ONLY;SELL;ICHIMOKU;15;7741440;FAST_GENETIC;642396938;HIGH_RISK_RESEARCH;04_Indices_Energies/WTI/11_SIGNAL_ONLY/SELL_ICHIMOKU.set;656DC3F5CD13125205DECEABF69D2A3E3BECF444E7FC901FDE8A0FF3A7FBAEED
05_US_Stocks_CFD;AAPL;01_SLTP;BUY;MULTI;19;655699968000;FAST_GENETIC;664017703;RESEARCH;05_US_Stocks_CFD/AAPL/01_SLTP/BUY_MULTI.set;18A44AB2AA9450AD577ACF05F5102C22F4ECE683A0FE90A60F6F2211DB9D24A2
05_US_Stocks_CFD;AAPL;01_SLTP;BUY;ICHIMOKU;18;14306181120;FAST_GENETIC;694956699;RESEARCH;05_US_Stocks_CFD/AAPL/01_SLTP/BUY_ICHIMOKU.set;45DE29A8452452CD14616CA3010A7AE185CD36A40ABFB5EFC1C67131C0041537
05_US_Stocks_CFD;AAPL;01_SLTP;SELL;MULTI;19;655699968000;FAST_GENETIC;627680687;RESEARCH;05_US_Stocks_CFD/AAPL/01_SLTP/SELL_MULTI.set;71E1511A091D2A7B281AABB9258D156181D60081349F5174767C116AE51C31E3
05_US_Stocks_CFD;AAPL;01_SLTP;SELL;ICHIMOKU;18;14306181120;FAST_GENETIC;640889780;RESEARCH;05_US_Stocks_CFD/AAPL/01_SLTP/SELL_ICHIMOKU.set;FE484A8185F10B5EFC5AAE6DDB020DA4F757D7DD9100AB3BE8C95CB86CEF311D
05_US_Stocks_CFD;AAPL;02_SLTP_ORGANIC;BUY;MULTI;19;655699968000;FAST_GENETIC;674084097;RESEARCH;05_US_Stocks_CFD/AAPL/02_SLTP_ORGANIC/BUY_MULTI.set;F1361F649121FDE3A6B70C3ED3C379118C6C50D6AD3898B3515FBCF5CD058171
05_US_Stocks_CFD;AAPL;02_SLTP_ORGANIC;BUY;ICHIMOKU;18;14306181120;FAST_GENETIC;670516362;RESEARCH;05_US_Stocks_CFD/AAPL/02_SLTP_ORGANIC/BUY_ICHIMOKU.set;DF0DCB3BAB7A99DA62D5486A6F4CB2B632F857308CBF47D1672DAE95E8656D29
05_US_Stocks_CFD;AAPL;02_SLTP_ORGANIC;SELL;MULTI;19;655699968000;FAST_GENETIC;689149392;RESEARCH;05_US_Stocks_CFD/AAPL/02_SLTP_ORGANIC/SELL_MULTI.set;8A4D2FCC48F84BEA8DA68548EFD4D33A7D7A7014C5A2C2424A5F99B76C86FD76
05_US_Stocks_CFD;AAPL;02_SLTP_ORGANIC;SELL;ICHIMOKU;18;14306181120;FAST_GENETIC;637537677;RESEARCH;05_US_Stocks_CFD/AAPL/02_SLTP_ORGANIC/SELL_ICHIMOKU.set;04EBCF11468429B3C6F956EDD169F35627091B251E8BF279B9CF87D2E9907403
05_US_Stocks_CFD;AAPL;03_TRAIL_ONLY;BUY;MULTI;20;2086318080000;FAST_GENETIC;674458125;RESEARCH;05_US_Stocks_CFD/AAPL/03_TRAIL_ONLY/BUY_MULTI.set;B59E6E9A17D0D53C651B0BEF37FD3436C7D15298135BEB31D3CC5EB55D5F42EA
05_US_Stocks_CFD;AAPL;03_TRAIL_ONLY;BUY;ICHIMOKU;19;45519667200;FAST_GENETIC;625497278;RESEARCH;05_US_Stocks_CFD/AAPL/03_TRAIL_ONLY/BUY_ICHIMOKU.set;2409244F23F479A46068AAF210BEFE1631546855ACE5D206A2A5E20DC1B03D64
05_US_Stocks_CFD;AAPL;03_TRAIL_ONLY;SELL;MULTI;20;2086318080000;FAST_GENETIC;664838534;RESEARCH;05_US_Stocks_CFD/AAPL/03_TRAIL_ONLY/SELL_MULTI.set;D006451D3D0F65443CE362C05603892B7BE39DFE964358C82538B5D259C0E1C1
05_US_Stocks_CFD;AAPL;03_TRAIL_ONLY;SELL;ICHIMOKU;19;45519667200;FAST_GENETIC;677095143;RESEARCH;05_US_Stocks_CFD/AAPL/03_TRAIL_ONLY/SELL_ICHIMOKU.set;23DAA75D9AD1CF67735D7DD152E87A60779326ED29CDAF17ED76498394E7CB42
05_US_Stocks_CFD;AAPL;04_SLTP_TRAIL;BUY;MULTI;20;9179799552000;FAST_GENETIC;696288656;RESEARCH;05_US_Stocks_CFD/AAPL/04_SLTP_TRAIL/BUY_MULTI.set;859E9C5151F5A4EE29B9D23F26FBE96C7AE03BA72FE42DD851184DF706824138
05_US_Stocks_CFD;AAPL;04_SLTP_TRAIL;BUY;ICHIMOKU;19;200286535680;FAST_GENETIC;645788590;RESEARCH;05_US_Stocks_CFD/AAPL/04_SLTP_TRAIL/BUY_ICHIMOKU.set;1BA19FF2B774B504E6F505D1D05CC9A0068A464C7522042423343C2B8C923737
05_US_Stocks_CFD;AAPL;04_SLTP_TRAIL;SELL;MULTI;20;9179799552000;FAST_GENETIC;621981783;RESEARCH;05_US_Stocks_CFD/AAPL/04_SLTP_TRAIL/SELL_MULTI.set;5EA25D9665B72A8E41302205764C54B450D09EFDACAC598DA91570718E8A1B40
05_US_Stocks_CFD;AAPL;04_SLTP_TRAIL;SELL;ICHIMOKU;19;200286535680;FAST_GENETIC;658229985;RESEARCH;05_US_Stocks_CFD/AAPL/04_SLTP_TRAIL/SELL_ICHIMOKU.set;F2BD0B4B41ED34FB356EC5BF6E0A949F340A1DC98BB80F12D7CE6DC99435BFA8
05_US_Stocks_CFD;AAPL;05_BE_TRAIL;BUY;MULTI;19;1043159040000;FAST_GENETIC;695885674;RESEARCH;05_US_Stocks_CFD/AAPL/05_BE_TRAIL/BUY_MULTI.set;C4CC89F57052541216EF4D3831A3B930A42206E7B503BF70BF9B18F89DDDABAF
05_US_Stocks_CFD;AAPL;05_BE_TRAIL;BUY;ICHIMOKU;18;22759833600;FAST_GENETIC;640475543;RESEARCH;05_US_Stocks_CFD/AAPL/05_BE_TRAIL/BUY_ICHIMOKU.set;8A4E5D363E55B34C3695BA99D4076444C0A017B7B2F8D03F4D12BE7B4AA373AB
05_US_Stocks_CFD;AAPL;05_BE_TRAIL;SELL;MULTI;19;1043159040000;FAST_GENETIC;639504048;RESEARCH;05_US_Stocks_CFD/AAPL/05_BE_TRAIL/SELL_MULTI.set;7EF95D0B96534D589B20E0ED1DD92B8724DE35B4F7582D6DC39020BDD38C6AB1
05_US_Stocks_CFD;AAPL;05_BE_TRAIL;SELL;ICHIMOKU;18;22759833600;FAST_GENETIC;635963481;RESEARCH;05_US_Stocks_CFD/AAPL/05_BE_TRAIL/SELL_ICHIMOKU.set;AA24D3FF75914F4D4F13570A846326B567F7DCCFBEBD443453FB311BDDA0972F
05_US_Stocks_CFD;AAPL;06_REVERSAL_EXIT;BUY;MULTI;21;1669054464000;FAST_GENETIC;629836039;RESEARCH;05_US_Stocks_CFD/AAPL/06_REVERSAL_EXIT/BUY_MULTI.set;3230B52F3A46712BB91868E27CE2682C7A54B6CFB8C5120631E824D685814D02
05_US_Stocks_CFD;AAPL;06_REVERSAL_EXIT;BUY;ICHIMOKU;20;36415733760;FAST_GENETIC;648556282;RESEARCH;05_US_Stocks_CFD/AAPL/06_REVERSAL_EXIT/BUY_ICHIMOKU.set;FA11E54042C0EEF3EC40E5C81EF5AD3F611644F01C245EEA3A2BD6244126492B
05_US_Stocks_CFD;AAPL;06_REVERSAL_EXIT;SELL;MULTI;21;1669054464000;FAST_GENETIC;635631051;RESEARCH;05_US_Stocks_CFD/AAPL/06_REVERSAL_EXIT/SELL_MULTI.set;ADF7A866DB8467872B197D4300B5C9EFBDF72FCE90854C5161329622A92E7C0D
05_US_Stocks_CFD;AAPL;06_REVERSAL_EXIT;SELL;ICHIMOKU;20;36415733760;FAST_GENETIC;636174362;RESEARCH;05_US_Stocks_CFD/AAPL/06_REVERSAL_EXIT/SELL_ICHIMOKU.set;F9476A80DDCA8515D247559A0057296D4C579189C4FA59C53C774AE244119BF1
05_US_Stocks_CFD;AAPL;07_GRID_SEPARATE;BUY;MULTI;20;3161410560000;FAST_GENETIC;619331631;HEDGE_ACCOUNT_REQUIRED;05_US_Stocks_CFD/AAPL/07_GRID_SEPARATE/BUY_MULTI.set;4380901445595FE1CC9B1A84B3B89B5D2927D1D9D685A28F4B6F738046320307
05_US_Stocks_CFD;AAPL;07_GRID_SEPARATE;BUY;ICHIMOKU;19;68976230400;FAST_GENETIC;685517557;HEDGE_ACCOUNT_REQUIRED;05_US_Stocks_CFD/AAPL/07_GRID_SEPARATE/BUY_ICHIMOKU.set;3B7FDFADFD87814D7C6E54B68F5B9A51AE9B00EB8AC0FE77EAAD70EDCAD6D9C2
05_US_Stocks_CFD;AAPL;07_GRID_SEPARATE;SELL;MULTI;20;3161410560000;FAST_GENETIC;692708196;HEDGE_ACCOUNT_REQUIRED;05_US_Stocks_CFD/AAPL/07_GRID_SEPARATE/SELL_MULTI.set;B95D1905A881EE7F6AA292715DA7C261FA7FD75B4C6BE1B9070B44D166A215CF
05_US_Stocks_CFD;AAPL;07_GRID_SEPARATE;SELL;ICHIMOKU;19;68976230400;FAST_GENETIC;630300396;HEDGE_ACCOUNT_REQUIRED;05_US_Stocks_CFD/AAPL/07_GRID_SEPARATE/SELL_ICHIMOKU.set;5CB2799EC07E6C973A0D1908EE0ACADE535952C33318E4D5CFDB3E2C639A74B7
05_US_Stocks_CFD;AAPL;08_GRID_UNIFIED;BOTH;MULTI;21;15807052800000;FAST_GENETIC;610632269;HEDGE_ACCOUNT_REQUIRED;05_US_Stocks_CFD/AAPL/08_GRID_UNIFIED/BOTH_MULTI.set;A7B61A6281AFED9256C0FB341A7A1F0261CBF9A1BF680C6D43CFA2A981F0370F
05_US_Stocks_CFD;AAPL;08_GRID_UNIFIED;BOTH;ICHIMOKU;20;344881152000;FAST_GENETIC;670577220;HEDGE_ACCOUNT_REQUIRED;05_US_Stocks_CFD/AAPL/08_GRID_UNIFIED/BOTH_ICHIMOKU.set;DC682B99735EBFC0FDF4A9911B02311259D626DD08D311DB6C2ABE8EEB47BDA0
05_US_Stocks_CFD;AAPL;09_MARTINGALE;BUY;MULTI;21;18359599104000;FAST_GENETIC;662582276;HIGH_RISK;05_US_Stocks_CFD/AAPL/09_MARTINGALE/BUY_MULTI.set;8E5271A9EBB10ACDD7A25C2B5A9A41B8792FD0DA568175782D3BADE486705834
05_US_Stocks_CFD;AAPL;09_MARTINGALE;BUY;ICHIMOKU;20;400573071360;FAST_GENETIC;646460098;HIGH_RISK;05_US_Stocks_CFD/AAPL/09_MARTINGALE/BUY_ICHIMOKU.set;EFB2B8852FFC13498E35B3F0D2E10E9A418008B299710E3BBAF6C9BC31347CD7
05_US_Stocks_CFD;AAPL;09_MARTINGALE;SELL;MULTI;21;18359599104000;FAST_GENETIC;631143251;HIGH_RISK;05_US_Stocks_CFD/AAPL/09_MARTINGALE/SELL_MULTI.set;6E4191B33222886F8A3274650C31A20ABACA1FDF1A64EFF4C781F07F3459EE8B
05_US_Stocks_CFD;AAPL;09_MARTINGALE;SELL;ICHIMOKU;20;400573071360;FAST_GENETIC;620433973;HIGH_RISK;05_US_Stocks_CFD/AAPL/09_MARTINGALE/SELL_ICHIMOKU.set;7587BAF05EA48B1147F2FB252221A7F008F53C0E6C8A5DD58834978AD6463A6C
05_US_Stocks_CFD;AAPL;10_DALEMBERT;BUY;MULTI;21;13113999360000;FAST_GENETIC;630604292;HIGH_RISK;05_US_Stocks_CFD/AAPL/10_DALEMBERT/BUY_MULTI.set;C92C52D4283DA84283EDC8DA7FD23F429FFC2DED35480C3E09F3A4094B7C80B6
05_US_Stocks_CFD;AAPL;10_DALEMBERT;BUY;ICHIMOKU;20;286123622400;FAST_GENETIC;642694092;HIGH_RISK;05_US_Stocks_CFD/AAPL/10_DALEMBERT/BUY_ICHIMOKU.set;B729B93F3782B2FE741FBE04DB21F470A463CEDCF90DD2CE55B5E3D619222EA2
05_US_Stocks_CFD;AAPL;10_DALEMBERT;SELL;MULTI;21;13113999360000;FAST_GENETIC;656395469;HIGH_RISK;05_US_Stocks_CFD/AAPL/10_DALEMBERT/SELL_MULTI.set;445B1E70D1C129CFC845323530A3DB820356506D6B6A3F35CCE7F3566197497E
05_US_Stocks_CFD;AAPL;10_DALEMBERT;SELL;ICHIMOKU;20;286123622400;FAST_GENETIC;646394177;HIGH_RISK;05_US_Stocks_CFD/AAPL/10_DALEMBERT/SELL_ICHIMOKU.set;C5F19EB87CF7E3E46D7B2EF2B251C8F615E2E51B9AB8B29511DA119558A463D2
05_US_Stocks_CFD;AAPL;11_SIGNAL_ONLY;BUY;MULTI;16;354816000;FAST_GENETIC;650807026;HIGH_RISK_RESEARCH;05_US_Stocks_CFD/AAPL/11_SIGNAL_ONLY/BUY_MULTI.set;EE356A054A4D6799E48A577D5AAE4672633B58FBCF2D1752859E70168F578429
05_US_Stocks_CFD;AAPL;11_SIGNAL_ONLY;BUY;ICHIMOKU;15;7741440;FAST_GENETIC;656034894;HIGH_RISK_RESEARCH;05_US_Stocks_CFD/AAPL/11_SIGNAL_ONLY/BUY_ICHIMOKU.set;0A03186383C87C37D1A112193F1604CD0D4CE5A8F8E4F69B58B9078734E9E285
05_US_Stocks_CFD;AAPL;11_SIGNAL_ONLY;SELL;MULTI;16;354816000;FAST_GENETIC;670072195;HIGH_RISK_RESEARCH;05_US_Stocks_CFD/AAPL/11_SIGNAL_ONLY/SELL_MULTI.set;DD5C05D2C9EAF53963C6D0941C025F0AE24E6ED8E6ABECE8EC1482FAC42AC3CB
05_US_Stocks_CFD;AAPL;11_SIGNAL_ONLY;SELL;ICHIMOKU;15;7741440;FAST_GENETIC;638705270;HIGH_RISK_RESEARCH;05_US_Stocks_CFD/AAPL/11_SIGNAL_ONLY/SELL_ICHIMOKU.set;C61FCFCB8F3C0404E75DAC29EFD77D68A46389A766F2A56780EC14F528753595
05_US_Stocks_CFD;ADBE;01_SLTP;BUY;MULTI;19;655699968000;FAST_GENETIC;626584341;RESEARCH;05_US_Stocks_CFD/ADBE/01_SLTP/BUY_MULTI.set;D5E879DE0D62E7046EAF92C2F957148EA970A464951E8EC1F47ABA1A6EF8C845
05_US_Stocks_CFD;ADBE;01_SLTP;BUY;ICHIMOKU;18;14306181120;FAST_GENETIC;654562549;RESEARCH;05_US_Stocks_CFD/ADBE/01_SLTP/BUY_ICHIMOKU.set;232B4112DA9A61AA27D7148E9583B77885CEDD20CB4C1B6C8EB6895BB8BFD134
05_US_Stocks_CFD;ADBE;01_SLTP;SELL;MULTI;19;655699968000;FAST_GENETIC;623900755;RESEARCH;05_US_Stocks_CFD/ADBE/01_SLTP/SELL_MULTI.set;FD606C7EE339B17035F8F8931256A9F56C649AF0E0459CD7463C2FF8DD2540F8
05_US_Stocks_CFD;ADBE;01_SLTP;SELL;ICHIMOKU;18;14306181120;FAST_GENETIC;665610499;RESEARCH;05_US_Stocks_CFD/ADBE/01_SLTP/SELL_ICHIMOKU.set;5EE9520828C99085AC37148DB3C65AC5FB112A2C590A6CAEB5B1E665F16BB68D
05_US_Stocks_CFD;ADBE;02_SLTP_ORGANIC;BUY;MULTI;19;655699968000;FAST_GENETIC;681899028;RESEARCH;05_US_Stocks_CFD/ADBE/02_SLTP_ORGANIC/BUY_MULTI.set;B22F5E7D3B25F68F6F802FFE75A110E9EC324EAB4F3EC1A7DCCD802359CA6612
05_US_Stocks_CFD;ADBE;02_SLTP_ORGANIC;BUY;ICHIMOKU;18;14306181120;FAST_GENETIC;625170348;RESEARCH;05_US_Stocks_CFD/ADBE/02_SLTP_ORGANIC/BUY_ICHIMOKU.set;B2DD2E9D6DD6502EB51E6406E7F668D51BF98AA301696DFF4BC70B601FC9D731
05_US_Stocks_CFD;ADBE;02_SLTP_ORGANIC;SELL;MULTI;19;655699968000;FAST_GENETIC;662970095;RESEARCH;05_US_Stocks_CFD/ADBE/02_SLTP_ORGANIC/SELL_MULTI.set;FB29A86B05154EC7A33B4C512AF81A4B2D2A93EA2C5FBB7924125395AF29AB43
05_US_Stocks_CFD;ADBE;02_SLTP_ORGANIC;SELL;ICHIMOKU;18;14306181120;FAST_GENETIC;669123315;RESEARCH;05_US_Stocks_CFD/ADBE/02_SLTP_ORGANIC/SELL_ICHIMOKU.set;1B41D8A8D994526F3FC78A6BD43BC4FDD55E02E8EEBC3A1FAA49212DAACDE021
05_US_Stocks_CFD;ADBE;03_TRAIL_ONLY;BUY;MULTI;20;2086318080000;FAST_GENETIC;641330246;RESEARCH;05_US_Stocks_CFD/ADBE/03_TRAIL_ONLY/BUY_MULTI.set;8F8EA2FA906490DE898AC28515186E52CF698C780DC5557D88800850C8EA8268
05_US_Stocks_CFD;ADBE;03_TRAIL_ONLY;BUY;ICHIMOKU;19;45519667200;FAST_GENETIC;694255932;RESEARCH;05_US_Stocks_CFD/ADBE/03_TRAIL_ONLY/BUY_ICHIMOKU.set;A25AB5A4D1E3D8C57AB20F0DF0DDD38E08E6CC5A6F9ED55A30FCD8D0E32339AE
05_US_Stocks_CFD;ADBE;03_TRAIL_ONLY;SELL;MULTI;20;2086318080000;FAST_GENETIC;697673243;RESEARCH;05_US_Stocks_CFD/ADBE/03_TRAIL_ONLY/SELL_MULTI.set;60F9ACAF89BA817D72012237E3DA7BDD6399F4FC8C2A8ED4B471F5A41D3E3C7F
05_US_Stocks_CFD;ADBE;03_TRAIL_ONLY;SELL;ICHIMOKU;19;45519667200;FAST_GENETIC;692293551;RESEARCH;05_US_Stocks_CFD/ADBE/03_TRAIL_ONLY/SELL_ICHIMOKU.set;E40D04FE102BCD38B93B07DF17DDB5A5CCFA4E5502F3EB27DD6CA9D8939491D2
05_US_Stocks_CFD;ADBE;04_SLTP_TRAIL;BUY;MULTI;20;9179799552000;FAST_GENETIC;667409394;RESEARCH;05_US_Stocks_CFD/ADBE/04_SLTP_TRAIL/BUY_MULTI.set;E9C25A3D81073C7D7227217F8D4A518487BC0216FEDCA40D068CC69F4DD2CE12
05_US_Stocks_CFD;ADBE;04_SLTP_TRAIL;BUY;ICHIMOKU;19;200286535680;FAST_GENETIC;664944900;RESEARCH;05_US_Stocks_CFD/ADBE/04_SLTP_TRAIL/BUY_ICHIMOKU.set;7EECF4B50695D0E4020AEA1E94066614C3B590D876ADC0CB44BDBA5B0C836832
05_US_Stocks_CFD;ADBE;04_SLTP_TRAIL;SELL;MULTI;20;9179799552000;FAST_GENETIC;674996966;RESEARCH;05_US_Stocks_CFD/ADBE/04_SLTP_TRAIL/SELL_MULTI.set;778941D28B1D58738D4CCFD67161687127B419D6F76655D6CB54CE1A290AA5C9
05_US_Stocks_CFD;ADBE;04_SLTP_TRAIL;SELL;ICHIMOKU;19;200286535680;FAST_GENETIC;629759151;RESEARCH;05_US_Stocks_CFD/ADBE/04_SLTP_TRAIL/SELL_ICHIMOKU.set;FEAE2B11EB435C13909804C52B81ABE1B451F91AD8C96B689B71420A1561CBC1
05_US_Stocks_CFD;ADBE;05_BE_TRAIL;BUY;MULTI;19;1043159040000;FAST_GENETIC;691599960;RESEARCH;05_US_Stocks_CFD/ADBE/05_BE_TRAIL/BUY_MULTI.set;60F5DEAFD35D622F1E0C9BA96596E33407101B4C31D76FE9FFFB803A5DF44F83
05_US_Stocks_CFD;ADBE;05_BE_TRAIL;BUY;ICHIMOKU;18;22759833600;FAST_GENETIC;638128535;RESEARCH;05_US_Stocks_CFD/ADBE/05_BE_TRAIL/BUY_ICHIMOKU.set;D6D2AFE4678B116721D9C03ACD4D6A4A3CE369CC4E641C8FF24ACA4A5510D429
05_US_Stocks_CFD;ADBE;05_BE_TRAIL;SELL;MULTI;19;1043159040000;FAST_GENETIC;680542875;RESEARCH;05_US_Stocks_CFD/ADBE/05_BE_TRAIL/SELL_MULTI.set;DC34847E38C19F6A2D1039ABA68E88CC510937C3C14EDE757AF43D8B4A1346DB
05_US_Stocks_CFD;ADBE;05_BE_TRAIL;SELL;ICHIMOKU;18;22759833600;FAST_GENETIC;610703457;RESEARCH;05_US_Stocks_CFD/ADBE/05_BE_TRAIL/SELL_ICHIMOKU.set;291478668BA17FE40B42AD66BD6B3803731E348AE172DE31B0AE7EB5CB73ADD6
05_US_Stocks_CFD;ADBE;06_REVERSAL_EXIT;BUY;MULTI;21;1669054464000;FAST_GENETIC;641275759;RESEARCH;05_US_Stocks_CFD/ADBE/06_REVERSAL_EXIT/BUY_MULTI.set;0742B79931007C08EB72683EDD28C118FF87FB7A69AB5608C76DCCA42FAB47D1
05_US_Stocks_CFD;ADBE;06_REVERSAL_EXIT;BUY;ICHIMOKU;20;36415733760;FAST_GENETIC;693841555;RESEARCH;05_US_Stocks_CFD/ADBE/06_REVERSAL_EXIT/BUY_ICHIMOKU.set;C0D1987E0F99C574CC7C59BF387C7EB985EB10DA75276EC910DF5CFD0CE72818
05_US_Stocks_CFD;ADBE;06_REVERSAL_EXIT;SELL;MULTI;21;1669054464000;FAST_GENETIC;613220574;RESEARCH;05_US_Stocks_CFD/ADBE/06_REVERSAL_EXIT/SELL_MULTI.set;70C067C47F9E040446D2613FA573A3EB70A9CD5E189E022ACE554222BA8ECB17
05_US_Stocks_CFD;ADBE;06_REVERSAL_EXIT;SELL;ICHIMOKU;20;36415733760;FAST_GENETIC;654005605;RESEARCH;05_US_Stocks_CFD/ADBE/06_REVERSAL_EXIT/SELL_ICHIMOKU.set;F1374FE75A473CE390CA7C02392FA14354EC379340EBDAB22441F06B82DD3DD0
05_US_Stocks_CFD;ADBE;07_GRID_SEPARATE;BUY;MULTI;20;3161410560000;FAST_GENETIC;690545213;HEDGE_ACCOUNT_REQUIRED;05_US_Stocks_CFD/ADBE/07_GRID_SEPARATE/BUY_MULTI.set;E4A6093CC6E60F60543B1C780B5281512BE0D9E29D6651F5BBB389D23FFAAE4A
05_US_Stocks_CFD;ADBE;07_GRID_SEPARATE;BUY;ICHIMOKU;19;68976230400;FAST_GENETIC;656322589;HEDGE_ACCOUNT_REQUIRED;05_US_Stocks_CFD/ADBE/07_GRID_SEPARATE/BUY_ICHIMOKU.set;6EC08ECDE8762E510702951BB98D626BA91CD7F21744AC4DA4FD2679B57F9221
05_US_Stocks_CFD;ADBE;07_GRID_SEPARATE;SELL;MULTI;20;3161410560000;FAST_GENETIC;661347404;HEDGE_ACCOUNT_REQUIRED;05_US_Stocks_CFD/ADBE/07_GRID_SEPARATE/SELL_MULTI.set;45215C443C9063FC78C8B46A20161A4D66EC731A2E70536C3BFA9B1D242E4132
05_US_Stocks_CFD;ADBE;07_GRID_SEPARATE;SELL;ICHIMOKU;19;68976230400;FAST_GENETIC;698381171;HEDGE_ACCOUNT_REQUIRED;05_US_Stocks_CFD/ADBE/07_GRID_SEPARATE/SELL_ICHIMOKU.set;2FCC62917DE27DCD80760CD2F404374B838F85FB77C008EFA6FC8AF69E0D729A
05_US_Stocks_CFD;ADBE;08_GRID_UNIFIED;BOTH;MULTI;21;15807052800000;FAST_GENETIC;651990223;HEDGE_ACCOUNT_REQUIRED;05_US_Stocks_CFD/ADBE/08_GRID_UNIFIED/BOTH_MULTI.set;D50807780BCE82F2050096DE4151A2025017237122A2B1763354512EDABEBD99
05_US_Stocks_CFD;ADBE;08_GRID_UNIFIED;BOTH;ICHIMOKU;20;344881152000;FAST_GENETIC;656134371;HEDGE_ACCOUNT_REQUIRED;05_US_Stocks_CFD/ADBE/08_GRID_UNIFIED/BOTH_ICHIMOKU.set;223465680D2ACD9E88C0113B2E1F5BF7D8AC25E76EAE335AD12A6481A06C13F6
05_US_Stocks_CFD;ADBE;09_MARTINGALE;BUY;MULTI;21;18359599104000;FAST_GENETIC;636061944;HIGH_RISK;05_US_Stocks_CFD/ADBE/09_MARTINGALE/BUY_MULTI.set;CC380AFE9E40C59DC92F4E1B0D1706912A233BD1373D5E8F4CD97EA1CEAEB622
05_US_Stocks_CFD;ADBE;09_MARTINGALE;BUY;ICHIMOKU;20;400573071360;FAST_GENETIC;641441439;HIGH_RISK;05_US_Stocks_CFD/ADBE/09_MARTINGALE/BUY_ICHIMOKU.set;758D0495CA1088F3690A2A3232479224C4CE32E6498DB8CA8D09784367C90C74
05_US_Stocks_CFD;ADBE;09_MARTINGALE;SELL;MULTI;21;18359599104000;FAST_GENETIC;696416334;HIGH_RISK;05_US_Stocks_CFD/ADBE/09_MARTINGALE/SELL_MULTI.set;2D8412E0FB419C62514ED52B5513F12BB194A046BE60288FB2A2CD03B5FC7360
05_US_Stocks_CFD;ADBE;09_MARTINGALE;SELL;ICHIMOKU;20;400573071360;FAST_GENETIC;645132157;HIGH_RISK;05_US_Stocks_CFD/ADBE/09_MARTINGALE/SELL_ICHIMOKU.set;D850DD2503E12419B19D0BF4E3807FE91AA4B06FA005570FE92E1F1BC2757032
05_US_Stocks_CFD;ADBE;10_DALEMBERT;BUY;MULTI;21;13113999360000;FAST_GENETIC;699939049;HIGH_RISK;05_US_Stocks_CFD/ADBE/10_DALEMBERT/BUY_MULTI.set;88275B41CDD96B6FDEE84042D88EE351561877868ADDFF992D735A044105CF7D
05_US_Stocks_CFD;ADBE;10_DALEMBERT;BUY;ICHIMOKU;20;286123622400;FAST_GENETIC;645625594;HIGH_RISK;05_US_Stocks_CFD/ADBE/10_DALEMBERT/BUY_ICHIMOKU.set;1FDD0F3E13E349DAA1419B408D8EFAA590A27341826F5CD48178484A676D260A
05_US_Stocks_CFD;ADBE;10_DALEMBERT;SELL;MULTI;21;13113999360000;FAST_GENETIC;651350854;HIGH_RISK;05_US_Stocks_CFD/ADBE/10_DALEMBERT/SELL_MULTI.set;D532201A94F6585FFB58FF2A92410297C5285CE4C97E35EFD906A8A5B81D71B1
05_US_Stocks_CFD;ADBE;10_DALEMBERT;SELL;ICHIMOKU;20;286123622400;FAST_GENETIC;616558861;HIGH_RISK;05_US_Stocks_CFD/ADBE/10_DALEMBERT/SELL_ICHIMOKU.set;78F81A97C955DF81EF17EE1EA2C7DAC0538225738FB13312312698FA5865BE71
05_US_Stocks_CFD;ADBE;11_SIGNAL_ONLY;BUY;MULTI;16;354816000;FAST_GENETIC;676245648;HIGH_RISK_RESEARCH;05_US_Stocks_CFD/ADBE/11_SIGNAL_ONLY/BUY_MULTI.set;2FB03B9105ACED4C0336CA1C00EB130BFAAC0256DFC6DCDFB75AC8AB7DDAAB10
05_US_Stocks_CFD;ADBE;11_SIGNAL_ONLY;BUY;ICHIMOKU;15;7741440;FAST_GENETIC;618619267;HIGH_RISK_RESEARCH;05_US_Stocks_CFD/ADBE/11_SIGNAL_ONLY/BUY_ICHIMOKU.set;237FA51945374AC1ACBCE5AE117E548D584F8687F8515684C45E1610C89C7E3A
05_US_Stocks_CFD;ADBE;11_SIGNAL_ONLY;SELL;MULTI;16;354816000;FAST_GENETIC;624722888;HIGH_RISK_RESEARCH;05_US_Stocks_CFD/ADBE/11_SIGNAL_ONLY/SELL_MULTI.set;AD70C78653B1FCC7A8A76EC1F6B50E61F21B072D17CEB7CCF3B78681B23F0A23
05_US_Stocks_CFD;ADBE;11_SIGNAL_ONLY;SELL;ICHIMOKU;15;7741440;FAST_GENETIC;677041977;HIGH_RISK_RESEARCH;05_US_Stocks_CFD/ADBE/11_SIGNAL_ONLY/SELL_ICHIMOKU.set;13CCDE31E42531C3BB19506C3731830956D2BA8557EBC9987449D5FB5D593D88
05_US_Stocks_CFD;AMZN;01_SLTP;BUY;MULTI;19;655699968000;FAST_GENETIC;692448825;RESEARCH;05_US_Stocks_CFD/AMZN/01_SLTP/BUY_MULTI.set;3F548018FC43434A0486B8DA8A0CFB1AD7DD582C0F68CA12FA04475D9F1B6F6C
05_US_Stocks_CFD;AMZN;01_SLTP;BUY;ICHIMOKU;18;14306181120;FAST_GENETIC;678496788;RESEARCH;05_US_Stocks_CFD/AMZN/01_SLTP/BUY_ICHIMOKU.set;FCDBB233EFD1D839BE85B7C4C0275AC72518556E0177EA77D6EC58729C70BCD2
05_US_Stocks_CFD;AMZN;01_SLTP;SELL;MULTI;19;655699968000;FAST_GENETIC;636416287;RESEARCH;05_US_Stocks_CFD/AMZN/01_SLTP/SELL_MULTI.set;421123EB37F3774E6B1692D07AF0A2D0E4CBD40EA387C952B9402A62C56E519A
05_US_Stocks_CFD;AMZN;01_SLTP;SELL;ICHIMOKU;18;14306181120;FAST_GENETIC;660236251;RESEARCH;05_US_Stocks_CFD/AMZN/01_SLTP/SELL_ICHIMOKU.set;3BE4414C01312364E7997FD9335AD6EE27C4F4A1173EFF9321493D03932D4BB1
05_US_Stocks_CFD;AMZN;02_SLTP_ORGANIC;BUY;MULTI;19;655699968000;FAST_GENETIC;678105437;RESEARCH;05_US_Stocks_CFD/AMZN/02_SLTP_ORGANIC/BUY_MULTI.set;734F158CB124239CC80AE8200DAF38D323EBF67C2BF42FEF9492801B7D8B56BF
05_US_Stocks_CFD;AMZN;02_SLTP_ORGANIC;BUY;ICHIMOKU;18;14306181120;FAST_GENETIC;679875754;RESEARCH;05_US_Stocks_CFD/AMZN/02_SLTP_ORGANIC/BUY_ICHIMOKU.set;84DBEF1D57B6D70F465F833ECDCAD9B7AB30043176FBD50BCB4AF818313EC451
05_US_Stocks_CFD;AMZN;02_SLTP_ORGANIC;SELL;MULTI;19;655699968000;FAST_GENETIC;689132172;RESEARCH;05_US_Stocks_CFD/AMZN/02_SLTP_ORGANIC/SELL_MULTI.set;2983118C8CF3B45DA2E9B063447A349B01F29354C6E3E70614B864FB79708B8D
05_US_Stocks_CFD;AMZN;02_SLTP_ORGANIC;SELL;ICHIMOKU;18;14306181120;FAST_GENETIC;665374184;RESEARCH;05_US_Stocks_CFD/AMZN/02_SLTP_ORGANIC/SELL_ICHIMOKU.set;4D099A5A17D1FFE04B78D61D447F62C4EACC80932A7144E3F045613FB9CC62AB
05_US_Stocks_CFD;AMZN;03_TRAIL_ONLY;BUY;MULTI;20;2086318080000;FAST_GENETIC;615436458;RESEARCH;05_US_Stocks_CFD/AMZN/03_TRAIL_ONLY/BUY_MULTI.set;98F1E94AB60951D579A7678F1A9B520290A70FB57C5B57BA979B47B8D4E2F94F
05_US_Stocks_CFD;AMZN;03_TRAIL_ONLY;BUY;ICHIMOKU;19;45519667200;FAST_GENETIC;653176505;RESEARCH;05_US_Stocks_CFD/AMZN/03_TRAIL_ONLY/BUY_ICHIMOKU.set;D788B5A74654A450B39C210BBB6F1B0D9FF244298845BED92ED7A38D6D8CB932
05_US_Stocks_CFD;AMZN;03_TRAIL_ONLY;SELL;MULTI;20;2086318080000;FAST_GENETIC;654538777;RESEARCH;05_US_Stocks_CFD/AMZN/03_TRAIL_ONLY/SELL_MULTI.set;4F31E12A29AD95323BA23CD143C5685C965F3FA03444C0DD45258CC35AC81154
05_US_Stocks_CFD;AMZN;03_TRAIL_ONLY;SELL;ICHIMOKU;19;45519667200;FAST_GENETIC;650623309;RESEARCH;05_US_Stocks_CFD/AMZN/03_TRAIL_ONLY/SELL_ICHIMOKU.set;316B8FB0E62F579E634668AA4AFDFB79A7DE8A113B963862EFD4B20C8C5F88B5
05_US_Stocks_CFD;AMZN;04_SLTP_TRAIL;BUY;MULTI;20;9179799552000;FAST_GENETIC;678674199;RESEARCH;05_US_Stocks_CFD/AMZN/04_SLTP_TRAIL/BUY_MULTI.set;FC63E9F3AD7BC1D9A5C8C904C37DF9DD06722FE5DD0BB58675E5F91ACA6CC268
05_US_Stocks_CFD;AMZN;04_SLTP_TRAIL;BUY;ICHIMOKU;19;200286535680;FAST_GENETIC;668606339;RESEARCH;05_US_Stocks_CFD/AMZN/04_SLTP_TRAIL/BUY_ICHIMOKU.set;4488DC30EF29A9EAF311DA3DF829E3C9E35DD58FB59EEAE023C86E687AB335BF
05_US_Stocks_CFD;AMZN;04_SLTP_TRAIL;SELL;MULTI;20;9179799552000;FAST_GENETIC;667476822;RESEARCH;05_US_Stocks_CFD/AMZN/04_SLTP_TRAIL/SELL_MULTI.set;C71A1700DD27F71823186D64B46CF09E4C21FCF4DBDA2F655C9BA7036D817801
05_US_Stocks_CFD;AMZN;04_SLTP_TRAIL;SELL;ICHIMOKU;19;200286535680;FAST_GENETIC;678413224;RESEARCH;05_US_Stocks_CFD/AMZN/04_SLTP_TRAIL/SELL_ICHIMOKU.set;83E2844556DEC4D30A4689709422C887B6B3CA028FEA70A9F2A9AC0D53C63B72
05_US_Stocks_CFD;AMZN;05_BE_TRAIL;BUY;MULTI;19;1043159040000;FAST_GENETIC;623225485;RESEARCH;05_US_Stocks_CFD/AMZN/05_BE_TRAIL/BUY_MULTI.set;11EAA2425FEFFC94529FB74BB5B7EAAC02DAFDBBB528ED2C257A3C7AC0623A91
05_US_Stocks_CFD;AMZN;05_BE_TRAIL;BUY;ICHIMOKU;18;22759833600;FAST_GENETIC;650373046;RESEARCH;05_US_Stocks_CFD/AMZN/05_BE_TRAIL/BUY_ICHIMOKU.set;E4F9CB81A8F5A0AED6BC3AEC0487C1CAB0FB4FA74CA8DA47BD30C73D03E485C2
05_US_Stocks_CFD;AMZN;05_BE_TRAIL;SELL;MULTI;19;1043159040000;FAST_GENETIC;626051117;RESEARCH;05_US_Stocks_CFD/AMZN/05_BE_TRAIL/SELL_MULTI.set;0262EE0D50BD11BCC8B7863F69FCDEF99D9E7BE86D89D471F8DBF999ED79B949
05_US_Stocks_CFD;AMZN;05_BE_TRAIL;SELL;ICHIMOKU;18;22759833600;FAST_GENETIC;690276052;RESEARCH;05_US_Stocks_CFD/AMZN/05_BE_TRAIL/SELL_ICHIMOKU.set;3CB87D9C6BB8489A27BDB698DEA919BCAB7F03B830ED825C763A36779681CDFA
05_US_Stocks_CFD;AMZN;06_REVERSAL_EXIT;BUY;MULTI;21;1669054464000;FAST_GENETIC;636880573;RESEARCH;05_US_Stocks_CFD/AMZN/06_REVERSAL_EXIT/BUY_MULTI.set;28FE45FA5D4E89DC10BC3E43ADFD95BBCD48823039100FFCDA98310C25BD28BF
05_US_Stocks_CFD;AMZN;06_REVERSAL_EXIT;BUY;ICHIMOKU;20;36415733760;FAST_GENETIC;613599044;RESEARCH;05_US_Stocks_CFD/AMZN/06_REVERSAL_EXIT/BUY_ICHIMOKU.set;87F7A464F39828BC39E4DC86ED56D0CC8C2CDDFD2EA45C37F034C15CDACD3D25
05_US_Stocks_CFD;AMZN;06_REVERSAL_EXIT;SELL;MULTI;21;1669054464000;FAST_GENETIC;670478652;RESEARCH;05_US_Stocks_CFD/AMZN/06_REVERSAL_EXIT/SELL_MULTI.set;097AD1F8FF15322243E7833E4DCE03C65280C5437A7000D54EC46F503EB586B7
05_US_Stocks_CFD;AMZN;06_REVERSAL_EXIT;SELL;ICHIMOKU;20;36415733760;FAST_GENETIC;673310976;RESEARCH;05_US_Stocks_CFD/AMZN/06_REVERSAL_EXIT/SELL_ICHIMOKU.set;21A3102FCC85765CB9B4663590DA16606BABFD59EA1CACC1FD1C23B27234E4C1
05_US_Stocks_CFD;AMZN;07_GRID_SEPARATE;BUY;MULTI;20;3161410560000;FAST_GENETIC;667718174;HEDGE_ACCOUNT_REQUIRED;05_US_Stocks_CFD/AMZN/07_GRID_SEPARATE/BUY_MULTI.set;F5183441459B4F4F3F6D0C180C99F2156EA86D5EE13AC6EBF31941106683163E
05_US_Stocks_CFD;AMZN;07_GRID_SEPARATE;BUY;ICHIMOKU;19;68976230400;FAST_GENETIC;681179855;HEDGE_ACCOUNT_REQUIRED;05_US_Stocks_CFD/AMZN/07_GRID_SEPARATE/BUY_ICHIMOKU.set;F3905168545A2FFB287D0BB51D5D8DA20D5388D123BB14820B71145AD535414E
05_US_Stocks_CFD;AMZN;07_GRID_SEPARATE;SELL;MULTI;20;3161410560000;FAST_GENETIC;668938409;HEDGE_ACCOUNT_REQUIRED;05_US_Stocks_CFD/AMZN/07_GRID_SEPARATE/SELL_MULTI.set;1D14FDC14DB1DCF07A08FFDBD583B59659B2B22D77E6FE5A1A1168C462EDB9EC
05_US_Stocks_CFD;AMZN;07_GRID_SEPARATE;SELL;ICHIMOKU;19;68976230400;FAST_GENETIC;644181143;HEDGE_ACCOUNT_REQUIRED;05_US_Stocks_CFD/AMZN/07_GRID_SEPARATE/SELL_ICHIMOKU.set;D58657799E1970CD6315CB5F86BE00EBB2367FE8DB42DC6581522FA2FF5AB116
05_US_Stocks_CFD;AMZN;08_GRID_UNIFIED;BOTH;MULTI;21;15807052800000;FAST_GENETIC;623760762;HEDGE_ACCOUNT_REQUIRED;05_US_Stocks_CFD/AMZN/08_GRID_UNIFIED/BOTH_MULTI.set;00C915466D9E7FE1C744C25D0116EAF5177256FD32497D2C88ED5F3C689A7870
05_US_Stocks_CFD;AMZN;08_GRID_UNIFIED;BOTH;ICHIMOKU;20;344881152000;FAST_GENETIC;658004700;HEDGE_ACCOUNT_REQUIRED;05_US_Stocks_CFD/AMZN/08_GRID_UNIFIED/BOTH_ICHIMOKU.set;7535C50B47C6ACDC2C00E75700A3D6C300BC3268B7468F0AFF8E178E0F37B17A
05_US_Stocks_CFD;AMZN;09_MARTINGALE;BUY;MULTI;21;18359599104000;FAST_GENETIC;617373347;HIGH_RISK;05_US_Stocks_CFD/AMZN/09_MARTINGALE/BUY_MULTI.set;7BFA83C0C3A23D549C01CD6F4F78069FCB9E7F3D50A096791346B859EB81166F
05_US_Stocks_CFD;AMZN;09_MARTINGALE;BUY;ICHIMOKU;20;400573071360;FAST_GENETIC;690423673;HIGH_RISK;05_US_Stocks_CFD/AMZN/09_MARTINGALE/BUY_ICHIMOKU.set;02C44CD9B8E6B7602F7A94F5B6839DC978585596ABFDAC9130633728934092C6
05_US_Stocks_CFD;AMZN;09_MARTINGALE;SELL;MULTI;21;18359599104000;FAST_GENETIC;671791676;HIGH_RISK;05_US_Stocks_CFD/AMZN/09_MARTINGALE/SELL_MULTI.set;17B318068BD0D02C37A9F2892FC58EA9DB60854CFCC7C2F6FE4EADF0E2E5A6AF
05_US_Stocks_CFD;AMZN;09_MARTINGALE;SELL;ICHIMOKU;20;400573071360;FAST_GENETIC;652377488;HIGH_RISK;05_US_Stocks_CFD/AMZN/09_MARTINGALE/SELL_ICHIMOKU.set;8AE3A83A142DB2BF1AF67958FC863AE367EB47BAA7098D1EB3B07682FBFC12A4
05_US_Stocks_CFD;AMZN;10_DALEMBERT;BUY;MULTI;21;13113999360000;FAST_GENETIC;611681124;HIGH_RISK;05_US_Stocks_CFD/AMZN/10_DALEMBERT/BUY_MULTI.set;FA2D3DF65A1A84198FC984B27CAA4005CEEC844A14B536C4AAA4AE66DE7B334C
05_US_Stocks_CFD;AMZN;10_DALEMBERT;BUY;ICHIMOKU;20;286123622400;FAST_GENETIC;619894199;HIGH_RISK;05_US_Stocks_CFD/AMZN/10_DALEMBERT/BUY_ICHIMOKU.set;CA4285DBF16AC4EAC2FDA49C99B21C65DF7BA23623A67139D93AB96DC371DD4E
05_US_Stocks_CFD;AMZN;10_DALEMBERT;SELL;MULTI;21;13113999360000;FAST_GENETIC;670341093;HIGH_RISK;05_US_Stocks_CFD/AMZN/10_DALEMBERT/SELL_MULTI.set;92B6492C9F26AC26496C300537CE0C944D7C3A5E3F68E756FA6552D8C8867353
05_US_Stocks_CFD;AMZN;10_DALEMBERT;SELL;ICHIMOKU;20;286123622400;FAST_GENETIC;676967941;HIGH_RISK;05_US_Stocks_CFD/AMZN/10_DALEMBERT/SELL_ICHIMOKU.set;012502E35D77DE388C46A43BF129E113E7BF7B831855B2536C2765123598002C
05_US_Stocks_CFD;AMZN;11_SIGNAL_ONLY;BUY;MULTI;16;354816000;FAST_GENETIC;646457654;HIGH_RISK_RESEARCH;05_US_Stocks_CFD/AMZN/11_SIGNAL_ONLY/BUY_MULTI.set;049676B817CB9152162A5A93DCCDA1EB430BA25B966F6674E790B6C9674B237F
05_US_Stocks_CFD;AMZN;11_SIGNAL_ONLY;BUY;ICHIMOKU;15;7741440;FAST_GENETIC;644473458;HIGH_RISK_RESEARCH;05_US_Stocks_CFD/AMZN/11_SIGNAL_ONLY/BUY_ICHIMOKU.set;93152F5905D39CCEAACC57A842DBE679CE084E171F77E39A2C885FB8404FFCA9
05_US_Stocks_CFD;AMZN;11_SIGNAL_ONLY;SELL;MULTI;16;354816000;FAST_GENETIC;675986869;HIGH_RISK_RESEARCH;05_US_Stocks_CFD/AMZN/11_SIGNAL_ONLY/SELL_MULTI.set;C39A9A5CCDF8144568BA0BBD7F2021CBD9B5260B2C568D4DC5576A75123CE425
05_US_Stocks_CFD;AMZN;11_SIGNAL_ONLY;SELL;ICHIMOKU;15;7741440;FAST_GENETIC;669072978;HIGH_RISK_RESEARCH;05_US_Stocks_CFD/AMZN/11_SIGNAL_ONLY/SELL_ICHIMOKU.set;B02B20C0B00800735585CA8A6CCC450B7D305C1CB4CD6ABFF8D88BCC1E109305
05_US_Stocks_CFD;BA;01_SLTP;BUY;MULTI;19;655699968000;FAST_GENETIC;658743540;RESEARCH;05_US_Stocks_CFD/BA/01_SLTP/BUY_MULTI.set;A6DEB67130484B242EDCF0AC3CFA964C1CDC04BC53D6515CC33D3343E6BD57BC
05_US_Stocks_CFD;BA;01_SLTP;BUY;ICHIMOKU;18;14306181120;FAST_GENETIC;688504589;RESEARCH;05_US_Stocks_CFD/BA/01_SLTP/BUY_ICHIMOKU.set;31192E84FA3E686C4131AB7146AC9B533843AA2A4283391BBA2A877276540EAA
05_US_Stocks_CFD;BA;01_SLTP;SELL;MULTI;19;655699968000;FAST_GENETIC;632047828;RESEARCH;05_US_Stocks_CFD/BA/01_SLTP/SELL_MULTI.set;5F50AE5D827E6F07962AA118259662BE86DC1D119FBBBEC89E5AAD4DCAC9D2A5
05_US_Stocks_CFD;BA;01_SLTP;SELL;ICHIMOKU;18;14306181120;FAST_GENETIC;624961259;RESEARCH;05_US_Stocks_CFD/BA/01_SLTP/SELL_ICHIMOKU.set;6E8A4B3B37EABEFE68A17E32B025E7D77427871558F177BB7B8D570507D1E891
05_US_Stocks_CFD;BA;02_SLTP_ORGANIC;BUY;MULTI;19;655699968000;FAST_GENETIC;641599160;RESEARCH;05_US_Stocks_CFD/BA/02_SLTP_ORGANIC/BUY_MULTI.set;A54B1CF9265369803AB29767763901F633E5D4731EC8A4373F4BD4A962DCD473
05_US_Stocks_CFD;BA;02_SLTP_ORGANIC;BUY;ICHIMOKU;18;14306181120;FAST_GENETIC;668536058;RESEARCH;05_US_Stocks_CFD/BA/02_SLTP_ORGANIC/BUY_ICHIMOKU.set;A2F7AC8A385E87CCE33C0AEC8C1F754CEDB270D25466291BD14C166DE1D20BDB
05_US_Stocks_CFD;BA;02_SLTP_ORGANIC;SELL;MULTI;19;655699968000;FAST_GENETIC;676108325;RESEARCH;05_US_Stocks_CFD/BA/02_SLTP_ORGANIC/SELL_MULTI.set;E704D6C664422B75CE079BD7E3CA87AB1167CA4D003B930B3C8B11048A2F8981
05_US_Stocks_CFD;BA;02_SLTP_ORGANIC;SELL;ICHIMOKU;18;14306181120;FAST_GENETIC;680959954;RESEARCH;05_US_Stocks_CFD/BA/02_SLTP_ORGANIC/SELL_ICHIMOKU.set;937096C44D693DFCB543020DBFC84098F0213088FC8C6CC1587FCA1D931D13A9
05_US_Stocks_CFD;BA;03_TRAIL_ONLY;BUY;MULTI;20;2086318080000;FAST_GENETIC;621795415;RESEARCH;05_US_Stocks_CFD/BA/03_TRAIL_ONLY/BUY_MULTI.set;08C48C13517802FAD8B848FA2BFEB3EAB3EA10D2755DD43D270ADF43C01084BF
05_US_Stocks_CFD;BA;03_TRAIL_ONLY;BUY;ICHIMOKU;19;45519667200;FAST_GENETIC;658133242;RESEARCH;05_US_Stocks_CFD/BA/03_TRAIL_ONLY/BUY_ICHIMOKU.set;94EA170ED7CDEA989AEAD61ADF293709EDCFE98FEAD8AB311F40C1BE6A1655F3
05_US_Stocks_CFD;BA;03_TRAIL_ONLY;SELL;MULTI;20;2086318080000;FAST_GENETIC;621859342;RESEARCH;05_US_Stocks_CFD/BA/03_TRAIL_ONLY/SELL_MULTI.set;C621617C6AF98B222CD4F4B82229D90E83EF4F2204F36B64E8141BA3AA5975B4
05_US_Stocks_CFD;BA;03_TRAIL_ONLY;SELL;ICHIMOKU;19;45519667200;FAST_GENETIC;637225210;RESEARCH;05_US_Stocks_CFD/BA/03_TRAIL_ONLY/SELL_ICHIMOKU.set;6348428A56FDA32ECF8E62107AEBEAC095138F7FED36F7EDB69E9ADB34F94B45
05_US_Stocks_CFD;BA;04_SLTP_TRAIL;BUY;MULTI;20;9179799552000;FAST_GENETIC;680254974;RESEARCH;05_US_Stocks_CFD/BA/04_SLTP_TRAIL/BUY_MULTI.set;3B3AC815A3317B98631C5FA7A397E9C4AD0924EAB22DF025FC607A7C4269A0C5
05_US_Stocks_CFD;BA;04_SLTP_TRAIL;BUY;ICHIMOKU;19;200286535680;FAST_GENETIC;633040373;RESEARCH;05_US_Stocks_CFD/BA/04_SLTP_TRAIL/BUY_ICHIMOKU.set;81BDD869C83F4892FC8CD39810EA55C39A651DE54DF68D34B7258D17864A7677
05_US_Stocks_CFD;BA;04_SLTP_TRAIL;SELL;MULTI;20;9179799552000;FAST_GENETIC;685442021;RESEARCH;05_US_Stocks_CFD/BA/04_SLTP_TRAIL/SELL_MULTI.set;5970D996642E7805AACF2BB9510BFF64769B849ECBE8AC658F50DA00A8C0BDC9
05_US_Stocks_CFD;BA;04_SLTP_TRAIL;SELL;ICHIMOKU;19;200286535680;FAST_GENETIC;622407437;RESEARCH;05_US_Stocks_CFD/BA/04_SLTP_TRAIL/SELL_ICHIMOKU.set;E1253AFA4B6268031CD437501678605BA1F3FF35A96DBCF6C4E5E2652E5E6D52
05_US_Stocks_CFD;BA;05_BE_TRAIL;BUY;MULTI;19;1043159040000;FAST_GENETIC;653043498;RESEARCH;05_US_Stocks_CFD/BA/05_BE_TRAIL/BUY_MULTI.set;EDF9099EE7F454F3499E770BFDF562AB888A4BC9E912F55393547B9BEAA73838
05_US_Stocks_CFD;BA;05_BE_TRAIL;BUY;ICHIMOKU;18;22759833600;FAST_GENETIC;618549001;RESEARCH;05_US_Stocks_CFD/BA/05_BE_TRAIL/BUY_ICHIMOKU.set;CAEBECB08960207C72B7C98F3A927F43440B8D64F78DB8C62C4F4E1299CE9583
05_US_Stocks_CFD;BA;05_BE_TRAIL;SELL;MULTI;19;1043159040000;FAST_GENETIC;618892500;RESEARCH;05_US_Stocks_CFD/BA/05_BE_TRAIL/SELL_MULTI.set;7999DEB07B164A4E5A4E24BF2C483E6931B95023D611358B20DDDF1C494A08EB
05_US_Stocks_CFD;BA;05_BE_TRAIL;SELL;ICHIMOKU;18;22759833600;FAST_GENETIC;696018491;RESEARCH;05_US_Stocks_CFD/BA/05_BE_TRAIL/SELL_ICHIMOKU.set;0710B0D0EC5C1EFF4F1F91854674492CA35BDBE86A74FB07BEA37DE09F0A6CA0
05_US_Stocks_CFD;BA;06_REVERSAL_EXIT;BUY;MULTI;21;1669054464000;FAST_GENETIC;656199668;RESEARCH;05_US_Stocks_CFD/BA/06_REVERSAL_EXIT/BUY_MULTI.set;99B4BB045681E383D45FC8DEF0B82EC27D4A5799FDC82EED6879DF57EBEB162E
05_US_Stocks_CFD;BA;06_REVERSAL_EXIT;BUY;ICHIMOKU;20;36415733760;FAST_GENETIC;616511718;RESEARCH;05_US_Stocks_CFD/BA/06_REVERSAL_EXIT/BUY_ICHIMOKU.set;40602D0D6B945F6DE5DF544E4CF5F3472B1E0B9D7037D6D74D3BDA7BFA180299
05_US_Stocks_CFD;BA;06_REVERSAL_EXIT;SELL;MULTI;21;1669054464000;FAST_GENETIC;667231747;RESEARCH;05_US_Stocks_CFD/BA/06_REVERSAL_EXIT/SELL_MULTI.set;0E5A74A43F8EAB6F0BEFA0E65CE6F87B1EBE781D93C3954F9C3179DA184BF85A
05_US_Stocks_CFD;BA;06_REVERSAL_EXIT;SELL;ICHIMOKU;20;36415733760;FAST_GENETIC;649152936;RESEARCH;05_US_Stocks_CFD/BA/06_REVERSAL_EXIT/SELL_ICHIMOKU.set;6EB359F2EEB3E909315F6344CF30C60091AB4DBDB0FA34666DA5F5360905F72C
05_US_Stocks_CFD;BA;07_GRID_SEPARATE;BUY;MULTI;20;3161410560000;FAST_GENETIC;631046100;HEDGE_ACCOUNT_REQUIRED;05_US_Stocks_CFD/BA/07_GRID_SEPARATE/BUY_MULTI.set;4EDC5E60060EBE8E0336BE3B96F6C8B9A8318CF6FFEAD8CD773B4645FFBC57E8
05_US_Stocks_CFD;BA;07_GRID_SEPARATE;BUY;ICHIMOKU;19;68976230400;FAST_GENETIC;622987715;HEDGE_ACCOUNT_REQUIRED;05_US_Stocks_CFD/BA/07_GRID_SEPARATE/BUY_ICHIMOKU.set;5BFD0571E9A1FF77E28EDB7F364C56AB3F14C71DD9F260C8CF6D4A4D867CAD12
05_US_Stocks_CFD;BA;07_GRID_SEPARATE;SELL;MULTI;20;3161410560000;FAST_GENETIC;640585981;HEDGE_ACCOUNT_REQUIRED;05_US_Stocks_CFD/BA/07_GRID_SEPARATE/SELL_MULTI.set;E313FA363AE5DB86CC1A0DBA7C2749428566CE049973163F8CE92DABE1E1F28A
05_US_Stocks_CFD;BA;07_GRID_SEPARATE;SELL;ICHIMOKU;19;68976230400;FAST_GENETIC;676143131;HEDGE_ACCOUNT_REQUIRED;05_US_Stocks_CFD/BA/07_GRID_SEPARATE/SELL_ICHIMOKU.set;8C61D098915DA89923061A0D30F444C155BBB8E0D0B54C2BD14106B35FB7EAA5
05_US_Stocks_CFD;BA;08_GRID_UNIFIED;BOTH;MULTI;21;15807052800000;FAST_GENETIC;628258446;HEDGE_ACCOUNT_REQUIRED;05_US_Stocks_CFD/BA/08_GRID_UNIFIED/BOTH_MULTI.set;100C6AA8C41B3D3DB55BEFAD85D6AE4597B2BA2104CC48E98E974A22E5BC493C
05_US_Stocks_CFD;BA;08_GRID_UNIFIED;BOTH;ICHIMOKU;20;344881152000;FAST_GENETIC;676646648;HEDGE_ACCOUNT_REQUIRED;05_US_Stocks_CFD/BA/08_GRID_UNIFIED/BOTH_ICHIMOKU.set;10D9EA09410AFEC124CB3EFF424057FDEBB809567A43CE14FB85465CD21F3CD5
05_US_Stocks_CFD;BA;09_MARTINGALE;BUY;MULTI;21;18359599104000;FAST_GENETIC;696762672;HIGH_RISK;05_US_Stocks_CFD/BA/09_MARTINGALE/BUY_MULTI.set;3CD98AC2D4CD7C78AE2EBADA0F11E0BF039FC5FF52D26680F0528D91EDABA350
05_US_Stocks_CFD;BA;09_MARTINGALE;BUY;ICHIMOKU;20;400573071360;FAST_GENETIC;698571401;HIGH_RISK;05_US_Stocks_CFD/BA/09_MARTINGALE/BUY_ICHIMOKU.set;496D8E94ED903BF117E256BDAAE7D3498FA7152841CCB8B48F906506778B9468
05_US_Stocks_CFD;BA;09_MARTINGALE;SELL;MULTI;21;18359599104000;FAST_GENETIC;664751135;HIGH_RISK;05_US_Stocks_CFD/BA/09_MARTINGALE/SELL_MULTI.set;FAF5C00AC1D99E3AB81CAF5BF2BE8100DF8FD47234DD7807B635206D04B3FDAA
05_US_Stocks_CFD;BA;09_MARTINGALE;SELL;ICHIMOKU;20;400573071360;FAST_GENETIC;675681587;HIGH_RISK;05_US_Stocks_CFD/BA/09_MARTINGALE/SELL_ICHIMOKU.set;2E5732EE68F567D6FF602C017D27050985379884E03962662B718C3A0FE0E944
05_US_Stocks_CFD;BA;10_DALEMBERT;BUY;MULTI;21;13113999360000;FAST_GENETIC;669261057;HIGH_RISK;05_US_Stocks_CFD/BA/10_DALEMBERT/BUY_MULTI.set;140DC43ED89B6822E9CB20615E104201C5D7E5655204741C47F678F508007826
05_US_Stocks_CFD;BA;10_DALEMBERT;BUY;ICHIMOKU;20;286123622400;FAST_GENETIC;660533034;HIGH_RISK;05_US_Stocks_CFD/BA/10_DALEMBERT/BUY_ICHIMOKU.set;6073A9C890E7E03E7FA38DFC06A0F88021B79233898F155A4EB88418F7E99ABC
05_US_Stocks_CFD;BA;10_DALEMBERT;SELL;MULTI;21;13113999360000;FAST_GENETIC;694630885;HIGH_RISK;05_US_Stocks_CFD/BA/10_DALEMBERT/SELL_MULTI.set;A44A03112ABBE3E45C72805F6C5ADC96AA5D22CF1DF8B79C2AF3C81BAD9AA98D
05_US_Stocks_CFD;BA;10_DALEMBERT;SELL;ICHIMOKU;20;286123622400;FAST_GENETIC;628581314;HIGH_RISK;05_US_Stocks_CFD/BA/10_DALEMBERT/SELL_ICHIMOKU.set;D80D26533A3A965B03B8E4ADBFC196C08E440E953C41C877F49FC4247AE99274
05_US_Stocks_CFD;BA;11_SIGNAL_ONLY;BUY;MULTI;16;354816000;FAST_GENETIC;696081030;HIGH_RISK_RESEARCH;05_US_Stocks_CFD/BA/11_SIGNAL_ONLY/BUY_MULTI.set;4FAD8690B73C8B4CEA1B77FB3DEEF93FEE84500093889C50719C2D84008A78DE
05_US_Stocks_CFD;BA;11_SIGNAL_ONLY;BUY;ICHIMOKU;15;7741440;FAST_GENETIC;634119761;HIGH_RISK_RESEARCH;05_US_Stocks_CFD/BA/11_SIGNAL_ONLY/BUY_ICHIMOKU.set;95830563FD6994BBDFE27F029560BFB8BF7AEF89984E7C36B0078B79CF905365
05_US_Stocks_CFD;BA;11_SIGNAL_ONLY;SELL;MULTI;16;354816000;FAST_GENETIC;630995671;HIGH_RISK_RESEARCH;05_US_Stocks_CFD/BA/11_SIGNAL_ONLY/SELL_MULTI.set;AB98594F2FEDF2358883FEBF2859AF6A7A70512E601E875F84823595F9451CFD
05_US_Stocks_CFD;BA;11_SIGNAL_ONLY;SELL;ICHIMOKU;15;7741440;FAST_GENETIC;688330839;HIGH_RISK_RESEARCH;05_US_Stocks_CFD/BA/11_SIGNAL_ONLY/SELL_ICHIMOKU.set;021EB82F5C21CF8D98EBAC2D29702F6B17AAFFA3C36B48568E85EB4991BC5577
05_US_Stocks_CFD;BAC;01_SLTP;BUY;MULTI;19;655699968000;FAST_GENETIC;688329982;RESEARCH;05_US_Stocks_CFD/BAC/01_SLTP/BUY_MULTI.set;6F698863B2723D39E2AD8FB5D2F3637CC91A0DE47455A6FC6BAE71CA0D7207EA
05_US_Stocks_CFD;BAC;01_SLTP;BUY;ICHIMOKU;18;14306181120;FAST_GENETIC;698177365;RESEARCH;05_US_Stocks_CFD/BAC/01_SLTP/BUY_ICHIMOKU.set;23A0EC654EF031F5766E239A826C6242B62517D7F166DFEBD32433A15A0E5257
05_US_Stocks_CFD;BAC;01_SLTP;SELL;MULTI;19;655699968000;FAST_GENETIC;661701556;RESEARCH;05_US_Stocks_CFD/BAC/01_SLTP/SELL_MULTI.set;DA016F5F9FC8AE9B31B4C7CC901E0D5C3BF0D4BA3D5881959A09B4A2986E07F3
05_US_Stocks_CFD;BAC;01_SLTP;SELL;ICHIMOKU;18;14306181120;FAST_GENETIC;659136930;RESEARCH;05_US_Stocks_CFD/BAC/01_SLTP/SELL_ICHIMOKU.set;C366EE7E139EB34F6A80304030D6A97D60E72FDABB2F2E9F21A0298806B55EBD
05_US_Stocks_CFD;BAC;02_SLTP_ORGANIC;BUY;MULTI;19;655699968000;FAST_GENETIC;681221562;RESEARCH;05_US_Stocks_CFD/BAC/02_SLTP_ORGANIC/BUY_MULTI.set;942DAB033D798997AB5943146F34E9381A419B89ABF330DB22535905C4EDD5FB
05_US_Stocks_CFD;BAC;02_SLTP_ORGANIC;BUY;ICHIMOKU;18;14306181120;FAST_GENETIC;669315751;RESEARCH;05_US_Stocks_CFD/BAC/02_SLTP_ORGANIC/BUY_ICHIMOKU.set;D8CCC80E3AF0E621CFD52AAA76FF8E90FDCA9A9C861EB27853F417C477699B34
05_US_Stocks_CFD;BAC;02_SLTP_ORGANIC;SELL;MULTI;19;655699968000;FAST_GENETIC;672123740;RESEARCH;05_US_Stocks_CFD/BAC/02_SLTP_ORGANIC/SELL_MULTI.set;E13A74C100BACF623A5D5647503F333254D456255E0DF4F100C3FD5142460FD3
05_US_Stocks_CFD;BAC;02_SLTP_ORGANIC;SELL;ICHIMOKU;18;14306181120;FAST_GENETIC;613549149;RESEARCH;05_US_Stocks_CFD/BAC/02_SLTP_ORGANIC/SELL_ICHIMOKU.set;CC4BA4B5902A0E35383186714CC2550057BD7DF501DF33A450846E29A8DBB03A
05_US_Stocks_CFD;BAC;03_TRAIL_ONLY;BUY;MULTI;20;2086318080000;FAST_GENETIC;628698780;RESEARCH;05_US_Stocks_CFD/BAC/03_TRAIL_ONLY/BUY_MULTI.set;EFE93EA271512DA7F4B9EBEA97C838952A4EF389A555275C326D66DB023E31EE
05_US_Stocks_CFD;BAC;03_TRAIL_ONLY;BUY;ICHIMOKU;19;45519667200;FAST_GENETIC;675269352;RESEARCH;05_US_Stocks_CFD/BAC/03_TRAIL_ONLY/BUY_ICHIMOKU.set;BAFE0941AE18139863D5546D41626DB78F7C926CF0DCEC76FD8FDA4C67064EF5
05_US_Stocks_CFD;BAC;03_TRAIL_ONLY;SELL;MULTI;20;2086318080000;FAST_GENETIC;652904334;RESEARCH;05_US_Stocks_CFD/BAC/03_TRAIL_ONLY/SELL_MULTI.set;8F3A82FCF8542603BBAD41D5B4CA483EC54366D8101E9BCDE00CEFED64E81A5A
05_US_Stocks_CFD;BAC;03_TRAIL_ONLY;SELL;ICHIMOKU;19;45519667200;FAST_GENETIC;675690974;RESEARCH;05_US_Stocks_CFD/BAC/03_TRAIL_ONLY/SELL_ICHIMOKU.set;01381D022BCC487BEDA2FD279B6836F2F8F970C1C976727D449B5CD9AF88641D
05_US_Stocks_CFD;BAC;04_SLTP_TRAIL;BUY;MULTI;20;9179799552000;FAST_GENETIC;699882962;RESEARCH;05_US_Stocks_CFD/BAC/04_SLTP_TRAIL/BUY_MULTI.set;8CCF531ED9F11589D3601A54B19C0D94BE8D9CDE4F783F2E299F1706DFB62096
05_US_Stocks_CFD;BAC;04_SLTP_TRAIL;BUY;ICHIMOKU;19;200286535680;FAST_GENETIC;642277772;RESEARCH;05_US_Stocks_CFD/BAC/04_SLTP_TRAIL/BUY_ICHIMOKU.set;79AA2DBAA4CB01BBA97CFC34994B28D5022C319EC0A47A96BD45AC89E08B2006
05_US_Stocks_CFD;BAC;04_SLTP_TRAIL;SELL;MULTI;20;9179799552000;FAST_GENETIC;622827084;RESEARCH;05_US_Stocks_CFD/BAC/04_SLTP_TRAIL/SELL_MULTI.set;94EE5520340DB7D33A9F70E977E478975177587C22E5E4601C78889D2F916367
05_US_Stocks_CFD;BAC;04_SLTP_TRAIL;SELL;ICHIMOKU;19;200286535680;FAST_GENETIC;664589311;RESEARCH;05_US_Stocks_CFD/BAC/04_SLTP_TRAIL/SELL_ICHIMOKU.set;90BBC3E09745AD815F94C512E4DCF2BB9943A04B3A74B24F96EF47D4824464EB
05_US_Stocks_CFD;BAC;05_BE_TRAIL;BUY;MULTI;19;1043159040000;FAST_GENETIC;643446361;RESEARCH;05_US_Stocks_CFD/BAC/05_BE_TRAIL/BUY_MULTI.set;6DF08FBA8A5331923D33BF0D6195E34CC0B63185119C2D124989CE777D5DAF34
05_US_Stocks_CFD;BAC;05_BE_TRAIL;BUY;ICHIMOKU;18;22759833600;FAST_GENETIC;671767052;RESEARCH;05_US_Stocks_CFD/BAC/05_BE_TRAIL/BUY_ICHIMOKU.set;FFB32CCC3AF803A49EAECFF092CBCB0165DF8182119CCF31CE8340FE7E435038
05_US_Stocks_CFD;BAC;05_BE_TRAIL;SELL;MULTI;19;1043159040000;FAST_GENETIC;673463150;RESEARCH;05_US_Stocks_CFD/BAC/05_BE_TRAIL/SELL_MULTI.set;DC81E571531E59BBFE79D6AC4A2B4D14420149BE7CD91F79BB226715888492C6
05_US_Stocks_CFD;BAC;05_BE_TRAIL;SELL;ICHIMOKU;18;22759833600;FAST_GENETIC;650122486;RESEARCH;05_US_Stocks_CFD/BAC/05_BE_TRAIL/SELL_ICHIMOKU.set;F1F5DE0F26F22CE86F91DC4E41547FB80370A0E50A6B1BD0F1D401CC42031648
05_US_Stocks_CFD;BAC;06_REVERSAL_EXIT;BUY;MULTI;21;1669054464000;FAST_GENETIC;614805531;RESEARCH;05_US_Stocks_CFD/BAC/06_REVERSAL_EXIT/BUY_MULTI.set;7CDB72CBE28A0AC14EAB83974F6B5844336962765632142F9BA1D698B790CF58
05_US_Stocks_CFD;BAC;06_REVERSAL_EXIT;BUY;ICHIMOKU;20;36415733760;FAST_GENETIC;660886437;RESEARCH;05_US_Stocks_CFD/BAC/06_REVERSAL_EXIT/BUY_ICHIMOKU.set;7ABE7445C49F46B2143823196F9ECA6C056093B9B4971804A8730F4823BA4801
05_US_Stocks_CFD;BAC;06_REVERSAL_EXIT;SELL;MULTI;21;1669054464000;FAST_GENETIC;671902866;RESEARCH;05_US_Stocks_CFD/BAC/06_REVERSAL_EXIT/SELL_MULTI.set;B5F7B9BD93640B75B3EC575F56D2FBB29A4C2C40C359B130BE320EDB9DE58EBC
05_US_Stocks_CFD;BAC;06_REVERSAL_EXIT;SELL;ICHIMOKU;20;36415733760;FAST_GENETIC;688291304;RESEARCH;05_US_Stocks_CFD/BAC/06_REVERSAL_EXIT/SELL_ICHIMOKU.set;CE82C93BB4CCF972101152A4B7EFA1F68DC57EDFA6077FA9AFFD13EF2A4E775E
05_US_Stocks_CFD;BAC;07_GRID_SEPARATE;BUY;MULTI;20;3161410560000;FAST_GENETIC;623401731;HEDGE_ACCOUNT_REQUIRED;05_US_Stocks_CFD/BAC/07_GRID_SEPARATE/BUY_MULTI.set;57E0FCC9B2F32EBF9B9BC295BCF4EE7EF8F65E9F172FA7E7026BA5661D6BA9DE
05_US_Stocks_CFD;BAC;07_GRID_SEPARATE;BUY;ICHIMOKU;19;68976230400;FAST_GENETIC;612280521;HEDGE_ACCOUNT_REQUIRED;05_US_Stocks_CFD/BAC/07_GRID_SEPARATE/BUY_ICHIMOKU.set;0EB243C81C57E6839A037999EC3EF050C84A551197CD7570765E57F727AD79E4
05_US_Stocks_CFD;BAC;07_GRID_SEPARATE;SELL;MULTI;20;3161410560000;FAST_GENETIC;688818906;HEDGE_ACCOUNT_REQUIRED;05_US_Stocks_CFD/BAC/07_GRID_SEPARATE/SELL_MULTI.set;70D58319F2DEA803AEA5F097271CCB437062D51F44950002148BE2D105D3C19D
05_US_Stocks_CFD;BAC;07_GRID_SEPARATE;SELL;ICHIMOKU;19;68976230400;FAST_GENETIC;636017538;HEDGE_ACCOUNT_REQUIRED;05_US_Stocks_CFD/BAC/07_GRID_SEPARATE/SELL_ICHIMOKU.set;2F33D8E9C039B90E324418FD297F638044DA9C888233FA844E142FEA7459A8DA
05_US_Stocks_CFD;BAC;08_GRID_UNIFIED;BOTH;MULTI;21;15807052800000;FAST_GENETIC;618935923;HEDGE_ACCOUNT_REQUIRED;05_US_Stocks_CFD/BAC/08_GRID_UNIFIED/BOTH_MULTI.set;DBCDE10DD5426A13B39586CBC244C7D50CF9ACA153F1AAEF2B393747AA3B71B4
05_US_Stocks_CFD;BAC;08_GRID_UNIFIED;BOTH;ICHIMOKU;20;344881152000;FAST_GENETIC;612814912;HEDGE_ACCOUNT_REQUIRED;05_US_Stocks_CFD/BAC/08_GRID_UNIFIED/BOTH_ICHIMOKU.set;037573E0A60332FD5A070B4F9C392D9EC231B8065A4D071DAE0D4DD33B916E5A
05_US_Stocks_CFD;BAC;09_MARTINGALE;BUY;MULTI;21;18359599104000;FAST_GENETIC;638778147;HIGH_RISK;05_US_Stocks_CFD/BAC/09_MARTINGALE/BUY_MULTI.set;192520B95D15B81C0BAEAEF3EC6FD71F0BBC984221D3803FA6B4FC06834A4B8B
05_US_Stocks_CFD;BAC;09_MARTINGALE;BUY;ICHIMOKU;20;400573071360;FAST_GENETIC;654929186;HIGH_RISK;05_US_Stocks_CFD/BAC/09_MARTINGALE/BUY_ICHIMOKU.set;02DFA7E78833DBB23BBA608D11E1703910DD13383AF3364AAF94E88DCE61E98A
05_US_Stocks_CFD;BAC;09_MARTINGALE;SELL;MULTI;21;18359599104000;FAST_GENETIC;692023717;HIGH_RISK;05_US_Stocks_CFD/BAC/09_MARTINGALE/SELL_MULTI.set;303841D1C827844D3CF25855A709D064ED2173676E1E450032048A0AE3564842
05_US_Stocks_CFD;BAC;09_MARTINGALE;SELL;ICHIMOKU;20;400573071360;FAST_GENETIC;662221790;HIGH_RISK;05_US_Stocks_CFD/BAC/09_MARTINGALE/SELL_ICHIMOKU.set;721579A0395A98946818D5D8D971E9ADEBDD91F4C1F90AC06460701B53D7DDB2
05_US_Stocks_CFD;BAC;10_DALEMBERT;BUY;MULTI;21;13113999360000;FAST_GENETIC;635229523;HIGH_RISK;05_US_Stocks_CFD/BAC/10_DALEMBERT/BUY_MULTI.set;CE360AD1E2456DAD316736BEC4E76FE42F22EC74A0FD734FB704134C134AB288
05_US_Stocks_CFD;BAC;10_DALEMBERT;BUY;ICHIMOKU;20;286123622400;FAST_GENETIC;645245212;HIGH_RISK;05_US_Stocks_CFD/BAC/10_DALEMBERT/BUY_ICHIMOKU.set;006CC2E658B880F4606BF98B0A99FFCDAC143B9E67448CBCFDD5B35B8746DDB0
05_US_Stocks_CFD;BAC;10_DALEMBERT;SELL;MULTI;21;13113999360000;FAST_GENETIC;610563386;HIGH_RISK;05_US_Stocks_CFD/BAC/10_DALEMBERT/SELL_MULTI.set;28ACEBCC5336988509B3C6D069718F824B6FA4659AE7138D1A5D4112A8C164FC
05_US_Stocks_CFD;BAC;10_DALEMBERT;SELL;ICHIMOKU;20;286123622400;FAST_GENETIC;678664883;HIGH_RISK;05_US_Stocks_CFD/BAC/10_DALEMBERT/SELL_ICHIMOKU.set;F29D4796B3B51792A177505ABD7AE3FDAF362893713CA34979A126090261A35B
05_US_Stocks_CFD;BAC;11_SIGNAL_ONLY;BUY;MULTI;16;354816000;FAST_GENETIC;698369419;HIGH_RISK_RESEARCH;05_US_Stocks_CFD/BAC/11_SIGNAL_ONLY/BUY_MULTI.set;3D08B0461227B4E4687582D0AD2353923FCF993288D3A377A053F57ED84C457F
05_US_Stocks_CFD;BAC;11_SIGNAL_ONLY;BUY;ICHIMOKU;15;7741440;FAST_GENETIC;677470959;HIGH_RISK_RESEARCH;05_US_Stocks_CFD/BAC/11_SIGNAL_ONLY/BUY_ICHIMOKU.set;C6DD28BB5B4BC122A6171271618CBB3E30EE0B2FDBB344E40FB9EF2DDA85EA8F
05_US_Stocks_CFD;BAC;11_SIGNAL_ONLY;SELL;MULTI;16;354816000;FAST_GENETIC;657411225;HIGH_RISK_RESEARCH;05_US_Stocks_CFD/BAC/11_SIGNAL_ONLY/SELL_MULTI.set;58AA9E23FBA779B75FE3E5E8642C0AC9A76AE1AC6E13D6FACDBFB9D1F4526EF7
05_US_Stocks_CFD;BAC;11_SIGNAL_ONLY;SELL;ICHIMOKU;15;7741440;FAST_GENETIC;625566270;HIGH_RISK_RESEARCH;05_US_Stocks_CFD/BAC/11_SIGNAL_ONLY/SELL_ICHIMOKU.set;2AE2355586D1B533BEEB12251FE2D7FE618C2CA914AE07735EAD0B15BD6FE0F3
05_US_Stocks_CFD;BRK.B;01_SLTP;BUY;MULTI;19;655699968000;FAST_GENETIC;651287633;RESEARCH;05_US_Stocks_CFD/BRK.B/01_SLTP/BUY_MULTI.set;1F6DE486A5F0398B6398EC3CC3C945ECF1524302AA4E666888C6B997DFDF0638
05_US_Stocks_CFD;BRK.B;01_SLTP;BUY;ICHIMOKU;18;14306181120;FAST_GENETIC;676172502;RESEARCH;05_US_Stocks_CFD/BRK.B/01_SLTP/BUY_ICHIMOKU.set;B1A14264AC666D4A997A0475A748672DBD5D054AD99A636CC76E93FABB24477E
05_US_Stocks_CFD;BRK.B;01_SLTP;SELL;MULTI;19;655699968000;FAST_GENETIC;624075731;RESEARCH;05_US_Stocks_CFD/BRK.B/01_SLTP/SELL_MULTI.set;A93A9C6354CBED7E7CA1A957195C150721FBAB142DA537DEAE855C22595D55BC
05_US_Stocks_CFD;BRK.B;01_SLTP;SELL;ICHIMOKU;18;14306181120;FAST_GENETIC;644613552;RESEARCH;05_US_Stocks_CFD/BRK.B/01_SLTP/SELL_ICHIMOKU.set;EB0633CD6ACB11EEB799AF6F23CDF9918CD817774092F1C9342194C44A128A1F
05_US_Stocks_CFD;BRK.B;02_SLTP_ORGANIC;BUY;MULTI;19;655699968000;FAST_GENETIC;642269762;RESEARCH;05_US_Stocks_CFD/BRK.B/02_SLTP_ORGANIC/BUY_MULTI.set;536FA666CA04394CC93574E532C9153D7F54672EC1F89AA8090362EA6A2D7A9D
05_US_Stocks_CFD;BRK.B;02_SLTP_ORGANIC;BUY;ICHIMOKU;18;14306181120;FAST_GENETIC;689829302;RESEARCH;05_US_Stocks_CFD/BRK.B/02_SLTP_ORGANIC/BUY_ICHIMOKU.set;39CDA1D06707CE91478A53C1E4CA7A3DBDBA1132C5FC9B0FBECE4F33039F1D7F
05_US_Stocks_CFD;BRK.B;02_SLTP_ORGANIC;SELL;MULTI;19;655699968000;FAST_GENETIC;623469022;RESEARCH;05_US_Stocks_CFD/BRK.B/02_SLTP_ORGANIC/SELL_MULTI.set;33C17C40C8A3B4CBCD421CEFD0CCCE8B9275BD0CFDEAC9A6E66376221B56E335
05_US_Stocks_CFD;BRK.B;02_SLTP_ORGANIC;SELL;ICHIMOKU;18;14306181120;FAST_GENETIC;638558149;RESEARCH;05_US_Stocks_CFD/BRK.B/02_SLTP_ORGANIC/SELL_ICHIMOKU.set;270B8C155D8D9CBA41EDAF2A1E6CFBB0CA8E1FB53C530E4DD947FB2920DBE575
05_US_Stocks_CFD;BRK.B;03_TRAIL_ONLY;BUY;MULTI;20;2086318080000;FAST_GENETIC;693352152;RESEARCH;05_US_Stocks_CFD/BRK.B/03_TRAIL_ONLY/BUY_MULTI.set;7912F62112F50E44BEE3554A5C5D4709D9EFEF6ADF3D45B561BE417A6FB367D1
05_US_Stocks_CFD;BRK.B;03_TRAIL_ONLY;BUY;ICHIMOKU;19;45519667200;FAST_GENETIC;694248539;RESEARCH;05_US_Stocks_CFD/BRK.B/03_TRAIL_ONLY/BUY_ICHIMOKU.set;A8EACDC02DDA474E6B3799C4B90A748EEB312F54D21C7B0D8F1230345B070885
05_US_Stocks_CFD;BRK.B;03_TRAIL_ONLY;SELL;MULTI;20;2086318080000;FAST_GENETIC;689020370;RESEARCH;05_US_Stocks_CFD/BRK.B/03_TRAIL_ONLY/SELL_MULTI.set;071C68C303D66F885BB567A3D48A9A6001042981CC06D8A258C85E90C457300B
05_US_Stocks_CFD;BRK.B;03_TRAIL_ONLY;SELL;ICHIMOKU;19;45519667200;FAST_GENETIC;699453328;RESEARCH;05_US_Stocks_CFD/BRK.B/03_TRAIL_ONLY/SELL_ICHIMOKU.set;3BC3FF10B989AABCEB1184B3BDF7BB2D12834C58F27CA42C7D8AE5C3475669F0
05_US_Stocks_CFD;BRK.B;04_SLTP_TRAIL;BUY;MULTI;20;9179799552000;FAST_GENETIC;669202341;RESEARCH;05_US_Stocks_CFD/BRK.B/04_SLTP_TRAIL/BUY_MULTI.set;CB4102F4627D376C78B32B9E9B7B2EDC26A27F202FD9252E035568E70BF8DE18
05_US_Stocks_CFD;BRK.B;04_SLTP_TRAIL;BUY;ICHIMOKU;19;200286535680;FAST_GENETIC;617123433;RESEARCH;05_US_Stocks_CFD/BRK.B/04_SLTP_TRAIL/BUY_ICHIMOKU.set;565EE12FEF4C4B47A219EA1B87F8FEE3FE470FED2B6166AF204098FC9E62DC13
05_US_Stocks_CFD;BRK.B;04_SLTP_TRAIL;SELL;MULTI;20;9179799552000;FAST_GENETIC;699104440;RESEARCH;05_US_Stocks_CFD/BRK.B/04_SLTP_TRAIL/SELL_MULTI.set;AB8FE2CE1CCACE836257EC3F3B1A3B144EB00BA235CB79A63BCAD0EF278E1144
05_US_Stocks_CFD;BRK.B;04_SLTP_TRAIL;SELL;ICHIMOKU;19;200286535680;FAST_GENETIC;615423378;RESEARCH;05_US_Stocks_CFD/BRK.B/04_SLTP_TRAIL/SELL_ICHIMOKU.set;574B016F2FCAF203796A0E3D8BAB2DDC63080BAA337F73B1841D02A254336A7B
05_US_Stocks_CFD;BRK.B;05_BE_TRAIL;BUY;MULTI;19;1043159040000;FAST_GENETIC;667869851;RESEARCH;05_US_Stocks_CFD/BRK.B/05_BE_TRAIL/BUY_MULTI.set;02E3463A157022A5DDB86D8D86525F0B38B9EFAADB9C11FF90C2A4FE8D524B7C
05_US_Stocks_CFD;BRK.B;05_BE_TRAIL;BUY;ICHIMOKU;18;22759833600;FAST_GENETIC;691559860;RESEARCH;05_US_Stocks_CFD/BRK.B/05_BE_TRAIL/BUY_ICHIMOKU.set;1CDB5895B840E7EED79A17E3C14437CF818508C74CA28A6BB90C37C73F7E47EE
05_US_Stocks_CFD;BRK.B;05_BE_TRAIL;SELL;MULTI;19;1043159040000;FAST_GENETIC;616193368;RESEARCH;05_US_Stocks_CFD/BRK.B/05_BE_TRAIL/SELL_MULTI.set;AD1CBA18B46B5518807249E07977DD40A305318A413D20FB947EB9F27C4FC475
05_US_Stocks_CFD;BRK.B;05_BE_TRAIL;SELL;ICHIMOKU;18;22759833600;FAST_GENETIC;613286798;RESEARCH;05_US_Stocks_CFD/BRK.B/05_BE_TRAIL/SELL_ICHIMOKU.set;CD089DDE367F653036E482CF95912201BE772608DA29AFC48BD10ED93CAC5BE1
05_US_Stocks_CFD;BRK.B;06_REVERSAL_EXIT;BUY;MULTI;21;1669054464000;FAST_GENETIC;628340750;RESEARCH;05_US_Stocks_CFD/BRK.B/06_REVERSAL_EXIT/BUY_MULTI.set;F5A0A95444FC2228BDE37D5AC27CF6B8BA24DE67B8F47834BD0744231D5C12B6
05_US_Stocks_CFD;BRK.B;06_REVERSAL_EXIT;BUY;ICHIMOKU;20;36415733760;FAST_GENETIC;664073955;RESEARCH;05_US_Stocks_CFD/BRK.B/06_REVERSAL_EXIT/BUY_ICHIMOKU.set;5AF1277CCCF6A0122A291BDDD34338B3A67C8F2FB62B3E19EC580A71A4594EE1
05_US_Stocks_CFD;BRK.B;06_REVERSAL_EXIT;SELL;MULTI;21;1669054464000;FAST_GENETIC;650227558;RESEARCH;05_US_Stocks_CFD/BRK.B/06_REVERSAL_EXIT/SELL_MULTI.set;BD0925EA36AD1B013CE49E6D7FC91DB0136780201BF5F64D2C8AF45785302176
05_US_Stocks_CFD;BRK.B;06_REVERSAL_EXIT;SELL;ICHIMOKU;20;36415733760;FAST_GENETIC;690907398;RESEARCH;05_US_Stocks_CFD/BRK.B/06_REVERSAL_EXIT/SELL_ICHIMOKU.set;24B1930799758DC11BA60D6F9BC6FC585F85459204D1E68E3480F2D720F60662
05_US_Stocks_CFD;BRK.B;07_GRID_SEPARATE;BUY;MULTI;20;3161410560000;FAST_GENETIC;622459705;HEDGE_ACCOUNT_REQUIRED;05_US_Stocks_CFD/BRK.B/07_GRID_SEPARATE/BUY_MULTI.set;92D3D4DA0E9316F1B0CE03758B6710016752F9C1601AC2EBA6B42D93E5A10ACA
05_US_Stocks_CFD;BRK.B;07_GRID_SEPARATE;BUY;ICHIMOKU;19;68976230400;FAST_GENETIC;638909731;HEDGE_ACCOUNT_REQUIRED;05_US_Stocks_CFD/BRK.B/07_GRID_SEPARATE/BUY_ICHIMOKU.set;BBEE5B9687CC5B6F0DF6A8D475234ECA5CA567D7F9BEBBE6241BE0DCFA44F65D
05_US_Stocks_CFD;BRK.B;07_GRID_SEPARATE;SELL;MULTI;20;3161410560000;FAST_GENETIC;676003135;HEDGE_ACCOUNT_REQUIRED;05_US_Stocks_CFD/BRK.B/07_GRID_SEPARATE/SELL_MULTI.set;90DFD58681B77EFD2810F03BEEBF4E3A12CD5E21F575AFDB187C9D28D724839D
05_US_Stocks_CFD;BRK.B;07_GRID_SEPARATE;SELL;ICHIMOKU;19;68976230400;FAST_GENETIC;644878002;HEDGE_ACCOUNT_REQUIRED;05_US_Stocks_CFD/BRK.B/07_GRID_SEPARATE/SELL_ICHIMOKU.set;3809D30D74F1CE55E1568FB6278B7112C746BA6A5C8E495A37F62838488D7405
05_US_Stocks_CFD;BRK.B;08_GRID_UNIFIED;BOTH;MULTI;21;15807052800000;FAST_GENETIC;687948514;HEDGE_ACCOUNT_REQUIRED;05_US_Stocks_CFD/BRK.B/08_GRID_UNIFIED/BOTH_MULTI.set;2E0877BE62D25116E2D9CFAEC9F7F3AC8939B1EE0CF15ADFC40694C27B0FC55A
05_US_Stocks_CFD;BRK.B;08_GRID_UNIFIED;BOTH;ICHIMOKU;20;344881152000;FAST_GENETIC;689243604;HEDGE_ACCOUNT_REQUIRED;05_US_Stocks_CFD/BRK.B/08_GRID_UNIFIED/BOTH_ICHIMOKU.set;EC9168A658DC83E740DC0F38A50DF42DBD7979C744377E615B5318308562DADF
05_US_Stocks_CFD;BRK.B;09_MARTINGALE;BUY;MULTI;21;18359599104000;FAST_GENETIC;644545350;HIGH_RISK;05_US_Stocks_CFD/BRK.B/09_MARTINGALE/BUY_MULTI.set;78FA3AD62A13ABB8DB948B75E9D4E93E06032C6AB345FBB22EBEB26795F51084
05_US_Stocks_CFD;BRK.B;09_MARTINGALE;BUY;ICHIMOKU;20;400573071360;FAST_GENETIC;611237632;HIGH_RISK;05_US_Stocks_CFD/BRK.B/09_MARTINGALE/BUY_ICHIMOKU.set;971025CB130B46A6376BB7D5240B69F469D704D2B96F80BC3AC2F1A872D919A2
05_US_Stocks_CFD;BRK.B;09_MARTINGALE;SELL;MULTI;21;18359599104000;FAST_GENETIC;671339455;HIGH_RISK;05_US_Stocks_CFD/BRK.B/09_MARTINGALE/SELL_MULTI.set;69A06C4C36D85C987248001C44CF63ABA5BC62661D04E682A986EA838BD77ED9
05_US_Stocks_CFD;BRK.B;09_MARTINGALE;SELL;ICHIMOKU;20;400573071360;FAST_GENETIC;689873839;HIGH_RISK;05_US_Stocks_CFD/BRK.B/09_MARTINGALE/SELL_ICHIMOKU.set;6636851B371CFBCD3E4392072F5E741F1DE70440E26D64D493B38704C073F916
05_US_Stocks_CFD;BRK.B;10_DALEMBERT;BUY;MULTI;21;13113999360000;FAST_GENETIC;661236674;HIGH_RISK;05_US_Stocks_CFD/BRK.B/10_DALEMBERT/BUY_MULTI.set;71E2EF72DF843326C2948C6AAB4BA53F7CABFBCCC4D64B9BC80620214C2A1500
05_US_Stocks_CFD;BRK.B;10_DALEMBERT;BUY;ICHIMOKU;20;286123622400;FAST_GENETIC;640401271;HIGH_RISK;05_US_Stocks_CFD/BRK.B/10_DALEMBERT/BUY_ICHIMOKU.set;14716F8A725B1059664E4BD53AE11F883E17BF1F7BDD0BD3D1A3E31C3B731706
05_US_Stocks_CFD;BRK.B;10_DALEMBERT;SELL;MULTI;21;13113999360000;FAST_GENETIC;633399124;HIGH_RISK;05_US_Stocks_CFD/BRK.B/10_DALEMBERT/SELL_MULTI.set;98A34E9576B6B5F5FAC55E9C7C03F6BC0CCC49B5B6736090C99971C7C5178DE0
05_US_Stocks_CFD;BRK.B;10_DALEMBERT;SELL;ICHIMOKU;20;286123622400;FAST_GENETIC;631818726;HIGH_RISK;05_US_Stocks_CFD/BRK.B/10_DALEMBERT/SELL_ICHIMOKU.set;5042A35778C1C299D75E3A9605044342B98A2A9E361DD152463A8D793D637E4A
05_US_Stocks_CFD;BRK.B;11_SIGNAL_ONLY;BUY;MULTI;16;354816000;FAST_GENETIC;685027854;HIGH_RISK_RESEARCH;05_US_Stocks_CFD/BRK.B/11_SIGNAL_ONLY/BUY_MULTI.set;AD0E28B56B5EF9B14263FBCD309E57FD2C36F1111A6617CE3258B0057C9735E5
05_US_Stocks_CFD;BRK.B;11_SIGNAL_ONLY;BUY;ICHIMOKU;15;7741440;FAST_GENETIC;642182508;HIGH_RISK_RESEARCH;05_US_Stocks_CFD/BRK.B/11_SIGNAL_ONLY/BUY_ICHIMOKU.set;E24033640329EA456CEDB91CABD283E875A70E99D99AF13B90E60C89A3799B01
05_US_Stocks_CFD;BRK.B;11_SIGNAL_ONLY;SELL;MULTI;16;354816000;FAST_GENETIC;638775918;HIGH_RISK_RESEARCH;05_US_Stocks_CFD/BRK.B/11_SIGNAL_ONLY/SELL_MULTI.set;32346B29241E36EDB80CFE3EACE3AA481CA83240E5D0629EF31D34EE4B24CD13
05_US_Stocks_CFD;BRK.B;11_SIGNAL_ONLY;SELL;ICHIMOKU;15;7741440;FAST_GENETIC;678872392;HIGH_RISK_RESEARCH;05_US_Stocks_CFD/BRK.B/11_SIGNAL_ONLY/SELL_ICHIMOKU.set;54B7306D774B40A398E528FD48314BEF3DDAEE81059C75E57A3D618088C1677E
05_US_Stocks_CFD;C;01_SLTP;BUY;MULTI;19;655699968000;FAST_GENETIC;665660972;RESEARCH;05_US_Stocks_CFD/C/01_SLTP/BUY_MULTI.set;9A456DA8B7BECE5B8839D86EFFC6239B7A5F6847DC447757F061D70DFB0FF93D
05_US_Stocks_CFD;C;01_SLTP;BUY;ICHIMOKU;18;14306181120;FAST_GENETIC;610551979;RESEARCH;05_US_Stocks_CFD/C/01_SLTP/BUY_ICHIMOKU.set;1E5767C0EF5D0F49EF78CFE14CCE7DB3937476E6713E402ABC76715E372AB3DA
05_US_Stocks_CFD;C;01_SLTP;SELL;MULTI;19;655699968000;FAST_GENETIC;688372325;RESEARCH;05_US_Stocks_CFD/C/01_SLTP/SELL_MULTI.set;C89E4ACDB1FBC94252D5ADC8E799DD119A271ECD0455EE0877BFF1CC4921CEFB
05_US_Stocks_CFD;C;01_SLTP;SELL;ICHIMOKU;18;14306181120;FAST_GENETIC;666577171;RESEARCH;05_US_Stocks_CFD/C/01_SLTP/SELL_ICHIMOKU.set;FFB212E8C0350E06E721FA4AB8E9B68BEBE99A63097AFAEECC3166FB27EFAA9F
05_US_Stocks_CFD;C;02_SLTP_ORGANIC;BUY;MULTI;19;655699968000;FAST_GENETIC;638381159;RESEARCH;05_US_Stocks_CFD/C/02_SLTP_ORGANIC/BUY_MULTI.set;0A1F4B76EB5970605A9D2C7179563649D5C61BF9DFF63957FCC7BFFEF61C26DE
05_US_Stocks_CFD;C;02_SLTP_ORGANIC;BUY;ICHIMOKU;18;14306181120;FAST_GENETIC;663137691;RESEARCH;05_US_Stocks_CFD/C/02_SLTP_ORGANIC/BUY_ICHIMOKU.set;B8E8468D0625165A2D1A8E5E035EDC0ACF666426B09721A474BB07EF9A78EEF9
05_US_Stocks_CFD;C;02_SLTP_ORGANIC;SELL;MULTI;19;655699968000;FAST_GENETIC;637687817;RESEARCH;05_US_Stocks_CFD/C/02_SLTP_ORGANIC/SELL_MULTI.set;682ACD3B11BD6F964B11996A71DE816DFCCB253DAEEF0D0264FBD3DA6C5A1776
05_US_Stocks_CFD;C;02_SLTP_ORGANIC;SELL;ICHIMOKU;18;14306181120;FAST_GENETIC;669744502;RESEARCH;05_US_Stocks_CFD/C/02_SLTP_ORGANIC/SELL_ICHIMOKU.set;B61DE3C95682DC754F391486EF54C9591B94B5B6F44EF02F37F068855BB1D417
05_US_Stocks_CFD;C;03_TRAIL_ONLY;BUY;MULTI;20;2086318080000;FAST_GENETIC;677712955;RESEARCH;05_US_Stocks_CFD/C/03_TRAIL_ONLY/BUY_MULTI.set;1944C271AC07AAE336B382B971DC39F3B0ED764CF731A9BA0F9443A50627E622
05_US_Stocks_CFD;C;03_TRAIL_ONLY;BUY;ICHIMOKU;19;45519667200;FAST_GENETIC;697277023;RESEARCH;05_US_Stocks_CFD/C/03_TRAIL_ONLY/BUY_ICHIMOKU.set;416755216A169BA0555F081C867B9A4DE8726BB2936D5B8629D406939E2BE93A
05_US_Stocks_CFD;C;03_TRAIL_ONLY;SELL;MULTI;20;2086318080000;FAST_GENETIC;681270822;RESEARCH;05_US_Stocks_CFD/C/03_TRAIL_ONLY/SELL_MULTI.set;4A2F07B598FAC0BCB66E5E44EE3C2C3F647AAA15D55240F52CD7A84746B26A06
05_US_Stocks_CFD;C;03_TRAIL_ONLY;SELL;ICHIMOKU;19;45519667200;FAST_GENETIC;650319693;RESEARCH;05_US_Stocks_CFD/C/03_TRAIL_ONLY/SELL_ICHIMOKU.set;DE2E9BB270FBC48E9A13F372B5CEF94E3B8D4B818EB728B405D182FFFD83223F
05_US_Stocks_CFD;C;04_SLTP_TRAIL;BUY;MULTI;20;9179799552000;FAST_GENETIC;634406543;RESEARCH;05_US_Stocks_CFD/C/04_SLTP_TRAIL/BUY_MULTI.set;4A730595FF9C0AE6D011FF02EC9AEEAEA2B9423ACD6C34E0F26EDBD742964568
05_US_Stocks_CFD;C;04_SLTP_TRAIL;BUY;ICHIMOKU;19;200286535680;FAST_GENETIC;621384459;RESEARCH;05_US_Stocks_CFD/C/04_SLTP_TRAIL/BUY_ICHIMOKU.set;790AE9FF46BD94669D21920D6CE7B588A98D5B06CC67BAC6B3AA8284F378FB60
05_US_Stocks_CFD;C;04_SLTP_TRAIL;SELL;MULTI;20;9179799552000;FAST_GENETIC;687938578;RESEARCH;05_US_Stocks_CFD/C/04_SLTP_TRAIL/SELL_MULTI.set;218B640011D2A276836E2A2500FFFDDF82202EA53AD600222DF2C0E3FE9E2305
05_US_Stocks_CFD;C;04_SLTP_TRAIL;SELL;ICHIMOKU;19;200286535680;FAST_GENETIC;628510073;RESEARCH;05_US_Stocks_CFD/C/04_SLTP_TRAIL/SELL_ICHIMOKU.set;19CDEF513668DCCEB41C8A3E134A9A84C003BEA1A668F101F0AE08BC2B59DE6B
05_US_Stocks_CFD;C;05_BE_TRAIL;BUY;MULTI;19;1043159040000;FAST_GENETIC;613075461;RESEARCH;05_US_Stocks_CFD/C/05_BE_TRAIL/BUY_MULTI.set;69464132E81E5797B6A4E20372937B32F134CE076D1D108955E60A984C59E07B
05_US_Stocks_CFD;C;05_BE_TRAIL;BUY;ICHIMOKU;18;22759833600;FAST_GENETIC;615504469;RESEARCH;05_US_Stocks_CFD/C/05_BE_TRAIL/BUY_ICHIMOKU.set;1F1CABC1C9B58CD29E016E1F3DDD8836A53988780DC27A3A5AFE6059AA314C15
05_US_Stocks_CFD;C;05_BE_TRAIL;SELL;MULTI;19;1043159040000;FAST_GENETIC;618574040;RESEARCH;05_US_Stocks_CFD/C/05_BE_TRAIL/SELL_MULTI.set;97C35D5FA12420CEDCBAA9865143C394E04237A7DFCD86C659ADB732B3C7B2DF
05_US_Stocks_CFD;C;05_BE_TRAIL;SELL;ICHIMOKU;18;22759833600;FAST_GENETIC;653962919;RESEARCH;05_US_Stocks_CFD/C/05_BE_TRAIL/SELL_ICHIMOKU.set;19937431CF9A1B400FFA0B482A03AB6E73A5330B456660B5CE8BF56CBFF1BD26
05_US_Stocks_CFD;C;06_REVERSAL_EXIT;BUY;MULTI;21;1669054464000;FAST_GENETIC;696997470;RESEARCH;05_US_Stocks_CFD/C/06_REVERSAL_EXIT/BUY_MULTI.set;808D1A60879D5CE658EF5C66721FE1224E70A4B19D1007E02FEAC33C328A4E3F
05_US_Stocks_CFD;C;06_REVERSAL_EXIT;BUY;ICHIMOKU;20;36415733760;FAST_GENETIC;653820292;RESEARCH;05_US_Stocks_CFD/C/06_REVERSAL_EXIT/BUY_ICHIMOKU.set;B0E8237D271D46D524622ABE2078473ACB1C4CC2F943BABF9E0279426B25E24C
05_US_Stocks_CFD;C;06_REVERSAL_EXIT;SELL;MULTI;21;1669054464000;FAST_GENETIC;663650971;RESEARCH;05_US_Stocks_CFD/C/06_REVERSAL_EXIT/SELL_MULTI.set;E8C1B235EA4E0BFA3223976032FFA4A1B8E7B5397DF60A73C6D3CBAE092B7A95
05_US_Stocks_CFD;C;06_REVERSAL_EXIT;SELL;ICHIMOKU;20;36415733760;FAST_GENETIC;658844588;RESEARCH;05_US_Stocks_CFD/C/06_REVERSAL_EXIT/SELL_ICHIMOKU.set;9117457B1B384EE2C1BEC051077B9ED59C4CA272218329D485E8F22A90E4BA51
05_US_Stocks_CFD;C;07_GRID_SEPARATE;BUY;MULTI;20;3161410560000;FAST_GENETIC;655431522;HEDGE_ACCOUNT_REQUIRED;05_US_Stocks_CFD/C/07_GRID_SEPARATE/BUY_MULTI.set;EB35BD220B5275077CA98741818A4B084ABCD5045A95E26A27A5E4B5D9DE868B
05_US_Stocks_CFD;C;07_GRID_SEPARATE;BUY;ICHIMOKU;19;68976230400;FAST_GENETIC;666260458;HEDGE_ACCOUNT_REQUIRED;05_US_Stocks_CFD/C/07_GRID_SEPARATE/BUY_ICHIMOKU.set;68658A1B2E0DF84CF7D43C02ECA96FBCAC7106EA1880EB41434B1CD28193D6EA
05_US_Stocks_CFD;C;07_GRID_SEPARATE;SELL;MULTI;20;3161410560000;FAST_GENETIC;657296589;HEDGE_ACCOUNT_REQUIRED;05_US_Stocks_CFD/C/07_GRID_SEPARATE/SELL_MULTI.set;78EEA2F39EC81BF31C816630FAA7D82C15C4CF4C6FA2A795527CAA9282501EC6
05_US_Stocks_CFD;C;07_GRID_SEPARATE;SELL;ICHIMOKU;19;68976230400;FAST_GENETIC;697465760;HEDGE_ACCOUNT_REQUIRED;05_US_Stocks_CFD/C/07_GRID_SEPARATE/SELL_ICHIMOKU.set;3C6767F3764395C3FD43ABDC97E6A59209ABEBE8A0D8C751F8F6BF568330F49F
05_US_Stocks_CFD;C;08_GRID_UNIFIED;BOTH;MULTI;21;15807052800000;FAST_GENETIC;637888461;HEDGE_ACCOUNT_REQUIRED;05_US_Stocks_CFD/C/08_GRID_UNIFIED/BOTH_MULTI.set;806E76627BF80E8536DD09A07E40D70DDEDEAF109409B4A6D5D3B6DFD6D12C71
05_US_Stocks_CFD;C;08_GRID_UNIFIED;BOTH;ICHIMOKU;20;344881152000;FAST_GENETIC;618130906;HEDGE_ACCOUNT_REQUIRED;05_US_Stocks_CFD/C/08_GRID_UNIFIED/BOTH_ICHIMOKU.set;A95BB30361CCBDD6C888A73B1543951065048915BE200A4D6A9FB8AE74BE4338
05_US_Stocks_CFD;C;09_MARTINGALE;BUY;MULTI;21;18359599104000;FAST_GENETIC;696821706;HIGH_RISK;05_US_Stocks_CFD/C/09_MARTINGALE/BUY_MULTI.set;FBEEE699639A44DE10F2EA670EDFCC25FE00CDE6B6293477E305551F56718662
05_US_Stocks_CFD;C;09_MARTINGALE;BUY;ICHIMOKU;20;400573071360;FAST_GENETIC;619258103;HIGH_RISK;05_US_Stocks_CFD/C/09_MARTINGALE/BUY_ICHIMOKU.set;FAF9B750F87AC3C245FC96DFB76DAB063E25654183A546DA627C4D3D83A6B05B
05_US_Stocks_CFD;C;09_MARTINGALE;SELL;MULTI;21;18359599104000;FAST_GENETIC;698149637;HIGH_RISK;05_US_Stocks_CFD/C/09_MARTINGALE/SELL_MULTI.set;047A88F8DB81897804A69B906860A4913194DF37E4D2D5D91DD9A20ECA5D182D
05_US_Stocks_CFD;C;09_MARTINGALE;SELL;ICHIMOKU;20;400573071360;FAST_GENETIC;637058463;HIGH_RISK;05_US_Stocks_CFD/C/09_MARTINGALE/SELL_ICHIMOKU.set;CC297A1F4842DA77DA9930E94D97C9AED1B9FE4447E1B4718FF665D689EAC895
05_US_Stocks_CFD;C;10_DALEMBERT;BUY;MULTI;21;13113999360000;FAST_GENETIC;672571050;HIGH_RISK;05_US_Stocks_CFD/C/10_DALEMBERT/BUY_MULTI.set;16FA59F9AA6BD7BC72B65F2A311DDD5748C4C6DFE57CADE455FB23125F3E44F9
05_US_Stocks_CFD;C;10_DALEMBERT;BUY;ICHIMOKU;20;286123622400;FAST_GENETIC;673408088;HIGH_RISK;05_US_Stocks_CFD/C/10_DALEMBERT/BUY_ICHIMOKU.set;99CEB78C8471314ADF0C90C01CDD61CCD6BD202B7B0306D2F974B971A6FE9F80
05_US_Stocks_CFD;C;10_DALEMBERT;SELL;MULTI;21;13113999360000;FAST_GENETIC;667989902;HIGH_RISK;05_US_Stocks_CFD/C/10_DALEMBERT/SELL_MULTI.set;C3F84B5D7967078AD252CF0EEEF866CBA460A038F8F141279D951DD1EABB8989
05_US_Stocks_CFD;C;10_DALEMBERT;SELL;ICHIMOKU;20;286123622400;FAST_GENETIC;674182633;HIGH_RISK;05_US_Stocks_CFD/C/10_DALEMBERT/SELL_ICHIMOKU.set;10304F7516FA649D34F1AAD7BC91E5DECA23E3CF0A75ED9F11573FF54AE64949
05_US_Stocks_CFD;C;11_SIGNAL_ONLY;BUY;MULTI;16;354816000;FAST_GENETIC;684939415;HIGH_RISK_RESEARCH;05_US_Stocks_CFD/C/11_SIGNAL_ONLY/BUY_MULTI.set;D4BFB00C0B681F8BA197BCD4EAE9CF0E0D7519F78EB72E39EC0B6DEBC70F0054
05_US_Stocks_CFD;C;11_SIGNAL_ONLY;BUY;ICHIMOKU;15;7741440;FAST_GENETIC;612036536;HIGH_RISK_RESEARCH;05_US_Stocks_CFD/C/11_SIGNAL_ONLY/BUY_ICHIMOKU.set;EB2280F2C4263AA01EAE885966BD6ACA3892BFB062064B452FE538996DD87EA8
05_US_Stocks_CFD;C;11_SIGNAL_ONLY;SELL;MULTI;16;354816000;FAST_GENETIC;628686125;HIGH_RISK_RESEARCH;05_US_Stocks_CFD/C/11_SIGNAL_ONLY/SELL_MULTI.set;D2C143E0A1CD6D779D0FBFD93CF8ED229C377DC816C2D91FA787E606C03D4EBF
05_US_Stocks_CFD;C;11_SIGNAL_ONLY;SELL;ICHIMOKU;15;7741440;FAST_GENETIC;614975825;HIGH_RISK_RESEARCH;05_US_Stocks_CFD/C/11_SIGNAL_ONLY/SELL_ICHIMOKU.set;B0AC3B252458FB58EBAE56FE67DD1D9EB58556453FBA79E0185021077AC0CD1F
05_US_Stocks_CFD;CAT;01_SLTP;BUY;MULTI;19;655699968000;FAST_GENETIC;681304050;RESEARCH;05_US_Stocks_CFD/CAT/01_SLTP/BUY_MULTI.set;94A1BCAC19F388D0BB57B1F2142C5EA4E22B29A42B0EB09C5C79AB0F6721C8AF
05_US_Stocks_CFD;CAT;01_SLTP;BUY;ICHIMOKU;18;14306181120;FAST_GENETIC;684427522;RESEARCH;05_US_Stocks_CFD/CAT/01_SLTP/BUY_ICHIMOKU.set;91DC5D6584DB82EF66378C9B3C708A180A090D8CD999B991E54E171F3035A2B0
05_US_Stocks_CFD;CAT;01_SLTP;SELL;MULTI;19;655699968000;FAST_GENETIC;666311416;RESEARCH;05_US_Stocks_CFD/CAT/01_SLTP/SELL_MULTI.set;FCB6E6C49B804D814029F517518E0C4E307E3C775BBC0722B101C04556EA5E71
05_US_Stocks_CFD;CAT;01_SLTP;SELL;ICHIMOKU;18;14306181120;FAST_GENETIC;637165926;RESEARCH;05_US_Stocks_CFD/CAT/01_SLTP/SELL_ICHIMOKU.set;515E1BA7B08C5813D623CC7AC146239A27EFDB8E6AEA84281D43424D709FE59E
05_US_Stocks_CFD;CAT;02_SLTP_ORGANIC;BUY;MULTI;19;655699968000;FAST_GENETIC;672032092;RESEARCH;05_US_Stocks_CFD/CAT/02_SLTP_ORGANIC/BUY_MULTI.set;3D4C68EB99F8EEA79A0159ED85E8FDAE1905A49E42398634E26D9FBBF7D452E3
05_US_Stocks_CFD;CAT;02_SLTP_ORGANIC;BUY;ICHIMOKU;18;14306181120;FAST_GENETIC;665657602;RESEARCH;05_US_Stocks_CFD/CAT/02_SLTP_ORGANIC/BUY_ICHIMOKU.set;8F2DDB03C8DBA865167338EB39A4919EAFA4B44020B68174248703250C6B2DBC
05_US_Stocks_CFD;CAT;02_SLTP_ORGANIC;SELL;MULTI;19;655699968000;FAST_GENETIC;673430616;RESEARCH;05_US_Stocks_CFD/CAT/02_SLTP_ORGANIC/SELL_MULTI.set;F9BAE88676020D11855A5D3082776179161C83BFE91ADF877BB10D2D0EF43507
05_US_Stocks_CFD;CAT;02_SLTP_ORGANIC;SELL;ICHIMOKU;18;14306181120;FAST_GENETIC;697636698;RESEARCH;05_US_Stocks_CFD/CAT/02_SLTP_ORGANIC/SELL_ICHIMOKU.set;6F2BDE0F51F44CE25441B62204ADB9F2F690DE58E27E2AAADB2F295AACC275CE
05_US_Stocks_CFD;CAT;03_TRAIL_ONLY;BUY;MULTI;20;2086318080000;FAST_GENETIC;618214850;RESEARCH;05_US_Stocks_CFD/CAT/03_TRAIL_ONLY/BUY_MULTI.set;D0F497E8FF0676642C921FAEBFA90388BECA93B7BD167F604508595591FBCDD9
05_US_Stocks_CFD;CAT;03_TRAIL_ONLY;BUY;ICHIMOKU;19;45519667200;FAST_GENETIC;641324936;RESEARCH;05_US_Stocks_CFD/CAT/03_TRAIL_ONLY/BUY_ICHIMOKU.set;89025D969D459F95FA4AC4989A6559BE7640B2DF5ED4475A07E5A11171FDB9CE
05_US_Stocks_CFD;CAT;03_TRAIL_ONLY;SELL;MULTI;20;2086318080000;FAST_GENETIC;692643184;RESEARCH;05_US_Stocks_CFD/CAT/03_TRAIL_ONLY/SELL_MULTI.set;457E251A722349F80BE44F5E7EDCB34CE31E09417D61E74EA9E57961A6BD1FBC
05_US_Stocks_CFD;CAT;03_TRAIL_ONLY;SELL;ICHIMOKU;19;45519667200;FAST_GENETIC;699164945;RESEARCH;05_US_Stocks_CFD/CAT/03_TRAIL_ONLY/SELL_ICHIMOKU.set;530167D4D396999AA0C454B3A2E4DB92C50C56782C3E563FD726C0ED62EF9A11
05_US_Stocks_CFD;CAT;04_SLTP_TRAIL;BUY;MULTI;20;9179799552000;FAST_GENETIC;690734643;RESEARCH;05_US_Stocks_CFD/CAT/04_SLTP_TRAIL/BUY_MULTI.set;864C1A16464D6F60A22649B2B2CA62448CC21F024736867E6DA382C8D19F39BA
05_US_Stocks_CFD;CAT;04_SLTP_TRAIL;BUY;ICHIMOKU;19;200286535680;FAST_GENETIC;642832390;RESEARCH;05_US_Stocks_CFD/CAT/04_SLTP_TRAIL/BUY_ICHIMOKU.set;99BC518EEC3BF903505B9486BA249E7EF81974B3F2F654C3833E435E253F8ACD
05_US_Stocks_CFD;CAT;04_SLTP_TRAIL;SELL;MULTI;20;9179799552000;FAST_GENETIC;618830477;RESEARCH;05_US_Stocks_CFD/CAT/04_SLTP_TRAIL/SELL_MULTI.set;1BBD6BE82109FCED7038AEB4DFFBADF8693DC4BC2344E6822940193D40D94618
05_US_Stocks_CFD;CAT;04_SLTP_TRAIL;SELL;ICHIMOKU;19;200286535680;FAST_GENETIC;649699856;RESEARCH;05_US_Stocks_CFD/CAT/04_SLTP_TRAIL/SELL_ICHIMOKU.set;63FECEE1A50E325187CA079DD7AD42F9F4DECB64BCD5E12DADC5FC6A53434CAB
05_US_Stocks_CFD;CAT;05_BE_TRAIL;BUY;MULTI;19;1043159040000;FAST_GENETIC;675418455;RESEARCH;05_US_Stocks_CFD/CAT/05_BE_TRAIL/BUY_MULTI.set;812A7836696ED0732426CE3AED2B89769BBEE990CF1492B4AB4306A7A52F86DF
05_US_Stocks_CFD;CAT;05_BE_TRAIL;BUY;ICHIMOKU;18;22759833600;FAST_GENETIC;610773802;RESEARCH;05_US_Stocks_CFD/CAT/05_BE_TRAIL/BUY_ICHIMOKU.set;55DCEF67263A0ADA9A9B07ABD073AB8316E996D2E206C5E69B2FA20ACF9AB4A8
05_US_Stocks_CFD;CAT;05_BE_TRAIL;SELL;MULTI;19;1043159040000;FAST_GENETIC;619276774;RESEARCH;05_US_Stocks_CFD/CAT/05_BE_TRAIL/SELL_MULTI.set;C10E40F0352876C01F12D455E56438D3FE18BCED5436F4BF3ACDA5E3262C6EAC
05_US_Stocks_CFD;CAT;05_BE_TRAIL;SELL;ICHIMOKU;18;22759833600;FAST_GENETIC;680954888;RESEARCH;05_US_Stocks_CFD/CAT/05_BE_TRAIL/SELL_ICHIMOKU.set;7A13C8B810D0149BF8B169414F04542A3748A6B521E27E7F492822553C672758
05_US_Stocks_CFD;CAT;06_REVERSAL_EXIT;BUY;MULTI;21;1669054464000;FAST_GENETIC;697233623;RESEARCH;05_US_Stocks_CFD/CAT/06_REVERSAL_EXIT/BUY_MULTI.set;B04FC3647C66D92C44151FEC1C55C30BB670BE6BBA7DC314A352A8D1F860EE16
05_US_Stocks_CFD;CAT;06_REVERSAL_EXIT;BUY;ICHIMOKU;20;36415733760;FAST_GENETIC;691714803;RESEARCH;05_US_Stocks_CFD/CAT/06_REVERSAL_EXIT/BUY_ICHIMOKU.set;7F08B8FBD14E7CF1033C0EDE374AB2B260A4563E30A87E8197275F32E2EADEE8
05_US_Stocks_CFD;CAT;06_REVERSAL_EXIT;SELL;MULTI;21;1669054464000;FAST_GENETIC;652357676;RESEARCH;05_US_Stocks_CFD/CAT/06_REVERSAL_EXIT/SELL_MULTI.set;C4CE23214BFD48E26C21234B9AB7F5F3D4F8A8D75F14CC1C04E36B987C613577
05_US_Stocks_CFD;CAT;06_REVERSAL_EXIT;SELL;ICHIMOKU;20;36415733760;FAST_GENETIC;695800205;RESEARCH;05_US_Stocks_CFD/CAT/06_REVERSAL_EXIT/SELL_ICHIMOKU.set;43AE1C65A6B177619FFA590F7BC79D2D1D68FFEEB2AD3D0045782DBDC76F6218
05_US_Stocks_CFD;CAT;07_GRID_SEPARATE;BUY;MULTI;20;3161410560000;FAST_GENETIC;628634514;HEDGE_ACCOUNT_REQUIRED;05_US_Stocks_CFD/CAT/07_GRID_SEPARATE/BUY_MULTI.set;08B0490697148B313F66D0581F58BD5CF6BB0449D853A5639F10E7E2B10CED38
05_US_Stocks_CFD;CAT;07_GRID_SEPARATE;BUY;ICHIMOKU;19;68976230400;FAST_GENETIC;669664792;HEDGE_ACCOUNT_REQUIRED;05_US_Stocks_CFD/CAT/07_GRID_SEPARATE/BUY_ICHIMOKU.set;9FBF20D029F19F5079D5B32517E3B3994EDAD846C96329E8E8AA2C651214DE86
05_US_Stocks_CFD;CAT;07_GRID_SEPARATE;SELL;MULTI;20;3161410560000;FAST_GENETIC;673768824;HEDGE_ACCOUNT_REQUIRED;05_US_Stocks_CFD/CAT/07_GRID_SEPARATE/SELL_MULTI.set;3BC0E0B964C1FB2A6B59F86083BFB090F22DC4DBCA6E536CD004274069DEA2CD
05_US_Stocks_CFD;CAT;07_GRID_SEPARATE;SELL;ICHIMOKU;19;68976230400;FAST_GENETIC;621177448;HEDGE_ACCOUNT_REQUIRED;05_US_Stocks_CFD/CAT/07_GRID_SEPARATE/SELL_ICHIMOKU.set;EC125056ACC350345DE1A3D5F43045FF9E485B4D983F833E9E8E63A7759023E6
05_US_Stocks_CFD;CAT;08_GRID_UNIFIED;BOTH;MULTI;21;15807052800000;FAST_GENETIC;667537619;HEDGE_ACCOUNT_REQUIRED;05_US_Stocks_CFD/CAT/08_GRID_UNIFIED/BOTH_MULTI.set;033D61BEF446F35EB9E9823D6BD7088408A6A8497DDB1D46FC5D7E58E40DF214
05_US_Stocks_CFD;CAT;08_GRID_UNIFIED;BOTH;ICHIMOKU;20;344881152000;FAST_GENETIC;658561027;HEDGE_ACCOUNT_REQUIRED;05_US_Stocks_CFD/CAT/08_GRID_UNIFIED/BOTH_ICHIMOKU.set;1B5B8AF60CBFAD47863E6C88C635C1081BA045C680F8BC84CC40EA1D9F7AC182
05_US_Stocks_CFD;CAT;09_MARTINGALE;BUY;MULTI;21;18359599104000;FAST_GENETIC;672074367;HIGH_RISK;05_US_Stocks_CFD/CAT/09_MARTINGALE/BUY_MULTI.set;CFEDA40B2A15F53702E61AD66879DC15C050EA7C939DBA8573D20CCC3871F3F1
05_US_Stocks_CFD;CAT;09_MARTINGALE;BUY;ICHIMOKU;20;400573071360;FAST_GENETIC;667770809;HIGH_RISK;05_US_Stocks_CFD/CAT/09_MARTINGALE/BUY_ICHIMOKU.set;84E83AFE2342823BF53378D725A46D40777EB10A74834A276268BE48475A2D72
05_US_Stocks_CFD;CAT;09_MARTINGALE;SELL;MULTI;21;18359599104000;FAST_GENETIC;659857237;HIGH_RISK;05_US_Stocks_CFD/CAT/09_MARTINGALE/SELL_MULTI.set;8B9A7EBC9BCF3539454C17EA7D8C4CD620D6A15567D1A70F6ABF81EB9E827C9E
05_US_Stocks_CFD;CAT;09_MARTINGALE;SELL;ICHIMOKU;20;400573071360;FAST_GENETIC;699980823;HIGH_RISK;05_US_Stocks_CFD/CAT/09_MARTINGALE/SELL_ICHIMOKU.set;7618FEB9BE6F5AB328E89F73C577BA98462E110FCE0E19B87CB503DBEF1B3F3F
05_US_Stocks_CFD;CAT;10_DALEMBERT;BUY;MULTI;21;13113999360000;FAST_GENETIC;622890793;HIGH_RISK;05_US_Stocks_CFD/CAT/10_DALEMBERT/BUY_MULTI.set;236158784DB4D8F8087E3B44F463341DF634306350B36A45E4D98D37C46C03F1
05_US_Stocks_CFD;CAT;10_DALEMBERT;BUY;ICHIMOKU;20;286123622400;FAST_GENETIC;676462064;HIGH_RISK;05_US_Stocks_CFD/CAT/10_DALEMBERT/BUY_ICHIMOKU.set;1E2DB093C6A2314B4E5AC5926F87D50BF8736A8C35AA8F5EE2543B8C361626C0
05_US_Stocks_CFD;CAT;10_DALEMBERT;SELL;MULTI;21;13113999360000;FAST_GENETIC;618867880;HIGH_RISK;05_US_Stocks_CFD/CAT/10_DALEMBERT/SELL_MULTI.set;8B8F434DB9F69F166B3F447164F939DBAAC44551250814FBC3D532C51EF1F08D
05_US_Stocks_CFD;CAT;10_DALEMBERT;SELL;ICHIMOKU;20;286123622400;FAST_GENETIC;614507513;HIGH_RISK;05_US_Stocks_CFD/CAT/10_DALEMBERT/SELL_ICHIMOKU.set;F2AC6471F682E420E0EA88CDA0ADCBCC78DB67355384F8B63A3D758ACE5BE52F
05_US_Stocks_CFD;CAT;11_SIGNAL_ONLY;BUY;MULTI;16;354816000;FAST_GENETIC;655590645;HIGH_RISK_RESEARCH;05_US_Stocks_CFD/CAT/11_SIGNAL_ONLY/BUY_MULTI.set;DEC3466E56732F8971074778E359224D6EEDDA4D7BA459FFDCCAB627F8EA0AE2
05_US_Stocks_CFD;CAT;11_SIGNAL_ONLY;BUY;ICHIMOKU;15;7741440;FAST_GENETIC;696496554;HIGH_RISK_RESEARCH;05_US_Stocks_CFD/CAT/11_SIGNAL_ONLY/BUY_ICHIMOKU.set;6663EA63CB09806D9EFF905C602CD6D67C295CD6E98B85BE7038048AE33A3CE9
05_US_Stocks_CFD;CAT;11_SIGNAL_ONLY;SELL;MULTI;16;354816000;FAST_GENETIC;616246809;HIGH_RISK_RESEARCH;05_US_Stocks_CFD/CAT/11_SIGNAL_ONLY/SELL_MULTI.set;50219EF4E8E7756520C764567857CBDCF966DD4B587A1BD2CF73682DAD07B6F3
05_US_Stocks_CFD;CAT;11_SIGNAL_ONLY;SELL;ICHIMOKU;15;7741440;FAST_GENETIC;644935405;HIGH_RISK_RESEARCH;05_US_Stocks_CFD/CAT/11_SIGNAL_ONLY/SELL_ICHIMOKU.set;3FEAB7B388431EC3F345DBEB33C04D5F2B76FA536DF678BBE2F73A5E3253A1D7
05_US_Stocks_CFD;CMCSA;01_SLTP;BUY;MULTI;19;655699968000;FAST_GENETIC;648291660;RESEARCH;05_US_Stocks_CFD/CMCSA/01_SLTP/BUY_MULTI.set;A25C52E7275B5E785325DAC3FB478987280A09593B2DCD02ECFAFFB624187159
05_US_Stocks_CFD;CMCSA;01_SLTP;BUY;ICHIMOKU;18;14306181120;FAST_GENETIC;684352619;RESEARCH;05_US_Stocks_CFD/CMCSA/01_SLTP/BUY_ICHIMOKU.set;E39B1545B98DB2C03670460D3E280DD9FB96C255236FFE19FE63ABEA90B6FA00
05_US_Stocks_CFD;CMCSA;01_SLTP;SELL;MULTI;19;655699968000;FAST_GENETIC;673735640;RESEARCH;05_US_Stocks_CFD/CMCSA/01_SLTP/SELL_MULTI.set;F9417A6411A31A8DC0E002FD908860D144266F26B3E915A13CBDEC2FF07769EC
05_US_Stocks_CFD;CMCSA;01_SLTP;SELL;ICHIMOKU;18;14306181120;FAST_GENETIC;654176594;RESEARCH;05_US_Stocks_CFD/CMCSA/01_SLTP/SELL_ICHIMOKU.set;91F727094D1B0AB0911B26304AADF29530578CB00811AD7043D7E19D916D8AC4
05_US_Stocks_CFD;CMCSA;02_SLTP_ORGANIC;BUY;MULTI;19;655699968000;FAST_GENETIC;647364701;RESEARCH;05_US_Stocks_CFD/CMCSA/02_SLTP_ORGANIC/BUY_MULTI.set;3B4DF3C18B7AC1CC67A9262225FC44C5E2473765CB2147F08A7F20E310B9CB69
05_US_Stocks_CFD;CMCSA;02_SLTP_ORGANIC;BUY;ICHIMOKU;18;14306181120;FAST_GENETIC;616474985;RESEARCH;05_US_Stocks_CFD/CMCSA/02_SLTP_ORGANIC/BUY_ICHIMOKU.set;B7C76D02C193EA88857DB6B0B2CA67EC6D93E5C8270E30136D906C4E374123DF
05_US_Stocks_CFD;CMCSA;02_SLTP_ORGANIC;SELL;MULTI;19;655699968000;FAST_GENETIC;613671129;RESEARCH;05_US_Stocks_CFD/CMCSA/02_SLTP_ORGANIC/SELL_MULTI.set;ACE0F3582235A5FAC18CDC41C05ED1B50DC7DD177BDCF7925C727428A37AD29C
05_US_Stocks_CFD;CMCSA;02_SLTP_ORGANIC;SELL;ICHIMOKU;18;14306181120;FAST_GENETIC;681286060;RESEARCH;05_US_Stocks_CFD/CMCSA/02_SLTP_ORGANIC/SELL_ICHIMOKU.set;FD2B636403F4C5A695C2CE792F294CD8D1EAE6802DAD2088073CC37F77BD36E2
05_US_Stocks_CFD;CMCSA;03_TRAIL_ONLY;BUY;MULTI;20;2086318080000;FAST_GENETIC;674214173;RESEARCH;05_US_Stocks_CFD/CMCSA/03_TRAIL_ONLY/BUY_MULTI.set;EE6245EF69E358F4E7313BBE46BF9DD61F2890BE37606010FD040E9C6BE39BCE
05_US_Stocks_CFD;CMCSA;03_TRAIL_ONLY;BUY;ICHIMOKU;19;45519667200;FAST_GENETIC;658844032;RESEARCH;05_US_Stocks_CFD/CMCSA/03_TRAIL_ONLY/BUY_ICHIMOKU.set;1C0C21FFFB7F4D84B4875643BF0D49D99DB393A52E259248C64300482A2179B4
05_US_Stocks_CFD;CMCSA;03_TRAIL_ONLY;SELL;MULTI;20;2086318080000;FAST_GENETIC;660438141;RESEARCH;05_US_Stocks_CFD/CMCSA/03_TRAIL_ONLY/SELL_MULTI.set;D7062F7EAD3F4AB501D886121E89BE909A44EE752A6CEB2FCEAA344EB1A79A1E
05_US_Stocks_CFD;CMCSA;03_TRAIL_ONLY;SELL;ICHIMOKU;19;45519667200;FAST_GENETIC;641480026;RESEARCH;05_US_Stocks_CFD/CMCSA/03_TRAIL_ONLY/SELL_ICHIMOKU.set;86324712C438500813B6D427BAD926ACD91943E10F3DE6AA75681F05927413E9
05_US_Stocks_CFD;CMCSA;04_SLTP_TRAIL;BUY;MULTI;20;9179799552000;FAST_GENETIC;620699734;RESEARCH;05_US_Stocks_CFD/CMCSA/04_SLTP_TRAIL/BUY_MULTI.set;C36B9F5B6FCBDEB407D2AF333FE772121847B5930D1212CB5A50223642AD43E3
05_US_Stocks_CFD;CMCSA;04_SLTP_TRAIL;BUY;ICHIMOKU;19;200286535680;FAST_GENETIC;639401985;RESEARCH;05_US_Stocks_CFD/CMCSA/04_SLTP_TRAIL/BUY_ICHIMOKU.set;4FD19FBBBD587F014B380170823DA467C1D88F82CD00DDB9D00E605297E3D94A
05_US_Stocks_CFD;CMCSA;04_SLTP_TRAIL;SELL;MULTI;20;9179799552000;FAST_GENETIC;673710262;RESEARCH;05_US_Stocks_CFD/CMCSA/04_SLTP_TRAIL/SELL_MULTI.set;A65FE4EA65557E6CBD56FB4C7B7EDE3144986703AE04DA21EE0B6A3BF38B0677
05_US_Stocks_CFD;CMCSA;04_SLTP_TRAIL;SELL;ICHIMOKU;19;200286535680;FAST_GENETIC;693964037;RESEARCH;05_US_Stocks_CFD/CMCSA/04_SLTP_TRAIL/SELL_ICHIMOKU.set;FB3DDB4B04ED194FF4D8F9D33ABA6D04D185314EA1DB090E21AA803D863483C6
05_US_Stocks_CFD;CMCSA;05_BE_TRAIL;BUY;MULTI;19;1043159040000;FAST_GENETIC;644689516;RESEARCH;05_US_Stocks_CFD/CMCSA/05_BE_TRAIL/BUY_MULTI.set;CDF679502DD64C023D97542D2D6DBCFF6748A85BE9E9063D9ED3127A7ABC435C
05_US_Stocks_CFD;CMCSA;05_BE_TRAIL;BUY;ICHIMOKU;18;22759833600;FAST_GENETIC;614998280;RESEARCH;05_US_Stocks_CFD/CMCSA/05_BE_TRAIL/BUY_ICHIMOKU.set;BC9492BD5C10C1316FC7C3F5EC53CD69AF817CB6DA6B8400D86E08DDF00E23F4
05_US_Stocks_CFD;CMCSA;05_BE_TRAIL;SELL;MULTI;19;1043159040000;FAST_GENETIC;614575724;RESEARCH;05_US_Stocks_CFD/CMCSA/05_BE_TRAIL/SELL_MULTI.set;51C0B90AF0D011627FA918CDD7B3500496C1C1B0CD000F0DA2158E9D57563EBA
05_US_Stocks_CFD;CMCSA;05_BE_TRAIL;SELL;ICHIMOKU;18;22759833600;FAST_GENETIC;670074254;RESEARCH;05_US_Stocks_CFD/CMCSA/05_BE_TRAIL/SELL_ICHIMOKU.set;1E6300BB74B71440F8411589B60D3E2080295797B9F3EB75375E0EBBE9F670F6
05_US_Stocks_CFD;CMCSA;06_REVERSAL_EXIT;BUY;MULTI;21;1669054464000;FAST_GENETIC;683060277;RESEARCH;05_US_Stocks_CFD/CMCSA/06_REVERSAL_EXIT/BUY_MULTI.set;6BC235E83AD0CF7B04EDDA5456A8BB5C06CE74AB906261973509B3D492743B88
05_US_Stocks_CFD;CMCSA;06_REVERSAL_EXIT;BUY;ICHIMOKU;20;36415733760;FAST_GENETIC;616236403;RESEARCH;05_US_Stocks_CFD/CMCSA/06_REVERSAL_EXIT/BUY_ICHIMOKU.set;3275A72063169D3D89458F7CE298536E74F8D1EBEAE410FD272B6E9C03254F1D
05_US_Stocks_CFD;CMCSA;06_REVERSAL_EXIT;SELL;MULTI;21;1669054464000;FAST_GENETIC;646518615;RESEARCH;05_US_Stocks_CFD/CMCSA/06_REVERSAL_EXIT/SELL_MULTI.set;479C707B9DF9BB1F471345AA0BA6AD90549BC5268EA03A1B02CF3DD5037B584C
05_US_Stocks_CFD;CMCSA;06_REVERSAL_EXIT;SELL;ICHIMOKU;20;36415733760;FAST_GENETIC;638816638;RESEARCH;05_US_Stocks_CFD/CMCSA/06_REVERSAL_EXIT/SELL_ICHIMOKU.set;08F488131C10764D108CEE288203A25891BC4F1D1930792AADCCDC77F1CF436F
05_US_Stocks_CFD;CMCSA;07_GRID_SEPARATE;BUY;MULTI;20;3161410560000;FAST_GENETIC;674246647;HEDGE_ACCOUNT_REQUIRED;05_US_Stocks_CFD/CMCSA/07_GRID_SEPARATE/BUY_MULTI.set;495D1B93D516D2520E74F6151A2FBA740B5577E0A54C751AB48556E30D55303B
05_US_Stocks_CFD;CMCSA;07_GRID_SEPARATE;BUY;ICHIMOKU;19;68976230400;FAST_GENETIC;670733322;HEDGE_ACCOUNT_REQUIRED;05_US_Stocks_CFD/CMCSA/07_GRID_SEPARATE/BUY_ICHIMOKU.set;A70A80CD146F717041E37C724DA3E880C1F2E34F45C3E6E08EAA24BAC911BAB4
05_US_Stocks_CFD;CMCSA;07_GRID_SEPARATE;SELL;MULTI;20;3161410560000;FAST_GENETIC;629607972;HEDGE_ACCOUNT_REQUIRED;05_US_Stocks_CFD/CMCSA/07_GRID_SEPARATE/SELL_MULTI.set;CD6FFDA3900D76FCCD804880EB84EB45AC6A83431739E7B1048130F92382A295
05_US_Stocks_CFD;CMCSA;07_GRID_SEPARATE;SELL;ICHIMOKU;19;68976230400;FAST_GENETIC;617599567;HEDGE_ACCOUNT_REQUIRED;05_US_Stocks_CFD/CMCSA/07_GRID_SEPARATE/SELL_ICHIMOKU.set;8D95637F6EAD1BBD910B1F9755429D92CD3CB451F37ECCAF4EDE20FBBCE434B1
05_US_Stocks_CFD;CMCSA;08_GRID_UNIFIED;BOTH;MULTI;21;15807052800000;FAST_GENETIC;615906337;HEDGE_ACCOUNT_REQUIRED;05_US_Stocks_CFD/CMCSA/08_GRID_UNIFIED/BOTH_MULTI.set;9BE9F85152FB9603A6F6F2D04EF3BAA0EE3FF2ECA93A8CA04598E957671AEA94
05_US_Stocks_CFD;CMCSA;08_GRID_UNIFIED;BOTH;ICHIMOKU;20;344881152000;FAST_GENETIC;657102798;HEDGE_ACCOUNT_REQUIRED;05_US_Stocks_CFD/CMCSA/08_GRID_UNIFIED/BOTH_ICHIMOKU.set;5A7D3C37F34134ABE01331871DD1FB46787F28170AFF03065CD66295D05174D7
05_US_Stocks_CFD;CMCSA;09_MARTINGALE;BUY;MULTI;21;18359599104000;FAST_GENETIC;621544481;HIGH_RISK;05_US_Stocks_CFD/CMCSA/09_MARTINGALE/BUY_MULTI.set;8375F8CCF120177B0FA56E0F4EE63C9473C696FAB223CDE557CE57DD09F7EAD0
05_US_Stocks_CFD;CMCSA;09_MARTINGALE;BUY;ICHIMOKU;20;400573071360;FAST_GENETIC;661049981;HIGH_RISK;05_US_Stocks_CFD/CMCSA/09_MARTINGALE/BUY_ICHIMOKU.set;716C0AC747A4F8FD82A9160FC0800EE4B6A6C5F4E18C452322771A0F6415F40E
05_US_Stocks_CFD;CMCSA;09_MARTINGALE;SELL;MULTI;21;18359599104000;FAST_GENETIC;681828547;HIGH_RISK;05_US_Stocks_CFD/CMCSA/09_MARTINGALE/SELL_MULTI.set;F775830011EA9BFE51D63FF94B00BC7042560EC31984683C590BDEA67D5663C1
05_US_Stocks_CFD;CMCSA;09_MARTINGALE;SELL;ICHIMOKU;20;400573071360;FAST_GENETIC;647781610;HIGH_RISK;05_US_Stocks_CFD/CMCSA/09_MARTINGALE/SELL_ICHIMOKU.set;15DE9B9FD77B938B807538A74CF3ECC812B7790BA58D49959714850C9C2DE9ED
05_US_Stocks_CFD;CMCSA;10_DALEMBERT;BUY;MULTI;21;13113999360000;FAST_GENETIC;644946508;HIGH_RISK;05_US_Stocks_CFD/CMCSA/10_DALEMBERT/BUY_MULTI.set;93E1A90FF0FBB72DE827D6B9AE8E281A2BF8DF33BD1A26A6E69560D8BB355729
05_US_Stocks_CFD;CMCSA;10_DALEMBERT;BUY;ICHIMOKU;20;286123622400;FAST_GENETIC;640931678;HIGH_RISK;05_US_Stocks_CFD/CMCSA/10_DALEMBERT/BUY_ICHIMOKU.set;DB3288F1C9795CC141D06E1C2ECE00364BC196D3FAF0F18D8C82EC44D7396C30
05_US_Stocks_CFD;CMCSA;10_DALEMBERT;SELL;MULTI;21;13113999360000;FAST_GENETIC;649715015;HIGH_RISK;05_US_Stocks_CFD/CMCSA/10_DALEMBERT/SELL_MULTI.set;887B021D25AA3A04F6D3B353BABA2C31BB74B6DEC026E79DB7C4A8766019341A
05_US_Stocks_CFD;CMCSA;10_DALEMBERT;SELL;ICHIMOKU;20;286123622400;FAST_GENETIC;676495804;HIGH_RISK;05_US_Stocks_CFD/CMCSA/10_DALEMBERT/SELL_ICHIMOKU.set;88E8882F5F33E9D675C10C7326332B38553D2998251618A8E42D9ED340BA53A6
05_US_Stocks_CFD;CMCSA;11_SIGNAL_ONLY;BUY;MULTI;16;354816000;FAST_GENETIC;686563674;HIGH_RISK_RESEARCH;05_US_Stocks_CFD/CMCSA/11_SIGNAL_ONLY/BUY_MULTI.set;7A5B176FA9B13899C28050340539DB230283626DA926A976589F69C1BE1CBE1D
05_US_Stocks_CFD;CMCSA;11_SIGNAL_ONLY;BUY;ICHIMOKU;15;7741440;FAST_GENETIC;687777854;HIGH_RISK_RESEARCH;05_US_Stocks_CFD/CMCSA/11_SIGNAL_ONLY/BUY_ICHIMOKU.set;C9BF7352FA1F897A983A00B20BC24C1D53ED261C6B6114B78F292416EF2BF6AE
05_US_Stocks_CFD;CMCSA;11_SIGNAL_ONLY;SELL;MULTI;16;354816000;FAST_GENETIC;630627761;HIGH_RISK_RESEARCH;05_US_Stocks_CFD/CMCSA/11_SIGNAL_ONLY/SELL_MULTI.set;42296D08EF9E8FDAFFE33E677FDF802AB84E36F46AC6D1359C1A3B89ADED9B58
05_US_Stocks_CFD;CMCSA;11_SIGNAL_ONLY;SELL;ICHIMOKU;15;7741440;FAST_GENETIC;677577397;HIGH_RISK_RESEARCH;05_US_Stocks_CFD/CMCSA/11_SIGNAL_ONLY/SELL_ICHIMOKU.set;B488C691217CCF800060B383BA30D3085F5E2C4391A3209609CD2E09FD486AE5
05_US_Stocks_CFD;CSCO;01_SLTP;BUY;MULTI;19;655699968000;FAST_GENETIC;697871441;RESEARCH;05_US_Stocks_CFD/CSCO/01_SLTP/BUY_MULTI.set;CA09F839EFCAD889451CFC5EC57586D6A00EDC75A32D17C9C8D2F111B8B4F4B5
05_US_Stocks_CFD;CSCO;01_SLTP;BUY;ICHIMOKU;18;14306181120;FAST_GENETIC;658038267;RESEARCH;05_US_Stocks_CFD/CSCO/01_SLTP/BUY_ICHIMOKU.set;4D9F6BCCA179C43E1361BADC974A6D5FAC1DA2FBFC520E365B5C8D4137443C7E
05_US_Stocks_CFD;CSCO;01_SLTP;SELL;MULTI;19;655699968000;FAST_GENETIC;628770763;RESEARCH;05_US_Stocks_CFD/CSCO/01_SLTP/SELL_MULTI.set;5F1954106E5E8EC384BD62657FEE97B1F04CB10DBE72660E319EE27CAF2A480C
05_US_Stocks_CFD;CSCO;01_SLTP;SELL;ICHIMOKU;18;14306181120;FAST_GENETIC;682030182;RESEARCH;05_US_Stocks_CFD/CSCO/01_SLTP/SELL_ICHIMOKU.set;5F2127034C8E11F95E7B828C82F7B507C8A6CA237D83F9EA1C852B1C9189DAB0
05_US_Stocks_CFD;CSCO;02_SLTP_ORGANIC;BUY;MULTI;19;655699968000;FAST_GENETIC;621145731;RESEARCH;05_US_Stocks_CFD/CSCO/02_SLTP_ORGANIC/BUY_MULTI.set;CDE5698E4DD02FA32A4C6427DB2A25CA1E471EFD8773B5B9885B19D8B42DB5C9
05_US_Stocks_CFD;CSCO;02_SLTP_ORGANIC;BUY;ICHIMOKU;18;14306181120;FAST_GENETIC;674295583;RESEARCH;05_US_Stocks_CFD/CSCO/02_SLTP_ORGANIC/BUY_ICHIMOKU.set;9AA6FADD3873570D0B55E175DBBA7353C467FA11D196882FB3C96E18E71BB19B
05_US_Stocks_CFD;CSCO;02_SLTP_ORGANIC;SELL;MULTI;19;655699968000;FAST_GENETIC;688748265;RESEARCH;05_US_Stocks_CFD/CSCO/02_SLTP_ORGANIC/SELL_MULTI.set;36E8BAEEF95E17AD425AE5EA26316ECA08D855FF1A5988DA80D0B1B4E7180430
05_US_Stocks_CFD;CSCO;02_SLTP_ORGANIC;SELL;ICHIMOKU;18;14306181120;FAST_GENETIC;615964798;RESEARCH;05_US_Stocks_CFD/CSCO/02_SLTP_ORGANIC/SELL_ICHIMOKU.set;31DFBFB54F57D1A245EFFE57FECF1B145148971F9F49C0106C16FCA11401D05C
05_US_Stocks_CFD;CSCO;03_TRAIL_ONLY;BUY;MULTI;20;2086318080000;FAST_GENETIC;674361713;RESEARCH;05_US_Stocks_CFD/CSCO/03_TRAIL_ONLY/BUY_MULTI.set;D7EFD8C94FD17FDF46D5C4D6A4AC55CB8342C50CABA3FCE3422364734A98E33B
05_US_Stocks_CFD;CSCO;03_TRAIL_ONLY;BUY;ICHIMOKU;19;45519667200;FAST_GENETIC;652078500;RESEARCH;05_US_Stocks_CFD/CSCO/03_TRAIL_ONLY/BUY_ICHIMOKU.set;BF140EC83D620F7B42571D1988DC9A125FD7FDB8D7750325109D24A24D392CD5
05_US_Stocks_CFD;CSCO;03_TRAIL_ONLY;SELL;MULTI;20;2086318080000;FAST_GENETIC;694986525;RESEARCH;05_US_Stocks_CFD/CSCO/03_TRAIL_ONLY/SELL_MULTI.set;30DE21DAD9F7521AC3F20CEBB9DF9E78EC3FE8EAC2068B6A44724571983C28DE
05_US_Stocks_CFD;CSCO;03_TRAIL_ONLY;SELL;ICHIMOKU;19;45519667200;FAST_GENETIC;694203424;RESEARCH;05_US_Stocks_CFD/CSCO/03_TRAIL_ONLY/SELL_ICHIMOKU.set;B80161120C8849C332F337C4BAF88A7E6F68868F01BBBDCE0FF616ACF8A5EB48
05_US_Stocks_CFD;CSCO;04_SLTP_TRAIL;BUY;MULTI;20;9179799552000;FAST_GENETIC;626532622;RESEARCH;05_US_Stocks_CFD/CSCO/04_SLTP_TRAIL/BUY_MULTI.set;372F841D7341D0E4C721B7B0E10708559EE8F2054EF9636B658AB0A35BD477B5
05_US_Stocks_CFD;CSCO;04_SLTP_TRAIL;BUY;ICHIMOKU;19;200286535680;FAST_GENETIC;619754978;RESEARCH;05_US_Stocks_CFD/CSCO/04_SLTP_TRAIL/BUY_ICHIMOKU.set;ED754B09EF92BA4E279F53E20189F5391DF73AC62F7690ECE03A508899FCC1B0
05_US_Stocks_CFD;CSCO;04_SLTP_TRAIL;SELL;MULTI;20;9179799552000;FAST_GENETIC;631862026;RESEARCH;05_US_Stocks_CFD/CSCO/04_SLTP_TRAIL/SELL_MULTI.set;06EC274DFC7189142E1EBDC21F2F195A8ED753639E478526B24410AD98FE974C
05_US_Stocks_CFD;CSCO;04_SLTP_TRAIL;SELL;ICHIMOKU;19;200286535680;FAST_GENETIC;647227245;RESEARCH;05_US_Stocks_CFD/CSCO/04_SLTP_TRAIL/SELL_ICHIMOKU.set;6377B5CDCB289933F08F01ACD9DC8DBE238FD28918397E0F49FBC3B9DE917FF5
05_US_Stocks_CFD;CSCO;05_BE_TRAIL;BUY;MULTI;19;1043159040000;FAST_GENETIC;681440827;RESEARCH;05_US_Stocks_CFD/CSCO/05_BE_TRAIL/BUY_MULTI.set;A61758AF81EFEE6CE14A95FFA6D56A3CE355A3DA5D4B1BEE9499D5701F351671
05_US_Stocks_CFD;CSCO;05_BE_TRAIL;BUY;ICHIMOKU;18;22759833600;FAST_GENETIC;698720104;RESEARCH;05_US_Stocks_CFD/CSCO/05_BE_TRAIL/BUY_ICHIMOKU.set;B6183F4C977262E6BA8765EB9206D3CD4D671382DA563D78867CB6D2A070B427
05_US_Stocks_CFD;CSCO;05_BE_TRAIL;SELL;MULTI;19;1043159040000;FAST_GENETIC;615075417;RESEARCH;05_US_Stocks_CFD/CSCO/05_BE_TRAIL/SELL_MULTI.set;1B1A1444C7968C53F08AC15560F37D1043807BA6BC7F058508F061047F809E4C
05_US_Stocks_CFD;CSCO;05_BE_TRAIL;SELL;ICHIMOKU;18;22759833600;FAST_GENETIC;625091148;RESEARCH;05_US_Stocks_CFD/CSCO/05_BE_TRAIL/SELL_ICHIMOKU.set;8EBB71D73B31BF8CEF5158D31BC780326CF51B95563C6E9ACF0B464D53458625
05_US_Stocks_CFD;CSCO;06_REVERSAL_EXIT;BUY;MULTI;21;1669054464000;FAST_GENETIC;686628655;RESEARCH;05_US_Stocks_CFD/CSCO/06_REVERSAL_EXIT/BUY_MULTI.set;1646BA9913D6A16055EE366F06BBA187421AFE2D906CF668F75EF966F233F783
05_US_Stocks_CFD;CSCO;06_REVERSAL_EXIT;BUY;ICHIMOKU;20;36415733760;FAST_GENETIC;615165084;RESEARCH;05_US_Stocks_CFD/CSCO/06_REVERSAL_EXIT/BUY_ICHIMOKU.set;9F23CCA1521FF2514F9F3F186C8EAC86409F01AED90E5C71F796A0D2D7B3A05D
05_US_Stocks_CFD;CSCO;06_REVERSAL_EXIT;SELL;MULTI;21;1669054464000;FAST_GENETIC;644184745;RESEARCH;05_US_Stocks_CFD/CSCO/06_REVERSAL_EXIT/SELL_MULTI.set;79F6D3EB5DC5FF37768DCC78C46AF59ABD403686EE5ED07CA6CC20B13EE1975F
05_US_Stocks_CFD;CSCO;06_REVERSAL_EXIT;SELL;ICHIMOKU;20;36415733760;FAST_GENETIC;666114427;RESEARCH;05_US_Stocks_CFD/CSCO/06_REVERSAL_EXIT/SELL_ICHIMOKU.set;587A5DB8F469E1CADDB06100BCBEB75630C5925062BE58E65DC85513CE7DD31E
05_US_Stocks_CFD;CSCO;07_GRID_SEPARATE;BUY;MULTI;20;3161410560000;FAST_GENETIC;687761450;HEDGE_ACCOUNT_REQUIRED;05_US_Stocks_CFD/CSCO/07_GRID_SEPARATE/BUY_MULTI.set;DBCA2EABB7CA0DC33B031D45DF57A7AC7F916DCD4BD4E690B0DD8531357F7D01
05_US_Stocks_CFD;CSCO;07_GRID_SEPARATE;BUY;ICHIMOKU;19;68976230400;FAST_GENETIC;692765939;HEDGE_ACCOUNT_REQUIRED;05_US_Stocks_CFD/CSCO/07_GRID_SEPARATE/BUY_ICHIMOKU.set;3429276E42A29286FFF1C82F439C96F660F7BAF77D9A6C23EB972BA5C4465A25
05_US_Stocks_CFD;CSCO;07_GRID_SEPARATE;SELL;MULTI;20;3161410560000;FAST_GENETIC;642939097;HEDGE_ACCOUNT_REQUIRED;05_US_Stocks_CFD/CSCO/07_GRID_SEPARATE/SELL_MULTI.set;530376231D201443E88669B6C351EAAB4699EEF896BD9CFB8CD3500FE0C67820
05_US_Stocks_CFD;CSCO;07_GRID_SEPARATE;SELL;ICHIMOKU;19;68976230400;FAST_GENETIC;620419175;HEDGE_ACCOUNT_REQUIRED;05_US_Stocks_CFD/CSCO/07_GRID_SEPARATE/SELL_ICHIMOKU.set;825BF0FDD919C9F22E4565AF346CB7800862735A85FEAC2131A9B2F1ECF09840
05_US_Stocks_CFD;CSCO;08_GRID_UNIFIED;BOTH;MULTI;21;15807052800000;FAST_GENETIC;635565751;HEDGE_ACCOUNT_REQUIRED;05_US_Stocks_CFD/CSCO/08_GRID_UNIFIED/BOTH_MULTI.set;CB540B379BFF30FA1CAEFC17F7C0B0338BE88B6042F9487C0C9D6D294A04B091
05_US_Stocks_CFD;CSCO;08_GRID_UNIFIED;BOTH;ICHIMOKU;20;344881152000;FAST_GENETIC;648740300;HEDGE_ACCOUNT_REQUIRED;05_US_Stocks_CFD/CSCO/08_GRID_UNIFIED/BOTH_ICHIMOKU.set;9F36FDFA1BFDC69BE1D7F6A97AAAC3156D6BA129A3DFC52ADBC2DFC8C19E68AA
05_US_Stocks_CFD;CSCO;09_MARTINGALE;BUY;MULTI;21;18359599104000;FAST_GENETIC;692807248;HIGH_RISK;05_US_Stocks_CFD/CSCO/09_MARTINGALE/BUY_MULTI.set;9A5C36CA2F0FE2A09B02934EA8ACDAA5E936547D1B7557071DC573340FFE00B4
05_US_Stocks_CFD;CSCO;09_MARTINGALE;BUY;ICHIMOKU;20;400573071360;FAST_GENETIC;687809821;HIGH_RISK;05_US_Stocks_CFD/CSCO/09_MARTINGALE/BUY_ICHIMOKU.set;A8F2F0092825B6BCA83CC3983E56E5482CE796913DCA435825833E1717A40186
05_US_Stocks_CFD;CSCO;09_MARTINGALE;SELL;MULTI;21;18359599104000;FAST_GENETIC;669414216;HIGH_RISK;05_US_Stocks_CFD/CSCO/09_MARTINGALE/SELL_MULTI.set;DB5DF105BD4EA504F20D279B1476C80F70262F4E0A7C4FF8870DF91EE77FDB3E
05_US_Stocks_CFD;CSCO;09_MARTINGALE;SELL;ICHIMOKU;20;400573071360;FAST_GENETIC;655328229;HIGH_RISK;05_US_Stocks_CFD/CSCO/09_MARTINGALE/SELL_ICHIMOKU.set;DF67100D0F3DFEAB2E79C4C26AD5AA3C046AB594643C7A16594E33E49868485E
05_US_Stocks_CFD;CSCO;10_DALEMBERT;BUY;MULTI;21;13113999360000;FAST_GENETIC;640528947;HIGH_RISK;05_US_Stocks_CFD/CSCO/10_DALEMBERT/BUY_MULTI.set;BF7516ED64FC72CA8D15266A3048AF9D42C76906DA47CE57FC53BE709B74635B
05_US_Stocks_CFD;CSCO;10_DALEMBERT;BUY;ICHIMOKU;20;286123622400;FAST_GENETIC;664021990;HIGH_RISK;05_US_Stocks_CFD/CSCO/10_DALEMBERT/BUY_ICHIMOKU.set;684E0611A4F9BD5A2AF85155516851B0C2B9C65969A4F93CBEAB3376AB07F569
05_US_Stocks_CFD;CSCO;10_DALEMBERT;SELL;MULTI;21;13113999360000;FAST_GENETIC;612782725;HIGH_RISK;05_US_Stocks_CFD/CSCO/10_DALEMBERT/SELL_MULTI.set;5E34FF0A44F5ED08AFFDFD487866DF94DA8EAAD0449031655B7D3D1D3A315645
05_US_Stocks_CFD;CSCO;10_DALEMBERT;SELL;ICHIMOKU;20;286123622400;FAST_GENETIC;688848765;HIGH_RISK;05_US_Stocks_CFD/CSCO/10_DALEMBERT/SELL_ICHIMOKU.set;D3EA0A561C16BCE2BF5C77407D93DCB4252ABDEC630EBE92EBBE7284C7B95C01
05_US_Stocks_CFD;CSCO;11_SIGNAL_ONLY;BUY;MULTI;16;354816000;FAST_GENETIC;652830768;HIGH_RISK_RESEARCH;05_US_Stocks_CFD/CSCO/11_SIGNAL_ONLY/BUY_MULTI.set;D17060FDF2137C4C7B9CB0BAE8BC0DAF6CF8BA055E0770C487C3D2A95662DB4D
05_US_Stocks_CFD;CSCO;11_SIGNAL_ONLY;BUY;ICHIMOKU;15;7741440;FAST_GENETIC;654801699;HIGH_RISK_RESEARCH;05_US_Stocks_CFD/CSCO/11_SIGNAL_ONLY/BUY_ICHIMOKU.set;C820EEE2CF5CF19F7B501A858462AF885ADBC3F0DC45701A5E8A1F38D57B450F
05_US_Stocks_CFD;CSCO;11_SIGNAL_ONLY;SELL;MULTI;16;354816000;FAST_GENETIC;651596214;HIGH_RISK_RESEARCH;05_US_Stocks_CFD/CSCO/11_SIGNAL_ONLY/SELL_MULTI.set;8BA963202079A3DB130CD323833B9430ABB99B8DE67AA0A3DBE2F3B0E6653E59
05_US_Stocks_CFD;CSCO;11_SIGNAL_ONLY;SELL;ICHIMOKU;15;7741440;FAST_GENETIC;694010786;HIGH_RISK_RESEARCH;05_US_Stocks_CFD/CSCO/11_SIGNAL_ONLY/SELL_ICHIMOKU.set;4D509BB1B948AA25300B53132AD2704483970BF47A21629C75596C77103AA836
05_US_Stocks_CFD;CVX;01_SLTP;BUY;MULTI;19;655699968000;FAST_GENETIC;628772693;RESEARCH;05_US_Stocks_CFD/CVX/01_SLTP/BUY_MULTI.set;D677E0973D82E19046414C6B5B6502EC1E08DFFEF394C3CE85D49E85B28490FD
05_US_Stocks_CFD;CVX;01_SLTP;BUY;ICHIMOKU;18;14306181120;FAST_GENETIC;619415557;RESEARCH;05_US_Stocks_CFD/CVX/01_SLTP/BUY_ICHIMOKU.set;C97BC451CF7713CE8771ECF4E32E37AC8B0F929A86019DAF36A7D78972C04961
05_US_Stocks_CFD;CVX;01_SLTP;SELL;MULTI;19;655699968000;FAST_GENETIC;687879635;RESEARCH;05_US_Stocks_CFD/CVX/01_SLTP/SELL_MULTI.set;00E305AB92D24965A36726D459387C4AB144C35247A3BA63CDED239FA155C32E
05_US_Stocks_CFD;CVX;01_SLTP;SELL;ICHIMOKU;18;14306181120;FAST_GENETIC;665516441;RESEARCH;05_US_Stocks_CFD/CVX/01_SLTP/SELL_ICHIMOKU.set;70E2DCCBB2F1CF1521F5B707F33C7CCECA5DC9E9582014C6394B648B7E7E0697
05_US_Stocks_CFD;CVX;02_SLTP_ORGANIC;BUY;MULTI;19;655699968000;FAST_GENETIC;643062682;RESEARCH;05_US_Stocks_CFD/CVX/02_SLTP_ORGANIC/BUY_MULTI.set;655D027166CC7835F8BBBA1462B366D4BCC2825EF3AD8500C6AA3FC144F4998A
05_US_Stocks_CFD;CVX;02_SLTP_ORGANIC;BUY;ICHIMOKU;18;14306181120;FAST_GENETIC;681826778;RESEARCH;05_US_Stocks_CFD/CVX/02_SLTP_ORGANIC/BUY_ICHIMOKU.set;EE42DE50924B8E5BC0DEF587871EA5D49055EA763A7A34345A142319681480D4
05_US_Stocks_CFD;CVX;02_SLTP_ORGANIC;SELL;MULTI;19;655699968000;FAST_GENETIC;664835032;RESEARCH;05_US_Stocks_CFD/CVX/02_SLTP_ORGANIC/SELL_MULTI.set;3CB6849A9315FB8C761102D32AC8D2586DCBC1ECBB7DB20A51792C1AF118CAB8
05_US_Stocks_CFD;CVX;02_SLTP_ORGANIC;SELL;ICHIMOKU;18;14306181120;FAST_GENETIC;694496648;RESEARCH;05_US_Stocks_CFD/CVX/02_SLTP_ORGANIC/SELL_ICHIMOKU.set;C9D22782BDE8F66D8C1078394867368C03BF537AA7CCE66E4565DA4388622C5A
05_US_Stocks_CFD;CVX;03_TRAIL_ONLY;BUY;MULTI;20;2086318080000;FAST_GENETIC;654818568;RESEARCH;05_US_Stocks_CFD/CVX/03_TRAIL_ONLY/BUY_MULTI.set;660AB65EDD85DC817B68E89967B38693E17FB1DAAFD7EBB70BE5BDC064161ACA
05_US_Stocks_CFD;CVX;03_TRAIL_ONLY;BUY;ICHIMOKU;19;45519667200;FAST_GENETIC;664385185;RESEARCH;05_US_Stocks_CFD/CVX/03_TRAIL_ONLY/BUY_ICHIMOKU.set;7B8DAE04337E3D51213FCEECEB12E7166102CE757214C1346A2A8C01E813C475
05_US_Stocks_CFD;CVX;03_TRAIL_ONLY;SELL;MULTI;20;2086318080000;FAST_GENETIC;646065696;RESEARCH;05_US_Stocks_CFD/CVX/03_TRAIL_ONLY/SELL_MULTI.set;60FAA70D4C62F97A602ACFD1F44E2B4D1B8D0BA954EDAD3A99DA9A9543C2C672
05_US_Stocks_CFD;CVX;03_TRAIL_ONLY;SELL;ICHIMOKU;19;45519667200;FAST_GENETIC;631131509;RESEARCH;05_US_Stocks_CFD/CVX/03_TRAIL_ONLY/SELL_ICHIMOKU.set;5DA93124E20BB2457243E8591496B2A774A98BDAEF44FB27D449802B22269F75
05_US_Stocks_CFD;CVX;04_SLTP_TRAIL;BUY;MULTI;20;9179799552000;FAST_GENETIC;681900999;RESEARCH;05_US_Stocks_CFD/CVX/04_SLTP_TRAIL/BUY_MULTI.set;8279BF25F1245EDAD340D9F58CCB0F9D1587F942FE4B54AF323E0E7E65325B28
05_US_Stocks_CFD;CVX;04_SLTP_TRAIL;BUY;ICHIMOKU;19;200286535680;FAST_GENETIC;653165496;RESEARCH;05_US_Stocks_CFD/CVX/04_SLTP_TRAIL/BUY_ICHIMOKU.set;039B6ED338670E086387EDD29C744262A965EC5FF14A371498E3F09DD2DC57AF
05_US_Stocks_CFD;CVX;04_SLTP_TRAIL;SELL;MULTI;20;9179799552000;FAST_GENETIC;697507850;RESEARCH;05_US_Stocks_CFD/CVX/04_SLTP_TRAIL/SELL_MULTI.set;872BD6EC2D6D79C3DF074BAE652491304050BC4C0F27FC170FB2E6CD34E71475
05_US_Stocks_CFD;CVX;04_SLTP_TRAIL;SELL;ICHIMOKU;19;200286535680;FAST_GENETIC;695744752;RESEARCH;05_US_Stocks_CFD/CVX/04_SLTP_TRAIL/SELL_ICHIMOKU.set;EC87E334C1E97AE778B783B222B3FE3D5681CCEB9DCDBFC6441637CB92A88ABD
05_US_Stocks_CFD;CVX;05_BE_TRAIL;BUY;MULTI;19;1043159040000;FAST_GENETIC;685306265;RESEARCH;05_US_Stocks_CFD/CVX/05_BE_TRAIL/BUY_MULTI.set;A6D436054445B4C78E260E39382F32B4EF22DAC3A4EB4BA4AEF0DF8BC65D0D38
05_US_Stocks_CFD;CVX;05_BE_TRAIL;BUY;ICHIMOKU;18;22759833600;FAST_GENETIC;623721130;RESEARCH;05_US_Stocks_CFD/CVX/05_BE_TRAIL/BUY_ICHIMOKU.set;AE2500A546E5DD13824C0F31D6132596855E4A24717980AE1291363578C1BC3E
05_US_Stocks_CFD;CVX;05_BE_TRAIL;SELL;MULTI;19;1043159040000;FAST_GENETIC;655808985;RESEARCH;05_US_Stocks_CFD/CVX/05_BE_TRAIL/SELL_MULTI.set;B6407BCCD5F1C22F31013D85EBCD1E32348ABAF07BBE0E9184F03AC66EC87B3F
05_US_Stocks_CFD;CVX;05_BE_TRAIL;SELL;ICHIMOKU;18;22759833600;FAST_GENETIC;617082314;RESEARCH;05_US_Stocks_CFD/CVX/05_BE_TRAIL/SELL_ICHIMOKU.set;82AC33476EA49F0833F61FA5ED89F2A67AACB6CA72311BD8B70F4E0E92756233
05_US_Stocks_CFD;CVX;06_REVERSAL_EXIT;BUY;MULTI;21;1669054464000;FAST_GENETIC;617443278;RESEARCH;05_US_Stocks_CFD/CVX/06_REVERSAL_EXIT/BUY_MULTI.set;ECA0CC2D57499F2ED2B1EA72A0BC9D000752744B453DDBAF425B8A0AB71ECD0E
05_US_Stocks_CFD;CVX;06_REVERSAL_EXIT;BUY;ICHIMOKU;20;36415733760;FAST_GENETIC;678841980;RESEARCH;05_US_Stocks_CFD/CVX/06_REVERSAL_EXIT/BUY_ICHIMOKU.set;F5409686EBE9A4E604DC27AB64B906B9468AD6D6B8171E9DA5E10B167A72418F
05_US_Stocks_CFD;CVX;06_REVERSAL_EXIT;SELL;MULTI;21;1669054464000;FAST_GENETIC;650807219;RESEARCH;05_US_Stocks_CFD/CVX/06_REVERSAL_EXIT/SELL_MULTI.set;717728DAC615608C5DD81F884200D3A43126096D09AB24261B5127B2CA29A0BE
05_US_Stocks_CFD;CVX;06_REVERSAL_EXIT;SELL;ICHIMOKU;20;36415733760;FAST_GENETIC;674425223;RESEARCH;05_US_Stocks_CFD/CVX/06_REVERSAL_EXIT/SELL_ICHIMOKU.set;BB62EE6564A67DD274ECAEBD698E818FF50C566669A86CF03F7E099D1F1E5DFC
05_US_Stocks_CFD;CVX;07_GRID_SEPARATE;BUY;MULTI;20;3161410560000;FAST_GENETIC;651829559;HEDGE_ACCOUNT_REQUIRED;05_US_Stocks_CFD/CVX/07_GRID_SEPARATE/BUY_MULTI.set;6E7973EED467D6B345F427BFA6BCBE8FD646BCB894E0086E5E6AB0A09A170742
05_US_Stocks_CFD;CVX;07_GRID_SEPARATE;BUY;ICHIMOKU;19;68976230400;FAST_GENETIC;698981086;HEDGE_ACCOUNT_REQUIRED;05_US_Stocks_CFD/CVX/07_GRID_SEPARATE/BUY_ICHIMOKU.set;EC6CED50571CB8DE97ADE2CD18D61A49C1A3CAB28B0BA42E1A2AC6467F2A3650
05_US_Stocks_CFD;CVX;07_GRID_SEPARATE;SELL;MULTI;20;3161410560000;FAST_GENETIC;684418384;HEDGE_ACCOUNT_REQUIRED;05_US_Stocks_CFD/CVX/07_GRID_SEPARATE/SELL_MULTI.set;6F02A79C471289265FDB5E9392A22470E650D881F75348B4352E5C34B75A6397
05_US_Stocks_CFD;CVX;07_GRID_SEPARATE;SELL;ICHIMOKU;19;68976230400;FAST_GENETIC;645329925;HEDGE_ACCOUNT_REQUIRED;05_US_Stocks_CFD/CVX/07_GRID_SEPARATE/SELL_ICHIMOKU.set;3A58C1EE9CFDFF1EDB81C465AC617164600B760C2631A308F33560AFBACA2327
05_US_Stocks_CFD;CVX;08_GRID_UNIFIED;BOTH;MULTI;21;15807052800000;FAST_GENETIC;617530314;HEDGE_ACCOUNT_REQUIRED;05_US_Stocks_CFD/CVX/08_GRID_UNIFIED/BOTH_MULTI.set;BD9854B0B3E5EB56D97C720028F3561E3CE02A503C0F883BF3CB68D3B2F4FC40
05_US_Stocks_CFD;CVX;08_GRID_UNIFIED;BOTH;ICHIMOKU;20;344881152000;FAST_GENETIC;622938696;HEDGE_ACCOUNT_REQUIRED;05_US_Stocks_CFD/CVX/08_GRID_UNIFIED/BOTH_ICHIMOKU.set;75C1C467194DCFF906277C0C7C3F65CF29BA37F7738128182C0A9448B1DCD248
05_US_Stocks_CFD;CVX;09_MARTINGALE;BUY;MULTI;21;18359599104000;FAST_GENETIC;648253882;HIGH_RISK;05_US_Stocks_CFD/CVX/09_MARTINGALE/BUY_MULTI.set;1509C4B592A0A90227527359B0E8952AEE50A932F35B2D189E25B8F735D5B38A
05_US_Stocks_CFD;CVX;09_MARTINGALE;BUY;ICHIMOKU;20;400573071360;FAST_GENETIC;616798500;HIGH_RISK;05_US_Stocks_CFD/CVX/09_MARTINGALE/BUY_ICHIMOKU.set;21891A5A555B91D1F95A55728A2D82CCC24B01ACBD33928ED2769172C8D5CB65
05_US_Stocks_CFD;CVX;09_MARTINGALE;SELL;MULTI;21;18359599104000;FAST_GENETIC;698342770;HIGH_RISK;05_US_Stocks_CFD/CVX/09_MARTINGALE/SELL_MULTI.set;86F662A498ECDC8A69289BDC538A6AC746842E3A27FF883B9579D5E8E791B20E
05_US_Stocks_CFD;CVX;09_MARTINGALE;SELL;ICHIMOKU;20;400573071360;FAST_GENETIC;695121158;HIGH_RISK;05_US_Stocks_CFD/CVX/09_MARTINGALE/SELL_ICHIMOKU.set;A0BD0E19CBA3BE0D11DC28F9ECF59F1EB9293664E159CBA37A15B1654B1AF6F8
05_US_Stocks_CFD;CVX;10_DALEMBERT;BUY;MULTI;21;13113999360000;FAST_GENETIC;640058848;HIGH_RISK;05_US_Stocks_CFD/CVX/10_DALEMBERT/BUY_MULTI.set;3D2799C460C1AA95DBBB3C54C20913D0D43B0481EFECB9A82E4C04FB7BA46BA6
05_US_Stocks_CFD;CVX;10_DALEMBERT;BUY;ICHIMOKU;20;286123622400;FAST_GENETIC;651218458;HIGH_RISK;05_US_Stocks_CFD/CVX/10_DALEMBERT/BUY_ICHIMOKU.set;60DCBB2A79372087F010030257C36D3B589C4190F5D09F27A81C95559268CA43
05_US_Stocks_CFD;CVX;10_DALEMBERT;SELL;MULTI;21;13113999360000;FAST_GENETIC;644497709;HIGH_RISK;05_US_Stocks_CFD/CVX/10_DALEMBERT/SELL_MULTI.set;3CA948239C17DBFC4A4675734F8DEC0726E10493861CD5B9A5271629A74BFAD9
05_US_Stocks_CFD;CVX;10_DALEMBERT;SELL;ICHIMOKU;20;286123622400;FAST_GENETIC;626988824;HIGH_RISK;05_US_Stocks_CFD/CVX/10_DALEMBERT/SELL_ICHIMOKU.set;28E1E99B01F662348EC3AF8421EB96794AD68B7D82E04CB81CBE020D8E1A90DE
05_US_Stocks_CFD;CVX;11_SIGNAL_ONLY;BUY;MULTI;16;354816000;FAST_GENETIC;620533732;HIGH_RISK_RESEARCH;05_US_Stocks_CFD/CVX/11_SIGNAL_ONLY/BUY_MULTI.set;78FA16EE44E33B7E656F90998F5CFDA2CC5C103BDD75EC91626B9D981884795F
05_US_Stocks_CFD;CVX;11_SIGNAL_ONLY;BUY;ICHIMOKU;15;7741440;FAST_GENETIC;643247534;HIGH_RISK_RESEARCH;05_US_Stocks_CFD/CVX/11_SIGNAL_ONLY/BUY_ICHIMOKU.set;463DE08C992C41B435FBC5993DA9C576656C05415F41CEE979F8339B1F3B021E
05_US_Stocks_CFD;CVX;11_SIGNAL_ONLY;SELL;MULTI;16;354816000;FAST_GENETIC;649379049;HIGH_RISK_RESEARCH;05_US_Stocks_CFD/CVX/11_SIGNAL_ONLY/SELL_MULTI.set;12E7A095F41CDA075739FFFC8B77BC472BBADB385310412F444C1948FB07A121
05_US_Stocks_CFD;CVX;11_SIGNAL_ONLY;SELL;ICHIMOKU;15;7741440;FAST_GENETIC;626357414;HIGH_RISK_RESEARCH;05_US_Stocks_CFD/CVX/11_SIGNAL_ONLY/SELL_ICHIMOKU.set;7DAC25BB6715DC0B527BD4DDD0314D3ECCE5DCA364D1A4461832ADD3214C17AC
05_US_Stocks_CFD;DAL;01_SLTP;BUY;MULTI;19;655699968000;FAST_GENETIC;645163602;RESEARCH;05_US_Stocks_CFD/DAL/01_SLTP/BUY_MULTI.set;D20FD3305BDABD329247570CE2B37E1CD5D4C66F55901C39A7293078535648F9
05_US_Stocks_CFD;DAL;01_SLTP;BUY;ICHIMOKU;18;14306181120;FAST_GENETIC;662322361;RESEARCH;05_US_Stocks_CFD/DAL/01_SLTP/BUY_ICHIMOKU.set;D3E3C61AD850C4097469B018C3B09FFBBFBF060BEBCF2FAE1F72CC4B7E7CF314
05_US_Stocks_CFD;DAL;01_SLTP;SELL;MULTI;19;655699968000;FAST_GENETIC;674896892;RESEARCH;05_US_Stocks_CFD/DAL/01_SLTP/SELL_MULTI.set;309C7A1DDD77F34A6723AA1D0E346C48FCEFE0CED16DB8046A20007A40D0462D
05_US_Stocks_CFD;DAL;01_SLTP;SELL;ICHIMOKU;18;14306181120;FAST_GENETIC;687410668;RESEARCH;05_US_Stocks_CFD/DAL/01_SLTP/SELL_ICHIMOKU.set;EC0355C5564EE142DCC5E9C42C705B5D7B73F86627B6E3B3AFCE5E247FB09A81
05_US_Stocks_CFD;DAL;02_SLTP_ORGANIC;BUY;MULTI;19;655699968000;FAST_GENETIC;665278963;RESEARCH;05_US_Stocks_CFD/DAL/02_SLTP_ORGANIC/BUY_MULTI.set;2D73A2C071B4B52A8A9F80410F1A4A3E31B55E605D73B82CC601CACD3ADB6210
05_US_Stocks_CFD;DAL;02_SLTP_ORGANIC;BUY;ICHIMOKU;18;14306181120;FAST_GENETIC;661635757;RESEARCH;05_US_Stocks_CFD/DAL/02_SLTP_ORGANIC/BUY_ICHIMOKU.set;B9A2F36BBB788E16E820EEC62231B77B377477BB178AC418E84F8061DC5C5601
05_US_Stocks_CFD;DAL;02_SLTP_ORGANIC;SELL;MULTI;19;655699968000;FAST_GENETIC;671198959;RESEARCH;05_US_Stocks_CFD/DAL/02_SLTP_ORGANIC/SELL_MULTI.set;3351EE9CDC0EE302771DBD9A3A71A44F17BA456F4FCA7E3E53F9200A7601913A
05_US_Stocks_CFD;DAL;02_SLTP_ORGANIC;SELL;ICHIMOKU;18;14306181120;FAST_GENETIC;624508646;RESEARCH;05_US_Stocks_CFD/DAL/02_SLTP_ORGANIC/SELL_ICHIMOKU.set;545027658EF378745754A133D5B268C60A4D33662FA04B01BD22B293CE04BC63
05_US_Stocks_CFD;DAL;03_TRAIL_ONLY;BUY;MULTI;20;2086318080000;FAST_GENETIC;614368584;RESEARCH;05_US_Stocks_CFD/DAL/03_TRAIL_ONLY/BUY_MULTI.set;07DBF3474CDB9A333E190755B8FFF34B1704937BC066053E87D3D8AC560EA63C
05_US_Stocks_CFD;DAL;03_TRAIL_ONLY;BUY;ICHIMOKU;19;45519667200;FAST_GENETIC;681566455;RESEARCH;05_US_Stocks_CFD/DAL/03_TRAIL_ONLY/BUY_ICHIMOKU.set;DBE90AFE294469906749BE982DED8A4260290A335A74BBF3027875F2D84ECA31
05_US_Stocks_CFD;DAL;03_TRAIL_ONLY;SELL;MULTI;20;2086318080000;FAST_GENETIC;675829394;RESEARCH;05_US_Stocks_CFD/DAL/03_TRAIL_ONLY/SELL_MULTI.set;5518B8E909925367229B327E5E68E5947990F2828D3E7EE932616870D36D7349
05_US_Stocks_CFD;DAL;03_TRAIL_ONLY;SELL;ICHIMOKU;19;45519667200;FAST_GENETIC;686147898;RESEARCH;05_US_Stocks_CFD/DAL/03_TRAIL_ONLY/SELL_ICHIMOKU.set;C47512C78C7463EAC0C583CACB13D530DD5FA340E9D6D8794668018C0C122F3C
05_US_Stocks_CFD;DAL;04_SLTP_TRAIL;BUY;MULTI;20;9179799552000;FAST_GENETIC;673498582;RESEARCH;05_US_Stocks_CFD/DAL/04_SLTP_TRAIL/BUY_MULTI.set;ED818A1A39C1D4CE0A9A6854C04ADB3EFFA0407CF6018A34263DA9BBFD67F1F4
05_US_Stocks_CFD;DAL;04_SLTP_TRAIL;BUY;ICHIMOKU;19;200286535680;FAST_GENETIC;684212322;RESEARCH;05_US_Stocks_CFD/DAL/04_SLTP_TRAIL/BUY_ICHIMOKU.set;1E3EC2AC99EB2183F00132036CAA35161C8FB72C4D26E917F138BCECFCD8E66F
05_US_Stocks_CFD;DAL;04_SLTP_TRAIL;SELL;MULTI;20;9179799552000;FAST_GENETIC;614237772;RESEARCH;05_US_Stocks_CFD/DAL/04_SLTP_TRAIL/SELL_MULTI.set;B0D56CAF593AFD4FF2B0C0E065D683DBCAFFE4FCF045718ED8FA091B2521CC10
05_US_Stocks_CFD;DAL;04_SLTP_TRAIL;SELL;ICHIMOKU;19;200286535680;FAST_GENETIC;659980907;RESEARCH;05_US_Stocks_CFD/DAL/04_SLTP_TRAIL/SELL_ICHIMOKU.set;24306F39FD2859C88E090F026E52499EE653FC0F9F210452BF0527256A927BAF
05_US_Stocks_CFD;DAL;05_BE_TRAIL;BUY;MULTI;19;1043159040000;FAST_GENETIC;612660680;RESEARCH;05_US_Stocks_CFD/DAL/05_BE_TRAIL/BUY_MULTI.set;9142C2D5FB1885DB1A5A543EA512B1F76FE35D24FCC989C4A1E5CDFC8686F6F4
05_US_Stocks_CFD;DAL;05_BE_TRAIL;BUY;ICHIMOKU;18;22759833600;FAST_GENETIC;657783647;RESEARCH;05_US_Stocks_CFD/DAL/05_BE_TRAIL/BUY_ICHIMOKU.set;2BD2F41F5DD103165D46471B2C2DEB8B6E8AA4C4E718F29E4ABBB66E641D0CB0
05_US_Stocks_CFD;DAL;05_BE_TRAIL;SELL;MULTI;19;1043159040000;FAST_GENETIC;638084751;RESEARCH;05_US_Stocks_CFD/DAL/05_BE_TRAIL/SELL_MULTI.set;CE8C2BAD80B1EF6D4C2E0EC9CF761832D09338471E66F55A87E6A453C8CA5B32
05_US_Stocks_CFD;DAL;05_BE_TRAIL;SELL;ICHIMOKU;18;22759833600;FAST_GENETIC;658894466;RESEARCH;05_US_Stocks_CFD/DAL/05_BE_TRAIL/SELL_ICHIMOKU.set;F14C2F9372E3DC5EE590FD43E9C35580D319CF97C98743335D12F99B4724DA00
05_US_Stocks_CFD;DAL;06_REVERSAL_EXIT;BUY;MULTI;21;1669054464000;FAST_GENETIC;670930196;RESEARCH;05_US_Stocks_CFD/DAL/06_REVERSAL_EXIT/BUY_MULTI.set;555DB214EA634C31931BA9CCFF81251C4E52F09489C97152368D54E2101E85BD
05_US_Stocks_CFD;DAL;06_REVERSAL_EXIT;BUY;ICHIMOKU;20;36415733760;FAST_GENETIC;685113877;RESEARCH;05_US_Stocks_CFD/DAL/06_REVERSAL_EXIT/BUY_ICHIMOKU.set;64DE9E1278D3751F98C6266B3BD68F91DA2B9D6E098DEAACCA3E0E69B36BD2BD
05_US_Stocks_CFD;DAL;06_REVERSAL_EXIT;SELL;MULTI;21;1669054464000;FAST_GENETIC;679097792;RESEARCH;05_US_Stocks_CFD/DAL/06_REVERSAL_EXIT/SELL_MULTI.set;0B4222405E4C72F3048E4B38F90B22F6C321F6BD983DFB9553AF96E6B9C3C29F
05_US_Stocks_CFD;DAL;06_REVERSAL_EXIT;SELL;ICHIMOKU;20;36415733760;FAST_GENETIC;634322405;RESEARCH;05_US_Stocks_CFD/DAL/06_REVERSAL_EXIT/SELL_ICHIMOKU.set;854EA9B158E8FE2E63D5CE68C3A4190D5E5147873C2988626DF3FCE7841A2BD2
05_US_Stocks_CFD;DAL;07_GRID_SEPARATE;BUY;MULTI;20;3161410560000;FAST_GENETIC;642362281;HEDGE_ACCOUNT_REQUIRED;05_US_Stocks_CFD/DAL/07_GRID_SEPARATE/BUY_MULTI.set;3D17367C5FFF7B5006771088A364B833779B48CDE6EA08347B72422698DA1F8D
05_US_Stocks_CFD;DAL;07_GRID_SEPARATE;BUY;ICHIMOKU;19;68976230400;FAST_GENETIC;686573314;HEDGE_ACCOUNT_REQUIRED;05_US_Stocks_CFD/DAL/07_GRID_SEPARATE/BUY_ICHIMOKU.set;D0ECD659366513E3C2891A9133A69E0F9D059D9DF007F07E8AB9DE2BF986AAFB
05_US_Stocks_CFD;DAL;07_GRID_SEPARATE;SELL;MULTI;20;3161410560000;FAST_GENETIC;688095694;HEDGE_ACCOUNT_REQUIRED;05_US_Stocks_CFD/DAL/07_GRID_SEPARATE/SELL_MULTI.set;C2DAC9F56FAF91215026C9EC733A1B508784FA0F425E0CE2B94B9D9EC55F3538
05_US_Stocks_CFD;DAL;07_GRID_SEPARATE;SELL;ICHIMOKU;19;68976230400;FAST_GENETIC;686555314;HEDGE_ACCOUNT_REQUIRED;05_US_Stocks_CFD/DAL/07_GRID_SEPARATE/SELL_ICHIMOKU.set;E152A0850B40496C8C3B31B8C03169605A5505E4E41F3E9A0EA7C8BD931B174C
05_US_Stocks_CFD;DAL;08_GRID_UNIFIED;BOTH;MULTI;21;15807052800000;FAST_GENETIC;610319604;HEDGE_ACCOUNT_REQUIRED;05_US_Stocks_CFD/DAL/08_GRID_UNIFIED/BOTH_MULTI.set;D20A93BB5ED9642E6659BAAB089BE01927E1FBF628C5699907E0E2AFDFE5869C
05_US_Stocks_CFD;DAL;08_GRID_UNIFIED;BOTH;ICHIMOKU;20;344881152000;FAST_GENETIC;688412564;HEDGE_ACCOUNT_REQUIRED;05_US_Stocks_CFD/DAL/08_GRID_UNIFIED/BOTH_ICHIMOKU.set;3B1CED3EAEBDBE47E4FF844E83C9EBDAA281FD97B86B7C24E277A5294FDD4509
05_US_Stocks_CFD;DAL;09_MARTINGALE;BUY;MULTI;21;18359599104000;FAST_GENETIC;617722491;HIGH_RISK;05_US_Stocks_CFD/DAL/09_MARTINGALE/BUY_MULTI.set;E611857B4DEBEFCEFF8E51D8E7D0DBCAE9ACAD3CA9A550B2C1DC126820ADBAE2
05_US_Stocks_CFD;DAL;09_MARTINGALE;BUY;ICHIMOKU;20;400573071360;FAST_GENETIC;699643510;HIGH_RISK;05_US_Stocks_CFD/DAL/09_MARTINGALE/BUY_ICHIMOKU.set;31703E5304B7811842370EE184148F5ED799F13EB2AC3F83A4E292111D71F01C
05_US_Stocks_CFD;DAL;09_MARTINGALE;SELL;MULTI;21;18359599104000;FAST_GENETIC;690047032;HIGH_RISK;05_US_Stocks_CFD/DAL/09_MARTINGALE/SELL_MULTI.set;AD261A7741E19A940719389177FE052ECF4B24BD0A889232C3A263F4C4CE7DCE
05_US_Stocks_CFD;DAL;09_MARTINGALE;SELL;ICHIMOKU;20;400573071360;FAST_GENETIC;688931715;HIGH_RISK;05_US_Stocks_CFD/DAL/09_MARTINGALE/SELL_ICHIMOKU.set;0D159C5896106A3662C8E2BEF5E458658F7E9ACEB58C8FC13DF1AE33B51E36BB
05_US_Stocks_CFD;DAL;10_DALEMBERT;BUY;MULTI;21;13113999360000;FAST_GENETIC;648892417;HIGH_RISK;05_US_Stocks_CFD/DAL/10_DALEMBERT/BUY_MULTI.set;36F9C44C4CC0B4D4EFBAF93D3236DF9A766A186E2529B968863EF9A466C614F0
05_US_Stocks_CFD;DAL;10_DALEMBERT;BUY;ICHIMOKU;20;286123622400;FAST_GENETIC;659134353;HIGH_RISK;05_US_Stocks_CFD/DAL/10_DALEMBERT/BUY_ICHIMOKU.set;71622B9D34BEC8F2F04928FA51907520B91E032135703C096DD6A794D4EE8BBD
05_US_Stocks_CFD;DAL;10_DALEMBERT;SELL;MULTI;21;13113999360000;FAST_GENETIC;667816893;HIGH_RISK;05_US_Stocks_CFD/DAL/10_DALEMBERT/SELL_MULTI.set;EDBB61E54309028CEC96E4E7B95141913D1195AF0BF64D08C513AFDAF6D719D0
05_US_Stocks_CFD;DAL;10_DALEMBERT;SELL;ICHIMOKU;20;286123622400;FAST_GENETIC;690541974;HIGH_RISK;05_US_Stocks_CFD/DAL/10_DALEMBERT/SELL_ICHIMOKU.set;2CB1A18C5740DB6D178E3EBF8772BBEE496A0280BB3D7E5427F1DECA560E969A
05_US_Stocks_CFD;DAL;11_SIGNAL_ONLY;BUY;MULTI;16;354816000;FAST_GENETIC;668431782;HIGH_RISK_RESEARCH;05_US_Stocks_CFD/DAL/11_SIGNAL_ONLY/BUY_MULTI.set;8DA2A7D8692A2630F7F2D1BDE0A497F368A801CC9FFA23B0B08CFE915D147A58
05_US_Stocks_CFD;DAL;11_SIGNAL_ONLY;BUY;ICHIMOKU;15;7741440;FAST_GENETIC;690011627;HIGH_RISK_RESEARCH;05_US_Stocks_CFD/DAL/11_SIGNAL_ONLY/BUY_ICHIMOKU.set;026608762FA4F862441648048590A105368BFE08A4E068920ACDD0C1CF560AFB
05_US_Stocks_CFD;DAL;11_SIGNAL_ONLY;SELL;MULTI;16;354816000;FAST_GENETIC;629688130;HIGH_RISK_RESEARCH;05_US_Stocks_CFD/DAL/11_SIGNAL_ONLY/SELL_MULTI.set;94E65032F1BE3DD95A0C8D15E55FE79C07478F3048DBD916754629A4324262BD
05_US_Stocks_CFD;DAL;11_SIGNAL_ONLY;SELL;ICHIMOKU;15;7741440;FAST_GENETIC;624850618;HIGH_RISK_RESEARCH;05_US_Stocks_CFD/DAL/11_SIGNAL_ONLY/SELL_ICHIMOKU.set;BE4FE80B65C1CC326C50E7BCA78192EEA2E8B31256B5997CB15FC3566B24A8E8
05_US_Stocks_CFD;DIS;01_SLTP;BUY;MULTI;19;655699968000;FAST_GENETIC;655740407;RESEARCH;05_US_Stocks_CFD/DIS/01_SLTP/BUY_MULTI.set;C4956CBB1A198D7CB06CA3DFA87CAC7225854464BD03F508EAF150316BA511DE
05_US_Stocks_CFD;DIS;01_SLTP;BUY;ICHIMOKU;18;14306181120;FAST_GENETIC;660437491;RESEARCH;05_US_Stocks_CFD/DIS/01_SLTP/BUY_ICHIMOKU.set;A747910470C885CF4365A7DD4F0EDAC600852BA4C0E7F79F04C0E32D574578BB
05_US_Stocks_CFD;DIS;01_SLTP;SELL;MULTI;19;655699968000;FAST_GENETIC;612037816;RESEARCH;05_US_Stocks_CFD/DIS/01_SLTP/SELL_MULTI.set;D796FC9BEA5A1978165374575B5CD35A6827764D861DAFD3F091FF006C217883
05_US_Stocks_CFD;DIS;01_SLTP;SELL;ICHIMOKU;18;14306181120;FAST_GENETIC;643830477;RESEARCH;05_US_Stocks_CFD/DIS/01_SLTP/SELL_ICHIMOKU.set;7F021B5ECC731262E3A3FEF99C1A36D4C1E84E41629732D400361272B49C53B8
05_US_Stocks_CFD;DIS;02_SLTP_ORGANIC;BUY;MULTI;19;655699968000;FAST_GENETIC;672605614;RESEARCH;05_US_Stocks_CFD/DIS/02_SLTP_ORGANIC/BUY_MULTI.set;10AF20ABCA93B206FD9851A1968C240093D18B32C460FA33606674E625E55E06
05_US_Stocks_CFD;DIS;02_SLTP_ORGANIC;BUY;ICHIMOKU;18;14306181120;FAST_GENETIC;657088550;RESEARCH;05_US_Stocks_CFD/DIS/02_SLTP_ORGANIC/BUY_ICHIMOKU.set;916C1B9574A06E557ADF72CBC3A7A640262EE5A2A8BA1F0FD0430591445CCC0E
05_US_Stocks_CFD;DIS;02_SLTP_ORGANIC;SELL;MULTI;19;655699968000;FAST_GENETIC;637524478;RESEARCH;05_US_Stocks_CFD/DIS/02_SLTP_ORGANIC/SELL_MULTI.set;5BCD4505D0F747782B7908EB12EB97E1122F660ECB4D7991FD98379263A88FAF
05_US_Stocks_CFD;DIS;02_SLTP_ORGANIC;SELL;ICHIMOKU;18;14306181120;FAST_GENETIC;675532816;RESEARCH;05_US_Stocks_CFD/DIS/02_SLTP_ORGANIC/SELL_ICHIMOKU.set;61C957636CE3C8F5DCC9828215AD73156884C82799A00880F63B688A65746F2B
05_US_Stocks_CFD;DIS;03_TRAIL_ONLY;BUY;MULTI;20;2086318080000;FAST_GENETIC;648324128;RESEARCH;05_US_Stocks_CFD/DIS/03_TRAIL_ONLY/BUY_MULTI.set;D48631B214FD1721E94B68CA78552B1C4B1E85C5F25A2C851E7C3AA8FA2C9B2C
05_US_Stocks_CFD;DIS;03_TRAIL_ONLY;BUY;ICHIMOKU;19;45519667200;FAST_GENETIC;678641831;RESEARCH;05_US_Stocks_CFD/DIS/03_TRAIL_ONLY/BUY_ICHIMOKU.set;C65F749BA744E0089309726901CC4FF169480E3605CD716605739DDA6E3FC995
05_US_Stocks_CFD;DIS;03_TRAIL_ONLY;SELL;MULTI;20;2086318080000;FAST_GENETIC;679425995;RESEARCH;05_US_Stocks_CFD/DIS/03_TRAIL_ONLY/SELL_MULTI.set;94861AA206AEC661AB6E605F65905EB26D4C286BA0FD191E5D41C70D86DC4483
05_US_Stocks_CFD;DIS;03_TRAIL_ONLY;SELL;ICHIMOKU;19;45519667200;FAST_GENETIC;670684384;RESEARCH;05_US_Stocks_CFD/DIS/03_TRAIL_ONLY/SELL_ICHIMOKU.set;0E8763A0839D7B6325DFED0696B89C62816BA981721C9FF45A42B46A17F20B14
05_US_Stocks_CFD;DIS;04_SLTP_TRAIL;BUY;MULTI;20;9179799552000;FAST_GENETIC;650420046;RESEARCH;05_US_Stocks_CFD/DIS/04_SLTP_TRAIL/BUY_MULTI.set;5D4ECC756B8CA4DAD58106E7D8FD0837D8815640A21D302093CF5CE9EBAB6492
05_US_Stocks_CFD;DIS;04_SLTP_TRAIL;BUY;ICHIMOKU;19;200286535680;FAST_GENETIC;664916479;RESEARCH;05_US_Stocks_CFD/DIS/04_SLTP_TRAIL/BUY_ICHIMOKU.set;B70F4893CA658F813D7CD1BA314C5BD0A582C7A74420573F0229A3E16616ABC2
05_US_Stocks_CFD;DIS;04_SLTP_TRAIL;SELL;MULTI;20;9179799552000;FAST_GENETIC;645499687;RESEARCH;05_US_Stocks_CFD/DIS/04_SLTP_TRAIL/SELL_MULTI.set;BF0D7063DEBAB884522DC0EEC48A012491900495B5881E09F7701B6CD9A25A2B
05_US_Stocks_CFD;DIS;04_SLTP_TRAIL;SELL;ICHIMOKU;19;200286535680;FAST_GENETIC;656334494;RESEARCH;05_US_Stocks_CFD/DIS/04_SLTP_TRAIL/SELL_ICHIMOKU.set;F9A4D670B7FDE7E085376B97C998F8B489EA93A9823C3F4FECD727BE41D16B59
05_US_Stocks_CFD;DIS;05_BE_TRAIL;BUY;MULTI;19;1043159040000;FAST_GENETIC;693014879;RESEARCH;05_US_Stocks_CFD/DIS/05_BE_TRAIL/BUY_MULTI.set;3DEAC15FDA30A330A18D4BB3DF3566294F631D6F4781EF43777C26A3374CD283
05_US_Stocks_CFD;DIS;05_BE_TRAIL;BUY;ICHIMOKU;18;22759833600;FAST_GENETIC;639926879;RESEARCH;05_US_Stocks_CFD/DIS/05_BE_TRAIL/BUY_ICHIMOKU.set;2D287BF23A491191F2BB63036A8AA4CB5CD5D0893F10F4C1AA9A6A7ADFE7A6E2
05_US_Stocks_CFD;DIS;05_BE_TRAIL;SELL;MULTI;19;1043159040000;FAST_GENETIC;635141044;RESEARCH;05_US_Stocks_CFD/DIS/05_BE_TRAIL/SELL_MULTI.set;2181D965E53B2146707C973EC80E93F70CB0BD76D7C0D0507E891BF495353FF8
05_US_Stocks_CFD;DIS;05_BE_TRAIL;SELL;ICHIMOKU;18;22759833600;FAST_GENETIC;656415067;RESEARCH;05_US_Stocks_CFD/DIS/05_BE_TRAIL/SELL_ICHIMOKU.set;E468445AEDF555314032CB508221D40A92DF96C7820A386757EE8760F97839A1
05_US_Stocks_CFD;DIS;06_REVERSAL_EXIT;BUY;MULTI;21;1669054464000;FAST_GENETIC;682892811;RESEARCH;05_US_Stocks_CFD/DIS/06_REVERSAL_EXIT/BUY_MULTI.set;8E130A19932517E849AA17DB3D4D4F675CCDD380028857D6D2790D4E4E2ED1F4
05_US_Stocks_CFD;DIS;06_REVERSAL_EXIT;BUY;ICHIMOKU;20;36415733760;FAST_GENETIC;699208695;RESEARCH;05_US_Stocks_CFD/DIS/06_REVERSAL_EXIT/BUY_ICHIMOKU.set;FB29B044EF022C2FCA2EAD91DF491A6015D1102683C508FB914C337FE06E3FE4
05_US_Stocks_CFD;DIS;06_REVERSAL_EXIT;SELL;MULTI;21;1669054464000;FAST_GENETIC;672894045;RESEARCH;05_US_Stocks_CFD/DIS/06_REVERSAL_EXIT/SELL_MULTI.set;6A2E34F27DCC9A6D307BF9779C3DE47B562A801B1F0D2C637207A8F1AB0DD31A
05_US_Stocks_CFD;DIS;06_REVERSAL_EXIT;SELL;ICHIMOKU;20;36415733760;FAST_GENETIC;629754322;RESEARCH;05_US_Stocks_CFD/DIS/06_REVERSAL_EXIT/SELL_ICHIMOKU.set;3E44CDF818CE3EBBBAAB9DA21AFC53BA3720A61DB6EB42F1F7CA43266883E296
05_US_Stocks_CFD;DIS;07_GRID_SEPARATE;BUY;MULTI;20;3161410560000;FAST_GENETIC;646503695;HEDGE_ACCOUNT_REQUIRED;05_US_Stocks_CFD/DIS/07_GRID_SEPARATE/BUY_MULTI.set;839D88AE3FA89DE61A059B1ADFA9A9B37D8FABF0C191FDAC668AD4EC61A41CD0
05_US_Stocks_CFD;DIS;07_GRID_SEPARATE;BUY;ICHIMOKU;19;68976230400;FAST_GENETIC;689120017;HEDGE_ACCOUNT_REQUIRED;05_US_Stocks_CFD/DIS/07_GRID_SEPARATE/BUY_ICHIMOKU.set;180225CFC0BCEA05D51F69CDA89C1C6AA9F221BBCAF03F274318AC7F0C04EB11
05_US_Stocks_CFD;DIS;07_GRID_SEPARATE;SELL;MULTI;20;3161410560000;FAST_GENETIC;634725930;HEDGE_ACCOUNT_REQUIRED;05_US_Stocks_CFD/DIS/07_GRID_SEPARATE/SELL_MULTI.set;B29E4B5BA03DDDD3CCCAB8D87C126AF69B269FF64EA60469A61DD29B5C292B61
05_US_Stocks_CFD;DIS;07_GRID_SEPARATE;SELL;ICHIMOKU;19;68976230400;FAST_GENETIC;677815552;HEDGE_ACCOUNT_REQUIRED;05_US_Stocks_CFD/DIS/07_GRID_SEPARATE/SELL_ICHIMOKU.set;B67AA65A099391F85AEFE2FF2C96998519DB0F1223897F391B34026D83057086
05_US_Stocks_CFD;DIS;08_GRID_UNIFIED;BOTH;MULTI;21;15807052800000;FAST_GENETIC;635234575;HEDGE_ACCOUNT_REQUIRED;05_US_Stocks_CFD/DIS/08_GRID_UNIFIED/BOTH_MULTI.set;3AB87043D2C1408065B221C6318B0046BDFE0A1D13C54E1548679BB1CEB45E92
05_US_Stocks_CFD;DIS;08_GRID_UNIFIED;BOTH;ICHIMOKU;20;344881152000;FAST_GENETIC;616914855;HEDGE_ACCOUNT_REQUIRED;05_US_Stocks_CFD/DIS/08_GRID_UNIFIED/BOTH_ICHIMOKU.set;4F33C1F31CCB914ECD1859E07BF6483656493841BA70BBE39251C57FB339ACF0
05_US_Stocks_CFD;DIS;09_MARTINGALE;BUY;MULTI;21;18359599104000;FAST_GENETIC;635322841;HIGH_RISK;05_US_Stocks_CFD/DIS/09_MARTINGALE/BUY_MULTI.set;779DD3182EA8AB6FA1A985FAA0B17E09A11F24DF49412AD19EDAD4A06310C406
05_US_Stocks_CFD;DIS;09_MARTINGALE;BUY;ICHIMOKU;20;400573071360;FAST_GENETIC;692413648;HIGH_RISK;05_US_Stocks_CFD/DIS/09_MARTINGALE/BUY_ICHIMOKU.set;B0A8106CB1E134C348661819F1A1E2D47ABF6DFDFF3F379EB33525CC2DDEE036
05_US_Stocks_CFD;DIS;09_MARTINGALE;SELL;MULTI;21;18359599104000;FAST_GENETIC;637006415;HIGH_RISK;05_US_Stocks_CFD/DIS/09_MARTINGALE/SELL_MULTI.set;95B098B7371AAD2109DC5FCA12A8603327A4FAB761AC2D9010FEF88BAEEF8B6E
05_US_Stocks_CFD;DIS;09_MARTINGALE;SELL;ICHIMOKU;20;400573071360;FAST_GENETIC;628410755;HIGH_RISK;05_US_Stocks_CFD/DIS/09_MARTINGALE/SELL_ICHIMOKU.set;C983D96F94BC256D122D4ACDCEF08FF6BD94FD6F4B24B0985C50E059C33B9AFC
05_US_Stocks_CFD;DIS;10_DALEMBERT;BUY;MULTI;21;13113999360000;FAST_GENETIC;628613931;HIGH_RISK;05_US_Stocks_CFD/DIS/10_DALEMBERT/BUY_MULTI.set;8BF95011F7561348331FAE2BC9B09322B5557C6B20705D3656A35E3FC7B27EB2
05_US_Stocks_CFD;DIS;10_DALEMBERT;BUY;ICHIMOKU;20;286123622400;FAST_GENETIC;679691232;HIGH_RISK;05_US_Stocks_CFD/DIS/10_DALEMBERT/BUY_ICHIMOKU.set;46E508AC453574F6F7D2381C5ABA06A85AA079E65DFF026BC1A1A68F88EB187A
05_US_Stocks_CFD;DIS;10_DALEMBERT;SELL;MULTI;21;13113999360000;FAST_GENETIC;697601721;HIGH_RISK;05_US_Stocks_CFD/DIS/10_DALEMBERT/SELL_MULTI.set;0C9646A774E5339CFFBF6CAB1B9F61951CDEA0875613F3A8BA77252E716BEB1E
05_US_Stocks_CFD;DIS;10_DALEMBERT;SELL;ICHIMOKU;20;286123622400;FAST_GENETIC;685454249;HIGH_RISK;05_US_Stocks_CFD/DIS/10_DALEMBERT/SELL_ICHIMOKU.set;9A23900ED8C0B0E789BA2AF2007F440FF54AE340F4D146779B8EED1780971BA2
05_US_Stocks_CFD;DIS;11_SIGNAL_ONLY;BUY;MULTI;16;354816000;FAST_GENETIC;615663308;HIGH_RISK_RESEARCH;05_US_Stocks_CFD/DIS/11_SIGNAL_ONLY/BUY_MULTI.set;F6191E85B1CBF471C0E5327EBEC7E8A1A17C6BFD7E58ED1C4549C984FC10D525
05_US_Stocks_CFD;DIS;11_SIGNAL_ONLY;BUY;ICHIMOKU;15;7741440;FAST_GENETIC;625753935;HIGH_RISK_RESEARCH;05_US_Stocks_CFD/DIS/11_SIGNAL_ONLY/BUY_ICHIMOKU.set;2DF69077B1EDCB36517DDA2B0B68018351FA69159BE035909F226C35650F149B
05_US_Stocks_CFD;DIS;11_SIGNAL_ONLY;SELL;MULTI;16;354816000;FAST_GENETIC;615328686;HIGH_RISK_RESEARCH;05_US_Stocks_CFD/DIS/11_SIGNAL_ONLY/SELL_MULTI.set;7934A33AC403685BFA524404242502FAFFBCDAC3DC38B85E9D56D96D187DD488
05_US_Stocks_CFD;DIS;11_SIGNAL_ONLY;SELL;ICHIMOKU;15;7741440;FAST_GENETIC;635492935;HIGH_RISK_RESEARCH;05_US_Stocks_CFD/DIS/11_SIGNAL_ONLY/SELL_ICHIMOKU.set;6ECCA97B9C49022A6EF53ADCAC8BE072E42C223AD8D40DF979EE3AE8676114CE
05_US_Stocks_CFD;EA;01_SLTP;BUY;MULTI;19;655699968000;FAST_GENETIC;657862405;RESEARCH;05_US_Stocks_CFD/EA/01_SLTP/BUY_MULTI.set;2C081455876B8A611B459912438684EDF5083A5A385084DD163A46D4688E1930
05_US_Stocks_CFD;EA;01_SLTP;BUY;ICHIMOKU;18;14306181120;FAST_GENETIC;671450518;RESEARCH;05_US_Stocks_CFD/EA/01_SLTP/BUY_ICHIMOKU.set;EE816A5C09AF4DB9ADE4B5561779C89522909AE7596B82181C7B8D79CF25E196
05_US_Stocks_CFD;EA;01_SLTP;SELL;MULTI;19;655699968000;FAST_GENETIC;613627551;RESEARCH;05_US_Stocks_CFD/EA/01_SLTP/SELL_MULTI.set;CA8E4899E89904F126B3FBCAA554F788AB3335A982F053CF6CC12FCE6863B98A
05_US_Stocks_CFD;EA;01_SLTP;SELL;ICHIMOKU;18;14306181120;FAST_GENETIC;622838576;RESEARCH;05_US_Stocks_CFD/EA/01_SLTP/SELL_ICHIMOKU.set;7DB246EE9FE611E33809E7A131FCEA9B8380B1C686BE56B43F42F2C1E7548EBF
05_US_Stocks_CFD;EA;02_SLTP_ORGANIC;BUY;MULTI;19;655699968000;FAST_GENETIC;623639960;RESEARCH;05_US_Stocks_CFD/EA/02_SLTP_ORGANIC/BUY_MULTI.set;7930D770B7868B974C795A2CBFCC5E32BD036B5796D647A3EE92668F0E512437
05_US_Stocks_CFD;EA;02_SLTP_ORGANIC;BUY;ICHIMOKU;18;14306181120;FAST_GENETIC;643638864;RESEARCH;05_US_Stocks_CFD/EA/02_SLTP_ORGANIC/BUY_ICHIMOKU.set;23E5529D06CC7A251A9C33DA85C0C294E2C929E8792BDA2A22AD77357678538A
05_US_Stocks_CFD;EA;02_SLTP_ORGANIC;SELL;MULTI;19;655699968000;FAST_GENETIC;672981395;RESEARCH;05_US_Stocks_CFD/EA/02_SLTP_ORGANIC/SELL_MULTI.set;D1CA4F5F5753780932FFC200910F90A33C4F26817A9E29FB1F7B0789673C1BF0
05_US_Stocks_CFD;EA;02_SLTP_ORGANIC;SELL;ICHIMOKU;18;14306181120;FAST_GENETIC;649777554;RESEARCH;05_US_Stocks_CFD/EA/02_SLTP_ORGANIC/SELL_ICHIMOKU.set;F0646851E63DD51E260D40A875EF03147EF9CA04AEF1E7E27390051883370B76
05_US_Stocks_CFD;EA;03_TRAIL_ONLY;BUY;MULTI;20;2086318080000;FAST_GENETIC;684847509;RESEARCH;05_US_Stocks_CFD/EA/03_TRAIL_ONLY/BUY_MULTI.set;2A92A0739E4EC7AC430A0C0C5ACDDE4E985595AA644F0E61C0ABEAB61AB90204
05_US_Stocks_CFD;EA;03_TRAIL_ONLY;BUY;ICHIMOKU;19;45519667200;FAST_GENETIC;661219058;RESEARCH;05_US_Stocks_CFD/EA/03_TRAIL_ONLY/BUY_ICHIMOKU.set;1980774179DDCAC4277A25EBA654A9EEECC108C91DFFF373F0BD39510A37BCEE
05_US_Stocks_CFD;EA;03_TRAIL_ONLY;SELL;MULTI;20;2086318080000;FAST_GENETIC;656505371;RESEARCH;05_US_Stocks_CFD/EA/03_TRAIL_ONLY/SELL_MULTI.set;FF40E6B0A3F2B5D3A38E8245FB9653040FA6163F68D4EA60F18AA941195C37D3
05_US_Stocks_CFD;EA;03_TRAIL_ONLY;SELL;ICHIMOKU;19;45519667200;FAST_GENETIC;621314482;RESEARCH;05_US_Stocks_CFD/EA/03_TRAIL_ONLY/SELL_ICHIMOKU.set;6C62C7E945EBF2D0D03DD67C078C425FF033BB11C304EB8D5DA4617029E15B52
05_US_Stocks_CFD;EA;04_SLTP_TRAIL;BUY;MULTI;20;9179799552000;FAST_GENETIC;629079855;RESEARCH;05_US_Stocks_CFD/EA/04_SLTP_TRAIL/BUY_MULTI.set;2BC11E58FEB195D7A27B73529F60041EFF3C445A9061EC6D1BE34E853E046448
05_US_Stocks_CFD;EA;04_SLTP_TRAIL;BUY;ICHIMOKU;19;200286535680;FAST_GENETIC;661643147;RESEARCH;05_US_Stocks_CFD/EA/04_SLTP_TRAIL/BUY_ICHIMOKU.set;66597CBF7777672D7EE365678895DC44B307653B5745FE6E1BE1D288151A2740
05_US_Stocks_CFD;EA;04_SLTP_TRAIL;SELL;MULTI;20;9179799552000;FAST_GENETIC;637271571;RESEARCH;05_US_Stocks_CFD/EA/04_SLTP_TRAIL/SELL_MULTI.set;E15C3BB00D56C7E9E14F82DED0589F661E047FEE5C4FEDCCA11F89F07B439383
05_US_Stocks_CFD;EA;04_SLTP_TRAIL;SELL;ICHIMOKU;19;200286535680;FAST_GENETIC;621910572;RESEARCH;05_US_Stocks_CFD/EA/04_SLTP_TRAIL/SELL_ICHIMOKU.set;54E2999AB607D114F272E07D4A3D788AE2BA934A1ECC39F46717B393CF654683
05_US_Stocks_CFD;EA;05_BE_TRAIL;BUY;MULTI;19;1043159040000;FAST_GENETIC;642314623;RESEARCH;05_US_Stocks_CFD/EA/05_BE_TRAIL/BUY_MULTI.set;0D1B17B5E70F2F5D2C186B408CBB5B25B1E2FA6EE2A10DD1E13FDD98283F0CC1
05_US_Stocks_CFD;EA;05_BE_TRAIL;BUY;ICHIMOKU;18;22759833600;FAST_GENETIC;640543566;RESEARCH;05_US_Stocks_CFD/EA/05_BE_TRAIL/BUY_ICHIMOKU.set;67CD7362F53098B024D01403F001FEE9BC149FF189769B5974E2524D2E53B159
05_US_Stocks_CFD;EA;05_BE_TRAIL;SELL;MULTI;19;1043159040000;FAST_GENETIC;697947250;RESEARCH;05_US_Stocks_CFD/EA/05_BE_TRAIL/SELL_MULTI.set;EB1782EA1E3D4A4049DD8A200D73C002F3CF7AF2FC66499F306382D302F819AF
05_US_Stocks_CFD;EA;05_BE_TRAIL;SELL;ICHIMOKU;18;22759833600;FAST_GENETIC;688769986;RESEARCH;05_US_Stocks_CFD/EA/05_BE_TRAIL/SELL_ICHIMOKU.set;1C4F1F2A8360023324DDA5F1A92B79461CE9E34C6D35F09C268119E1675477E8
05_US_Stocks_CFD;EA;06_REVERSAL_EXIT;BUY;MULTI;21;1669054464000;FAST_GENETIC;635620072;RESEARCH;05_US_Stocks_CFD/EA/06_REVERSAL_EXIT/BUY_MULTI.set;B1BAFC649C12C0FE8F2FC8DB25E392C079CEF6DBE610DEE5DC266C33C5181E6D
05_US_Stocks_CFD;EA;06_REVERSAL_EXIT;BUY;ICHIMOKU;20;36415733760;FAST_GENETIC;636579400;RESEARCH;05_US_Stocks_CFD/EA/06_REVERSAL_EXIT/BUY_ICHIMOKU.set;D39418A4CB6E21914A36AAB39879D03964FED8AFC36729DC9DB0C027B40E1385
05_US_Stocks_CFD;EA;06_REVERSAL_EXIT;SELL;MULTI;21;1669054464000;FAST_GENETIC;695293034;RESEARCH;05_US_Stocks_CFD/EA/06_REVERSAL_EXIT/SELL_MULTI.set;3BED54DF56B704050DBB281B656F54ABC8E0DAD91669E9A02EC1DFA948FDD39A
05_US_Stocks_CFD;EA;06_REVERSAL_EXIT;SELL;ICHIMOKU;20;36415733760;FAST_GENETIC;627860714;RESEARCH;05_US_Stocks_CFD/EA/06_REVERSAL_EXIT/SELL_ICHIMOKU.set;7A364DBE1AA782ACB52BA3B642EE6A031F487263F0D591B2B1F54949E9163E90
05_US_Stocks_CFD;EA;07_GRID_SEPARATE;BUY;MULTI;20;3161410560000;FAST_GENETIC;653387106;HEDGE_ACCOUNT_REQUIRED;05_US_Stocks_CFD/EA/07_GRID_SEPARATE/BUY_MULTI.set;2F8DA8FB3F0AAD2039B77B744192B16C0146E3C3A2A20A90EB44C7E470A3A1FD
05_US_Stocks_CFD;EA;07_GRID_SEPARATE;BUY;ICHIMOKU;19;68976230400;FAST_GENETIC;685627566;HEDGE_ACCOUNT_REQUIRED;05_US_Stocks_CFD/EA/07_GRID_SEPARATE/BUY_ICHIMOKU.set;DD45EBC18F89E684C590956FBE0BE72EBB6C9833B00C5A725AC549637B7B88EF
05_US_Stocks_CFD;EA;07_GRID_SEPARATE;SELL;MULTI;20;3161410560000;FAST_GENETIC;623186394;HEDGE_ACCOUNT_REQUIRED;05_US_Stocks_CFD/EA/07_GRID_SEPARATE/SELL_MULTI.set;EAEB55D5FC23D9A8E49EED507F4DC66B3588B39375A49E8A13ECA12A12D24205
05_US_Stocks_CFD;EA;07_GRID_SEPARATE;SELL;ICHIMOKU;19;68976230400;FAST_GENETIC;690525253;HEDGE_ACCOUNT_REQUIRED;05_US_Stocks_CFD/EA/07_GRID_SEPARATE/SELL_ICHIMOKU.set;7B2A52BD048C5AC5B0EF917E960F843658421323EC20EA38295A34B8FCB9A4E3
05_US_Stocks_CFD;EA;08_GRID_UNIFIED;BOTH;MULTI;21;15807052800000;FAST_GENETIC;616590255;HEDGE_ACCOUNT_REQUIRED;05_US_Stocks_CFD/EA/08_GRID_UNIFIED/BOTH_MULTI.set;7D62E6A0E3468DDDB6E8DA1A0C7965D242C344A15D01644D1C0B5036752C561A
05_US_Stocks_CFD;EA;08_GRID_UNIFIED;BOTH;ICHIMOKU;20;344881152000;FAST_GENETIC;617759901;HEDGE_ACCOUNT_REQUIRED;05_US_Stocks_CFD/EA/08_GRID_UNIFIED/BOTH_ICHIMOKU.set;C0F82D1E976C58EB76868648E59AF1B2C2A877232E3000448B2124422E188F6F
05_US_Stocks_CFD;EA;09_MARTINGALE;BUY;MULTI;21;18359599104000;FAST_GENETIC;694552399;HIGH_RISK;05_US_Stocks_CFD/EA/09_MARTINGALE/BUY_MULTI.set;1CD42E462F476624943EFD7A57A41E5AE48CE795EC5DEEC65609EAAC7018DB7B
05_US_Stocks_CFD;EA;09_MARTINGALE;BUY;ICHIMOKU;20;400573071360;FAST_GENETIC;619953583;HIGH_RISK;05_US_Stocks_CFD/EA/09_MARTINGALE/BUY_ICHIMOKU.set;7EDB9FEEA3CE43C8FD8DF72EA527848F30924883EAD9AFF0679640E2D1F2B5D9
05_US_Stocks_CFD;EA;09_MARTINGALE;SELL;MULTI;21;18359599104000;FAST_GENETIC;676727435;HIGH_RISK;05_US_Stocks_CFD/EA/09_MARTINGALE/SELL_MULTI.set;0DEA4C56D77953958DF38B133B66FC0F3F46EC4CEDBD3D256C8AC0D9A910A438
05_US_Stocks_CFD;EA;09_MARTINGALE;SELL;ICHIMOKU;20;400573071360;FAST_GENETIC;655373653;HIGH_RISK;05_US_Stocks_CFD/EA/09_MARTINGALE/SELL_ICHIMOKU.set;544D7C63234299D3CBBB2B398994F013ABC2FF99BFDF75DE7AC8A99D3E18E0F9
05_US_Stocks_CFD;EA;10_DALEMBERT;BUY;MULTI;21;13113999360000;FAST_GENETIC;679630998;HIGH_RISK;05_US_Stocks_CFD/EA/10_DALEMBERT/BUY_MULTI.set;1A86DDC56AE9FE5C3D5B4F34CE9F4B867663ABFFF3AFE7B5E2D15CAFF3744F7A
05_US_Stocks_CFD;EA;10_DALEMBERT;BUY;ICHIMOKU;20;286123622400;FAST_GENETIC;699675607;HIGH_RISK;05_US_Stocks_CFD/EA/10_DALEMBERT/BUY_ICHIMOKU.set;9406D45FE946EDAAB445C4BF052D01046033452F45D050237988DCAF0B870B31
05_US_Stocks_CFD;EA;10_DALEMBERT;SELL;MULTI;21;13113999360000;FAST_GENETIC;619005708;HIGH_RISK;05_US_Stocks_CFD/EA/10_DALEMBERT/SELL_MULTI.set;1A84C6939D5935698BF3AC46E6592EAF2622F9317BB56DF4EB6B657AF43C594B
05_US_Stocks_CFD;EA;10_DALEMBERT;SELL;ICHIMOKU;20;286123622400;FAST_GENETIC;680822455;HIGH_RISK;05_US_Stocks_CFD/EA/10_DALEMBERT/SELL_ICHIMOKU.set;9CDA28CB5F5BA5F19D7214D59B351FC1E18424CF7C430585F68CBC3C699D2392
05_US_Stocks_CFD;EA;11_SIGNAL_ONLY;BUY;MULTI;16;354816000;FAST_GENETIC;692154211;HIGH_RISK_RESEARCH;05_US_Stocks_CFD/EA/11_SIGNAL_ONLY/BUY_MULTI.set;44F86678141E14D0D535502D91974D586AD8F2970EE6913A35B526CA2CE88AE8
05_US_Stocks_CFD;EA;11_SIGNAL_ONLY;BUY;ICHIMOKU;15;7741440;FAST_GENETIC;672887096;HIGH_RISK_RESEARCH;05_US_Stocks_CFD/EA/11_SIGNAL_ONLY/BUY_ICHIMOKU.set;9AAB2E5E655AA467AE723763108B3086BC1881996D23CDC313F8F0A2D0251DE8
05_US_Stocks_CFD;EA;11_SIGNAL_ONLY;SELL;MULTI;16;354816000;FAST_GENETIC;637723618;HIGH_RISK_RESEARCH;05_US_Stocks_CFD/EA/11_SIGNAL_ONLY/SELL_MULTI.set;C53FE85A052A305A9BD5CBED910BEBD0AA9E6462215B7D87DADAB47CD15F9DC1
05_US_Stocks_CFD;EA;11_SIGNAL_ONLY;SELL;ICHIMOKU;15;7741440;FAST_GENETIC;687456023;HIGH_RISK_RESEARCH;05_US_Stocks_CFD/EA/11_SIGNAL_ONLY/SELL_ICHIMOKU.set;8F45F984E5F8F934219DE3EA05515F5F734D598C8B1100136E2503F2D818685B
05_US_Stocks_CFD;EBAY;01_SLTP;BUY;MULTI;19;655699968000;FAST_GENETIC;698166090;RESEARCH;05_US_Stocks_CFD/EBAY/01_SLTP/BUY_MULTI.set;9B8E0BBCE9481C54997E74995B61A86C37FC47E6DC488F762A9B85877C97846F
05_US_Stocks_CFD;EBAY;01_SLTP;BUY;ICHIMOKU;18;14306181120;FAST_GENETIC;677360308;RESEARCH;05_US_Stocks_CFD/EBAY/01_SLTP/BUY_ICHIMOKU.set;A5673B8F09E4F856CAB02451B8D07A2A6C70106457E915AFFE855AB88A0B8CE5
05_US_Stocks_CFD;EBAY;01_SLTP;SELL;MULTI;19;655699968000;FAST_GENETIC;699476006;RESEARCH;05_US_Stocks_CFD/EBAY/01_SLTP/SELL_MULTI.set;04FEE3BB4EA4002B2833B3B6C0AE77B5AA969F03FCC4EB115E68CAA19FAB78BE
05_US_Stocks_CFD;EBAY;01_SLTP;SELL;ICHIMOKU;18;14306181120;FAST_GENETIC;618692599;RESEARCH;05_US_Stocks_CFD/EBAY/01_SLTP/SELL_ICHIMOKU.set;D755ABF7E40B1C0672326C8B9E282C6797B2B63E1382B1ECA91A7257B9059B43
05_US_Stocks_CFD;EBAY;02_SLTP_ORGANIC;BUY;MULTI;19;655699968000;FAST_GENETIC;616201588;RESEARCH;05_US_Stocks_CFD/EBAY/02_SLTP_ORGANIC/BUY_MULTI.set;A708D7E75C239663D17D077A24B13FF1456DC91156413805AD0BC90A5CB94A75
05_US_Stocks_CFD;EBAY;02_SLTP_ORGANIC;BUY;ICHIMOKU;18;14306181120;FAST_GENETIC;688114768;RESEARCH;05_US_Stocks_CFD/EBAY/02_SLTP_ORGANIC/BUY_ICHIMOKU.set;B1221E972CEF8B5518DD0A4E0CAF39D05C11F4BBB6C5ECAA9CBD6177B4A8C658
05_US_Stocks_CFD;EBAY;02_SLTP_ORGANIC;SELL;MULTI;19;655699968000;FAST_GENETIC;648361232;RESEARCH;05_US_Stocks_CFD/EBAY/02_SLTP_ORGANIC/SELL_MULTI.set;00A3380E63914186702981724012D61208F8BCF24B9DE34732D67FA4D10CF323
05_US_Stocks_CFD;EBAY;02_SLTP_ORGANIC;SELL;ICHIMOKU;18;14306181120;FAST_GENETIC;632624443;RESEARCH;05_US_Stocks_CFD/EBAY/02_SLTP_ORGANIC/SELL_ICHIMOKU.set;2A61A9F608A5F13F6711FF7F1B8173088BC4096450DD100B5F49C234FF15C142
05_US_Stocks_CFD;EBAY;03_TRAIL_ONLY;BUY;MULTI;20;2086318080000;FAST_GENETIC;627786126;RESEARCH;05_US_Stocks_CFD/EBAY/03_TRAIL_ONLY/BUY_MULTI.set;A9486A50E496A198B54CE8F49B88815A7FF3F814AC4E208CDC319A6421038B80
05_US_Stocks_CFD;EBAY;03_TRAIL_ONLY;BUY;ICHIMOKU;19;45519667200;FAST_GENETIC;661650665;RESEARCH;05_US_Stocks_CFD/EBAY/03_TRAIL_ONLY/BUY_ICHIMOKU.set;7BBE09BF65837E83F3D912A0DBD2BDBAED98CACE50EE2D3D07A9353895FA43DA
05_US_Stocks_CFD;EBAY;03_TRAIL_ONLY;SELL;MULTI;20;2086318080000;FAST_GENETIC;657627106;RESEARCH;05_US_Stocks_CFD/EBAY/03_TRAIL_ONLY/SELL_MULTI.set;79C3B8CB61DDE03D8508024F20332630D5AEF45A7999E1E95CA34693C9868BEF
05_US_Stocks_CFD;EBAY;03_TRAIL_ONLY;SELL;ICHIMOKU;19;45519667200;FAST_GENETIC;618503278;RESEARCH;05_US_Stocks_CFD/EBAY/03_TRAIL_ONLY/SELL_ICHIMOKU.set;C90D0FA16A3AD570529F8DA901624330ADB6F468550F77EE3277B20A37C7E3CA
05_US_Stocks_CFD;EBAY;04_SLTP_TRAIL;BUY;MULTI;20;9179799552000;FAST_GENETIC;671478801;RESEARCH;05_US_Stocks_CFD/EBAY/04_SLTP_TRAIL/BUY_MULTI.set;CB2D48F641A25F002A3A9E155875B58349F066593922CEB31CCCD8A49975A069
05_US_Stocks_CFD;EBAY;04_SLTP_TRAIL;BUY;ICHIMOKU;19;200286535680;FAST_GENETIC;618297678;RESEARCH;05_US_Stocks_CFD/EBAY/04_SLTP_TRAIL/BUY_ICHIMOKU.set;2725D88CD77DC35D60E5B3299F0C96CB89AF3F5EA576A04E63C2B0ECE4FCAF72
05_US_Stocks_CFD;EBAY;04_SLTP_TRAIL;SELL;MULTI;20;9179799552000;FAST_GENETIC;616812815;RESEARCH;05_US_Stocks_CFD/EBAY/04_SLTP_TRAIL/SELL_MULTI.set;F2EFF11BFF76510C8B1D180BBA1F82315D9B7DFC67465C7C2280B5ED27094060
05_US_Stocks_CFD;EBAY;04_SLTP_TRAIL;SELL;ICHIMOKU;19;200286535680;FAST_GENETIC;694094017;RESEARCH;05_US_Stocks_CFD/EBAY/04_SLTP_TRAIL/SELL_ICHIMOKU.set;AAD777332F838DA474701827528B9F294258C9943B5D6F31C0359CAA9C7A020E
05_US_Stocks_CFD;EBAY;05_BE_TRAIL;BUY;MULTI;19;1043159040000;FAST_GENETIC;664452161;RESEARCH;05_US_Stocks_CFD/EBAY/05_BE_TRAIL/BUY_MULTI.set;C7784AF0F8C54A016E01C2AACFD47017E82D278BCF5DDE510FE602A5901FAE4B
05_US_Stocks_CFD;EBAY;05_BE_TRAIL;BUY;ICHIMOKU;18;22759833600;FAST_GENETIC;679200746;RESEARCH;05_US_Stocks_CFD/EBAY/05_BE_TRAIL/BUY_ICHIMOKU.set;0827B70AED0A6A1D2C6BB477AFFCAAED1F70059812A03A183D61297AC974B7FA
05_US_Stocks_CFD;EBAY;05_BE_TRAIL;SELL;MULTI;19;1043159040000;FAST_GENETIC;662208707;RESEARCH;05_US_Stocks_CFD/EBAY/05_BE_TRAIL/SELL_MULTI.set;C2B24957EDC4B54B465959A124306A7BE6619DCE6B69F55196ABF44E2969BE5B
05_US_Stocks_CFD;EBAY;05_BE_TRAIL;SELL;ICHIMOKU;18;22759833600;FAST_GENETIC;698768391;RESEARCH;05_US_Stocks_CFD/EBAY/05_BE_TRAIL/SELL_ICHIMOKU.set;8BA9DF198F67FEE193463D8D46A4EEFC301E069E27DC0181D855282DE8FA8307
05_US_Stocks_CFD;EBAY;06_REVERSAL_EXIT;BUY;MULTI;21;1669054464000;FAST_GENETIC;631264301;RESEARCH;05_US_Stocks_CFD/EBAY/06_REVERSAL_EXIT/BUY_MULTI.set;91F5B061F5B3326F4E2DB2B86519900CCDC1DE3D6C2DFA02B3BFE1F01E9B1067
05_US_Stocks_CFD;EBAY;06_REVERSAL_EXIT;BUY;ICHIMOKU;20;36415733760;FAST_GENETIC;671176238;RESEARCH;05_US_Stocks_CFD/EBAY/06_REVERSAL_EXIT/BUY_ICHIMOKU.set;2838D375106C03FF61EB7397696A8EEE9A187FF114B1FC96DFE9464C73090B56
05_US_Stocks_CFD;EBAY;06_REVERSAL_EXIT;SELL;MULTI;21;1669054464000;FAST_GENETIC;613859735;RESEARCH;05_US_Stocks_CFD/EBAY/06_REVERSAL_EXIT/SELL_MULTI.set;AB6583F84B2693D7804ABC0F72AB32207D7AFC73E41FD17FAD6B2A6ED55077A7
05_US_Stocks_CFD;EBAY;06_REVERSAL_EXIT;SELL;ICHIMOKU;20;36415733760;FAST_GENETIC;633564810;RESEARCH;05_US_Stocks_CFD/EBAY/06_REVERSAL_EXIT/SELL_ICHIMOKU.set;367B70166C6391C1C90F4CC9153AA1C055EA10BD034D490F2664FC49B352AAED
05_US_Stocks_CFD;EBAY;07_GRID_SEPARATE;BUY;MULTI;20;3161410560000;FAST_GENETIC;639860916;HEDGE_ACCOUNT_REQUIRED;05_US_Stocks_CFD/EBAY/07_GRID_SEPARATE/BUY_MULTI.set;00E0A2F8D6F11B490C3B827CB5BE288C03EA213F05FD7EFDD17ECA23200B561B
05_US_Stocks_CFD;EBAY;07_GRID_SEPARATE;BUY;ICHIMOKU;19;68976230400;FAST_GENETIC;611586792;HEDGE_ACCOUNT_REQUIRED;05_US_Stocks_CFD/EBAY/07_GRID_SEPARATE/BUY_ICHIMOKU.set;13C5B8926E708CAB246FD0D87F0BA067A5907EDB796C655AB3454D94C15553C0
05_US_Stocks_CFD;EBAY;07_GRID_SEPARATE;SELL;MULTI;20;3161410560000;FAST_GENETIC;659455267;HEDGE_ACCOUNT_REQUIRED;05_US_Stocks_CFD/EBAY/07_GRID_SEPARATE/SELL_MULTI.set;0D7000A9DB51499785F5417AA2C85341C0347798325F6CC048A9539CB0C9F07B
05_US_Stocks_CFD;EBAY;07_GRID_SEPARATE;SELL;ICHIMOKU;19;68976230400;FAST_GENETIC;617614498;HEDGE_ACCOUNT_REQUIRED;05_US_Stocks_CFD/EBAY/07_GRID_SEPARATE/SELL_ICHIMOKU.set;8A3CFB0B524421DD5EF6743CC3530C7A658D9E5940CF3C1E6AF682E65459F605
05_US_Stocks_CFD;EBAY;08_GRID_UNIFIED;BOTH;MULTI;21;15807052800000;FAST_GENETIC;628741752;HEDGE_ACCOUNT_REQUIRED;05_US_Stocks_CFD/EBAY/08_GRID_UNIFIED/BOTH_MULTI.set;CF002BF69DF5616995BA712D7AFB90D72E700244113B8BD8AD2E881E4FD02D35
05_US_Stocks_CFD;EBAY;08_GRID_UNIFIED;BOTH;ICHIMOKU;20;344881152000;FAST_GENETIC;635615409;HEDGE_ACCOUNT_REQUIRED;05_US_Stocks_CFD/EBAY/08_GRID_UNIFIED/BOTH_ICHIMOKU.set;F78F03382ED3834A1ECDB1A747ECEB557F579EC46220E206016726466AE850D1
05_US_Stocks_CFD;EBAY;09_MARTINGALE;BUY;MULTI;21;18359599104000;FAST_GENETIC;676799652;HIGH_RISK;05_US_Stocks_CFD/EBAY/09_MARTINGALE/BUY_MULTI.set;DA043763748F5A8C3C17CE9694C38FD702C8F4F7E9D5D16C3783B1D0CF8ACDA6
05_US_Stocks_CFD;EBAY;09_MARTINGALE;BUY;ICHIMOKU;20;400573071360;FAST_GENETIC;614607748;HIGH_RISK;05_US_Stocks_CFD/EBAY/09_MARTINGALE/BUY_ICHIMOKU.set;249FE12DBEF108E92427FDB8C49290F4B3B9048F55B7EFBC8C0EABD273A2E266
05_US_Stocks_CFD;EBAY;09_MARTINGALE;SELL;MULTI;21;18359599104000;FAST_GENETIC;664842396;HIGH_RISK;05_US_Stocks_CFD/EBAY/09_MARTINGALE/SELL_MULTI.set;5BE3B470EF8DBD513C5B3FBDB2336EF16A371E1E7BD6CCF731EF7E37B7844AA5
05_US_Stocks_CFD;EBAY;09_MARTINGALE;SELL;ICHIMOKU;20;400573071360;FAST_GENETIC;669296763;HIGH_RISK;05_US_Stocks_CFD/EBAY/09_MARTINGALE/SELL_ICHIMOKU.set;5C172FB6B4EAEA91393F532781A8B818FD09E88E65B26A36F17A1300FD2746F3
05_US_Stocks_CFD;EBAY;10_DALEMBERT;BUY;MULTI;21;13113999360000;FAST_GENETIC;640114972;HIGH_RISK;05_US_Stocks_CFD/EBAY/10_DALEMBERT/BUY_MULTI.set;FE82164B63DBF8D94029C6194309AF40F7B73560DD55F0D32EC5787DF4B45F5C
05_US_Stocks_CFD;EBAY;10_DALEMBERT;BUY;ICHIMOKU;20;286123622400;FAST_GENETIC;694581400;HIGH_RISK;05_US_Stocks_CFD/EBAY/10_DALEMBERT/BUY_ICHIMOKU.set;8BACA1A2E6BD0AFF646182149977B915C8B48C5ECB68C46EB5AC1F11C2C4F008
05_US_Stocks_CFD;EBAY;10_DALEMBERT;SELL;MULTI;21;13113999360000;FAST_GENETIC;640156225;HIGH_RISK;05_US_Stocks_CFD/EBAY/10_DALEMBERT/SELL_MULTI.set;1C5D42C51B139136B51ED8510CC10AB25DE8D85F56FFD80E5E538C2360C8260F
05_US_Stocks_CFD;EBAY;10_DALEMBERT;SELL;ICHIMOKU;20;286123622400;FAST_GENETIC;616804787;HIGH_RISK;05_US_Stocks_CFD/EBAY/10_DALEMBERT/SELL_ICHIMOKU.set;2CF2CE20FEB3EA657A4C6ACF64659BDCD0E2D0ABA9E74390A7E16A5589CF1827
05_US_Stocks_CFD;EBAY;11_SIGNAL_ONLY;BUY;MULTI;16;354816000;FAST_GENETIC;642159654;HIGH_RISK_RESEARCH;05_US_Stocks_CFD/EBAY/11_SIGNAL_ONLY/BUY_MULTI.set;030D87BB3F0C9FD1047AC6ED5262730C198B381733AEB551F631DBED2B22D2FF
05_US_Stocks_CFD;EBAY;11_SIGNAL_ONLY;BUY;ICHIMOKU;15;7741440;FAST_GENETIC;618927670;HIGH_RISK_RESEARCH;05_US_Stocks_CFD/EBAY/11_SIGNAL_ONLY/BUY_ICHIMOKU.set;2D37117CC6BA330F411529FD8AC8265B9D07EFE05ED2F9E06D9D4413F24EE945
05_US_Stocks_CFD;EBAY;11_SIGNAL_ONLY;SELL;MULTI;16;354816000;FAST_GENETIC;641417838;HIGH_RISK_RESEARCH;05_US_Stocks_CFD/EBAY/11_SIGNAL_ONLY/SELL_MULTI.set;2D20C62AB7F27E6AE468E6A0F8E1A1DFA2378FCC1FC70CE4FA66F92484AFBB0B
05_US_Stocks_CFD;EBAY;11_SIGNAL_ONLY;SELL;ICHIMOKU;15;7741440;FAST_GENETIC;688801323;HIGH_RISK_RESEARCH;05_US_Stocks_CFD/EBAY/11_SIGNAL_ONLY/SELL_ICHIMOKU.set;F2CDA84C2AB39A7EAB2FE884D41A62809B613D430CA63A5AA9E3EBFAED41D9A0
05_US_Stocks_CFD;FOXA;01_SLTP;BUY;MULTI;19;655699968000;FAST_GENETIC;651765787;RESEARCH;05_US_Stocks_CFD/FOXA/01_SLTP/BUY_MULTI.set;161618EC53EB26582DD60E25B28626F16A8A2457F0680A44DA60A5A3860BF2E4
05_US_Stocks_CFD;FOXA;01_SLTP;BUY;ICHIMOKU;18;14306181120;FAST_GENETIC;647120261;RESEARCH;05_US_Stocks_CFD/FOXA/01_SLTP/BUY_ICHIMOKU.set;4378F796BFF23119797DF3AF861793126CF09C8B601304D588E73EA2A2313B8C
05_US_Stocks_CFD;FOXA;01_SLTP;SELL;MULTI;19;655699968000;FAST_GENETIC;643835068;RESEARCH;05_US_Stocks_CFD/FOXA/01_SLTP/SELL_MULTI.set;80B3FE203A56C707E70C5616067F28FC1F86A3C6F124D3AF5C86E12E918B2B89
05_US_Stocks_CFD;FOXA;01_SLTP;SELL;ICHIMOKU;18;14306181120;FAST_GENETIC;663121573;RESEARCH;05_US_Stocks_CFD/FOXA/01_SLTP/SELL_ICHIMOKU.set;E1E773A521F8CB5AE207989AB596B3CD3F22491D9DB4907D3CB63EFDA0C502BE
05_US_Stocks_CFD;FOXA;02_SLTP_ORGANIC;BUY;MULTI;19;655699968000;FAST_GENETIC;699043720;RESEARCH;05_US_Stocks_CFD/FOXA/02_SLTP_ORGANIC/BUY_MULTI.set;3187CE742D0C1D47C35B400B148CE94FEF550C61ED3761AD883ECB6618EED16E
05_US_Stocks_CFD;FOXA;02_SLTP_ORGANIC;BUY;ICHIMOKU;18;14306181120;FAST_GENETIC;689287353;RESEARCH;05_US_Stocks_CFD/FOXA/02_SLTP_ORGANIC/BUY_ICHIMOKU.set;FA852E547E959B56B2342C9291F04B8329389EF6E645ACE139BBBBA513A5F6C5
05_US_Stocks_CFD;FOXA;02_SLTP_ORGANIC;SELL;MULTI;19;655699968000;FAST_GENETIC;674578945;RESEARCH;05_US_Stocks_CFD/FOXA/02_SLTP_ORGANIC/SELL_MULTI.set;9A63007C307EE564FF0AFBF8825415005F0C0E639CAA46DF591BDC69ABF44A6F
05_US_Stocks_CFD;FOXA;02_SLTP_ORGANIC;SELL;ICHIMOKU;18;14306181120;FAST_GENETIC;612921291;RESEARCH;05_US_Stocks_CFD/FOXA/02_SLTP_ORGANIC/SELL_ICHIMOKU.set;3A51760A3B539E73CB18DCA7297A6C582280DA2FD9F8B518F149A175D3DFE346
05_US_Stocks_CFD;FOXA;03_TRAIL_ONLY;BUY;MULTI;20;2086318080000;FAST_GENETIC;677034380;RESEARCH;05_US_Stocks_CFD/FOXA/03_TRAIL_ONLY/BUY_MULTI.set;9BC23D5BC3ED91C9B67EBB4C0674CAD0FBB0987140C027B61AC45881D18F11DB
05_US_Stocks_CFD;FOXA;03_TRAIL_ONLY;BUY;ICHIMOKU;19;45519667200;FAST_GENETIC;675711261;RESEARCH;05_US_Stocks_CFD/FOXA/03_TRAIL_ONLY/BUY_ICHIMOKU.set;F295E77D23EE20CFEFDDD9DAB60D23A8FE15F0C5C948ABC38E2D045BA8158C26
05_US_Stocks_CFD;FOXA;03_TRAIL_ONLY;SELL;MULTI;20;2086318080000;FAST_GENETIC;684226611;RESEARCH;05_US_Stocks_CFD/FOXA/03_TRAIL_ONLY/SELL_MULTI.set;55090F216A57E344A9D89C8D3C95C800B42003ACF211E1C99178774758CFDA13
05_US_Stocks_CFD;FOXA;03_TRAIL_ONLY;SELL;ICHIMOKU;19;45519667200;FAST_GENETIC;648357652;RESEARCH;05_US_Stocks_CFD/FOXA/03_TRAIL_ONLY/SELL_ICHIMOKU.set;541186FE771D5FBFB459248CC5340B5A12707162B8249B85D3A2E2DCFC496774
05_US_Stocks_CFD;FOXA;04_SLTP_TRAIL;BUY;MULTI;20;9179799552000;FAST_GENETIC;617482615;RESEARCH;05_US_Stocks_CFD/FOXA/04_SLTP_TRAIL/BUY_MULTI.set;79C6940286911A0CCA20ECCC88F35A590E14FE135E0477379E13A69C4F1A0DBE
05_US_Stocks_CFD;FOXA;04_SLTP_TRAIL;BUY;ICHIMOKU;19;200286535680;FAST_GENETIC;637693432;RESEARCH;05_US_Stocks_CFD/FOXA/04_SLTP_TRAIL/BUY_ICHIMOKU.set;17057A64DEB499815AEDCAB46207E8C22402BC6AB7263D69B8A70C0EDCD4E33C
05_US_Stocks_CFD;FOXA;04_SLTP_TRAIL;SELL;MULTI;20;9179799552000;FAST_GENETIC;655437384;RESEARCH;05_US_Stocks_CFD/FOXA/04_SLTP_TRAIL/SELL_MULTI.set;4DAB16DB82A102C9F8B4B08FA5EEC7D483B6EB5C30219C134B689EFEF5905A3F
05_US_Stocks_CFD;FOXA;04_SLTP_TRAIL;SELL;ICHIMOKU;19;200286535680;FAST_GENETIC;697206907;RESEARCH;05_US_Stocks_CFD/FOXA/04_SLTP_TRAIL/SELL_ICHIMOKU.set;C9A3FEE56E3B7D7CE23C71A2AAB4D578F85A42B3BEF3554F724372879DD0DFEA
05_US_Stocks_CFD;FOXA;05_BE_TRAIL;BUY;MULTI;19;1043159040000;FAST_GENETIC;671752145;RESEARCH;05_US_Stocks_CFD/FOXA/05_BE_TRAIL/BUY_MULTI.set;F11FDFCF2918F64F570F0A2CB28901A403E268D604B0DDE44FA26E1F9F5AD505
05_US_Stocks_CFD;FOXA;05_BE_TRAIL;BUY;ICHIMOKU;18;22759833600;FAST_GENETIC;662554435;RESEARCH;05_US_Stocks_CFD/FOXA/05_BE_TRAIL/BUY_ICHIMOKU.set;2FCAEC4BFFF3EF9C860DC6A5CC029225157D83998F9CB6130A43BD15F8E3690E
05_US_Stocks_CFD;FOXA;05_BE_TRAIL;SELL;MULTI;19;1043159040000;FAST_GENETIC;679616235;RESEARCH;05_US_Stocks_CFD/FOXA/05_BE_TRAIL/SELL_MULTI.set;E82389E7E21CFA7DC8CB15EA8941F4CF51B06A1B0FB4678682EEED4D2D7F633C
05_US_Stocks_CFD;FOXA;05_BE_TRAIL;SELL;ICHIMOKU;18;22759833600;FAST_GENETIC;669147442;RESEARCH;05_US_Stocks_CFD/FOXA/05_BE_TRAIL/SELL_ICHIMOKU.set;444120FD7095E327C637CD6B4E14A22862C54340F236790C256AB8CF4BFD8329
05_US_Stocks_CFD;FOXA;06_REVERSAL_EXIT;BUY;MULTI;21;1669054464000;FAST_GENETIC;613985535;RESEARCH;05_US_Stocks_CFD/FOXA/06_REVERSAL_EXIT/BUY_MULTI.set;75A7BCE4A313FC1C957BCB0137209DB19DDCD1B261A6942F807FF89A919433D6
05_US_Stocks_CFD;FOXA;06_REVERSAL_EXIT;BUY;ICHIMOKU;20;36415733760;FAST_GENETIC;696909098;RESEARCH;05_US_Stocks_CFD/FOXA/06_REVERSAL_EXIT/BUY_ICHIMOKU.set;11582ED28A85F4010CAF9F725503D21DD8092A87F4BE9B8A37A27B6EDF1329E4
05_US_Stocks_CFD;FOXA;06_REVERSAL_EXIT;SELL;MULTI;21;1669054464000;FAST_GENETIC;693882711;RESEARCH;05_US_Stocks_CFD/FOXA/06_REVERSAL_EXIT/SELL_MULTI.set;C59A0B5D25BD045A5A04A504D3B3DAA3AFA6C37A37689E86BF6230FD7FC17EB5
05_US_Stocks_CFD;FOXA;06_REVERSAL_EXIT;SELL;ICHIMOKU;20;36415733760;FAST_GENETIC;644868765;RESEARCH;05_US_Stocks_CFD/FOXA/06_REVERSAL_EXIT/SELL_ICHIMOKU.set;35301851C53D81E5BD306DB0E8E8E3E88721EFA4097869F7AE9952416FFC15C6
05_US_Stocks_CFD;FOXA;07_GRID_SEPARATE;BUY;MULTI;20;3161410560000;FAST_GENETIC;636033249;HEDGE_ACCOUNT_REQUIRED;05_US_Stocks_CFD/FOXA/07_GRID_SEPARATE/BUY_MULTI.set;85A728C2955E78A18B5B26D6E71FD70E60AFD6DD101213996937E96CAF6481E7
05_US_Stocks_CFD;FOXA;07_GRID_SEPARATE;BUY;ICHIMOKU;19;68976230400;FAST_GENETIC;658956372;HEDGE_ACCOUNT_REQUIRED;05_US_Stocks_CFD/FOXA/07_GRID_SEPARATE/BUY_ICHIMOKU.set;98B05318DDB216AFFC29B12E5464152EF2036496C82E37EAD3DC172E1984CDD4
05_US_Stocks_CFD;FOXA;07_GRID_SEPARATE;SELL;MULTI;20;3161410560000;FAST_GENETIC;687624448;HEDGE_ACCOUNT_REQUIRED;05_US_Stocks_CFD/FOXA/07_GRID_SEPARATE/SELL_MULTI.set;881308EE0E9E5309D61EE55AC720C59DB8DFF05E904523705BF19EDCF554B597
05_US_Stocks_CFD;FOXA;07_GRID_SEPARATE;SELL;ICHIMOKU;19;68976230400;FAST_GENETIC;627311085;HEDGE_ACCOUNT_REQUIRED;05_US_Stocks_CFD/FOXA/07_GRID_SEPARATE/SELL_ICHIMOKU.set;12D1F96D0ECAF5E65D141E9746E4EEE93F6070404A1AAA4E2699C929CF3E8755
05_US_Stocks_CFD;FOXA;08_GRID_UNIFIED;BOTH;MULTI;21;15807052800000;FAST_GENETIC;647943453;HEDGE_ACCOUNT_REQUIRED;05_US_Stocks_CFD/FOXA/08_GRID_UNIFIED/BOTH_MULTI.set;F3E3818CC77DFB8021231E1BFD1CB802913BD98C6B7B7F648C2ECA667649BF12
05_US_Stocks_CFD;FOXA;08_GRID_UNIFIED;BOTH;ICHIMOKU;20;344881152000;FAST_GENETIC;685402042;HEDGE_ACCOUNT_REQUIRED;05_US_Stocks_CFD/FOXA/08_GRID_UNIFIED/BOTH_ICHIMOKU.set;5924E38747AF37A3ACC8353483BA4C4740271540F10FDF0354DE117CE3B7031C
05_US_Stocks_CFD;FOXA;09_MARTINGALE;BUY;MULTI;21;18359599104000;FAST_GENETIC;625190369;HIGH_RISK;05_US_Stocks_CFD/FOXA/09_MARTINGALE/BUY_MULTI.set;F84679241D266BE7C48196BA59EE5149CE542D968C705F20807E7C51C712B2F3
05_US_Stocks_CFD;FOXA;09_MARTINGALE;BUY;ICHIMOKU;20;400573071360;FAST_GENETIC;649046972;HIGH_RISK;05_US_Stocks_CFD/FOXA/09_MARTINGALE/BUY_ICHIMOKU.set;07471D84911F2A71BFA5A0720395F1CA1468FD62CB65B99C9168D998ACD810CE
05_US_Stocks_CFD;FOXA;09_MARTINGALE;SELL;MULTI;21;18359599104000;FAST_GENETIC;639064192;HIGH_RISK;05_US_Stocks_CFD/FOXA/09_MARTINGALE/SELL_MULTI.set;78E955CE4157286E58694DED2F26C8455D4B8697739EED058E5FCA783F134372
05_US_Stocks_CFD;FOXA;09_MARTINGALE;SELL;ICHIMOKU;20;400573071360;FAST_GENETIC;679660858;HIGH_RISK;05_US_Stocks_CFD/FOXA/09_MARTINGALE/SELL_ICHIMOKU.set;0E0E7E749BEDC7FEDD8717E33AFC67F11BC351880077C305858E45878948B820
05_US_Stocks_CFD;FOXA;10_DALEMBERT;BUY;MULTI;21;13113999360000;FAST_GENETIC;612135273;HIGH_RISK;05_US_Stocks_CFD/FOXA/10_DALEMBERT/BUY_MULTI.set;A0F463F9CF5813DE576C1E4F94F953CDA34F39A8E0B498E5480BC32D5BFD9AB0
05_US_Stocks_CFD;FOXA;10_DALEMBERT;BUY;ICHIMOKU;20;286123622400;FAST_GENETIC;614515119;HIGH_RISK;05_US_Stocks_CFD/FOXA/10_DALEMBERT/BUY_ICHIMOKU.set;667CBA8EDFB80A09780881AFA3ED93021039B0C8703A8CA422131439887DB1ED
05_US_Stocks_CFD;FOXA;10_DALEMBERT;SELL;MULTI;21;13113999360000;FAST_GENETIC;657895873;HIGH_RISK;05_US_Stocks_CFD/FOXA/10_DALEMBERT/SELL_MULTI.set;978AF7345D5FA3A7F58C2BDEAEEFDF346199CA382C20D40FE9E5144531C346BB
05_US_Stocks_CFD;FOXA;10_DALEMBERT;SELL;ICHIMOKU;20;286123622400;FAST_GENETIC;625917784;HIGH_RISK;05_US_Stocks_CFD/FOXA/10_DALEMBERT/SELL_ICHIMOKU.set;3D963CFC22BF0A983BA1D13E1B0B139F293F727D637C91FA05A72A6B3C075AD9
05_US_Stocks_CFD;FOXA;11_SIGNAL_ONLY;BUY;MULTI;16;354816000;FAST_GENETIC;615472534;HIGH_RISK_RESEARCH;05_US_Stocks_CFD/FOXA/11_SIGNAL_ONLY/BUY_MULTI.set;F70A628E47809367574BF040F3C488AD40AD6E48979BD99A9F8888AB21011326
05_US_Stocks_CFD;FOXA;11_SIGNAL_ONLY;BUY;ICHIMOKU;15;7741440;FAST_GENETIC;662436072;HIGH_RISK_RESEARCH;05_US_Stocks_CFD/FOXA/11_SIGNAL_ONLY/BUY_ICHIMOKU.set;CC70ED5E1AC18D4DFB4DF519F2D2EA5D632465FCEF1D280F0A602DB6F06ED754
05_US_Stocks_CFD;FOXA;11_SIGNAL_ONLY;SELL;MULTI;16;354816000;FAST_GENETIC;694712736;HIGH_RISK_RESEARCH;05_US_Stocks_CFD/FOXA/11_SIGNAL_ONLY/SELL_MULTI.set;4FE8AC8A3EEDA37058C4E8F2A110EE3CC26279C9743F90C93D2FEA3453051EF0
05_US_Stocks_CFD;FOXA;11_SIGNAL_ONLY;SELL;ICHIMOKU;15;7741440;FAST_GENETIC;689573306;HIGH_RISK_RESEARCH;05_US_Stocks_CFD/FOXA/11_SIGNAL_ONLY/SELL_ICHIMOKU.set;B4FBC84EAD2C605267B67AD0979C116232B8CBAE643458E22F8559F13B9FF6EC
05_US_Stocks_CFD;GE;01_SLTP;BUY;MULTI;19;655699968000;FAST_GENETIC;699035172;RESEARCH;05_US_Stocks_CFD/GE/01_SLTP/BUY_MULTI.set;4EFFB1F6512B76349E7A078ED3B4618B49A10BEDD3BD8D06E7CF66C382414EF3
05_US_Stocks_CFD;GE;01_SLTP;BUY;ICHIMOKU;18;14306181120;FAST_GENETIC;662909132;RESEARCH;05_US_Stocks_CFD/GE/01_SLTP/BUY_ICHIMOKU.set;39BFCA258B834827C602CBBA9F9E984E6E2EF477F0E32E77BAF79EFE06D25649
05_US_Stocks_CFD;GE;01_SLTP;SELL;MULTI;19;655699968000;FAST_GENETIC;642829411;RESEARCH;05_US_Stocks_CFD/GE/01_SLTP/SELL_MULTI.set;09F0BEE2114BF80FAD34551EF5DAA3A284C0D5ACCBF1E61A034E255942D41B32
05_US_Stocks_CFD;GE;01_SLTP;SELL;ICHIMOKU;18;14306181120;FAST_GENETIC;639266391;RESEARCH;05_US_Stocks_CFD/GE/01_SLTP/SELL_ICHIMOKU.set;2150EA61C8D9EF06895B5BB0846AF6613F61E502CEA61C07C9799366D8410349
05_US_Stocks_CFD;GE;02_SLTP_ORGANIC;BUY;MULTI;19;655699968000;FAST_GENETIC;682929368;RESEARCH;05_US_Stocks_CFD/GE/02_SLTP_ORGANIC/BUY_MULTI.set;3E32E96193D6259C71C2B2B2969D81FCC69D8AEED53AD3CE76C382C6BBE94CB2
05_US_Stocks_CFD;GE;02_SLTP_ORGANIC;BUY;ICHIMOKU;18;14306181120;FAST_GENETIC;667924265;RESEARCH;05_US_Stocks_CFD/GE/02_SLTP_ORGANIC/BUY_ICHIMOKU.set;A52E130FA62589C3566B5B735376DFA94C24706CEA6326CB40385CA3F8D81556
05_US_Stocks_CFD;GE;02_SLTP_ORGANIC;SELL;MULTI;19;655699968000;FAST_GENETIC;681604442;RESEARCH;05_US_Stocks_CFD/GE/02_SLTP_ORGANIC/SELL_MULTI.set;353C26D1C807E45224849B2CCEEB6ED016B58F555829626EFDBC1032FDAE981D
05_US_Stocks_CFD;GE;02_SLTP_ORGANIC;SELL;ICHIMOKU;18;14306181120;FAST_GENETIC;699270308;RESEARCH;05_US_Stocks_CFD/GE/02_SLTP_ORGANIC/SELL_ICHIMOKU.set;9321451DC0B15FB175E7884068705B528B6F51398C7957BBE34DDA562DDD718C
05_US_Stocks_CFD;GE;03_TRAIL_ONLY;BUY;MULTI;20;2086318080000;FAST_GENETIC;680388849;RESEARCH;05_US_Stocks_CFD/GE/03_TRAIL_ONLY/BUY_MULTI.set;6FF61BDC27F05BE59A99A30385B61FFAA8454B43103C1EB2B0739CD4A5CB6AA2
05_US_Stocks_CFD;GE;03_TRAIL_ONLY;BUY;ICHIMOKU;19;45519667200;FAST_GENETIC;677674958;RESEARCH;05_US_Stocks_CFD/GE/03_TRAIL_ONLY/BUY_ICHIMOKU.set;94F5B9A61C32D9D8C04539B9A8B59AA0DC609A7F77A05BC18A445584B778F848
05_US_Stocks_CFD;GE;03_TRAIL_ONLY;SELL;MULTI;20;2086318080000;FAST_GENETIC;669931081;RESEARCH;05_US_Stocks_CFD/GE/03_TRAIL_ONLY/SELL_MULTI.set;FA0768E6DB4494BEDE80F055085A0DE3A9EFE9D683A1CA48F3C402AC78D69553
05_US_Stocks_CFD;GE;03_TRAIL_ONLY;SELL;ICHIMOKU;19;45519667200;FAST_GENETIC;618898296;RESEARCH;05_US_Stocks_CFD/GE/03_TRAIL_ONLY/SELL_ICHIMOKU.set;8CBF0DDB8CF30CBEE3BC3379DB3013262D64697E6D34E5F7E321C574633C258C
05_US_Stocks_CFD;GE;04_SLTP_TRAIL;BUY;MULTI;20;9179799552000;FAST_GENETIC;636073539;RESEARCH;05_US_Stocks_CFD/GE/04_SLTP_TRAIL/BUY_MULTI.set;24DA4E0E4F60842CC820AC32E7721C18E03B5F303336A44D7EDF05B8C555335A
05_US_Stocks_CFD;GE;04_SLTP_TRAIL;BUY;ICHIMOKU;19;200286535680;FAST_GENETIC;681724846;RESEARCH;05_US_Stocks_CFD/GE/04_SLTP_TRAIL/BUY_ICHIMOKU.set;ECE0A1A13533E6C3B12096778BC4FC786AEA9879A47E050BD9CC3A72F005F2BF
05_US_Stocks_CFD;GE;04_SLTP_TRAIL;SELL;MULTI;20;9179799552000;FAST_GENETIC;629572687;RESEARCH;05_US_Stocks_CFD/GE/04_SLTP_TRAIL/SELL_MULTI.set;536DAF488F4E947D368C3CF34F24C638CEAAACCBF4F2A95A98EA2E4721CB6988
05_US_Stocks_CFD;GE;04_SLTP_TRAIL;SELL;ICHIMOKU;19;200286535680;FAST_GENETIC;675825966;RESEARCH;05_US_Stocks_CFD/GE/04_SLTP_TRAIL/SELL_ICHIMOKU.set;CCCDF3AD13A430490BAB86931E497F925D4AA96281CBA48A0072A66C894D636E
05_US_Stocks_CFD;GE;05_BE_TRAIL;BUY;MULTI;19;1043159040000;FAST_GENETIC;610889534;RESEARCH;05_US_Stocks_CFD/GE/05_BE_TRAIL/BUY_MULTI.set;BB914DE51CE25A04125E742B56A2AF561D6EF798947550FC1F40599AF863EE09
05_US_Stocks_CFD;GE;05_BE_TRAIL;BUY;ICHIMOKU;18;22759833600;FAST_GENETIC;675249962;RESEARCH;05_US_Stocks_CFD/GE/05_BE_TRAIL/BUY_ICHIMOKU.set;2F89E97D29871353730BEBD7C7256B9253DBAD26315D3FF69E077C74613BBE53
05_US_Stocks_CFD;GE;05_BE_TRAIL;SELL;MULTI;19;1043159040000;FAST_GENETIC;694979794;RESEARCH;05_US_Stocks_CFD/GE/05_BE_TRAIL/SELL_MULTI.set;3DB4A808D7097333E85CED89485C3C5B9DF175741F310C37DD0227C752C12C45
05_US_Stocks_CFD;GE;05_BE_TRAIL;SELL;ICHIMOKU;18;22759833600;FAST_GENETIC;636651492;RESEARCH;05_US_Stocks_CFD/GE/05_BE_TRAIL/SELL_ICHIMOKU.set;CE5DA475974DA866469736448DA265712AA68463BD1C8B20CEDA05B4E6343458
05_US_Stocks_CFD;GE;06_REVERSAL_EXIT;BUY;MULTI;21;1669054464000;FAST_GENETIC;629838604;RESEARCH;05_US_Stocks_CFD/GE/06_REVERSAL_EXIT/BUY_MULTI.set;1388C505BC649BA8939F87E60550FD02494C2D2B767BB60367417970A9F50772
05_US_Stocks_CFD;GE;06_REVERSAL_EXIT;BUY;ICHIMOKU;20;36415733760;FAST_GENETIC;611135880;RESEARCH;05_US_Stocks_CFD/GE/06_REVERSAL_EXIT/BUY_ICHIMOKU.set;F96D4FCF8F82D711FEF7923E82F94624F791479587203DD6CECB7D605356452B
05_US_Stocks_CFD;GE;06_REVERSAL_EXIT;SELL;MULTI;21;1669054464000;FAST_GENETIC;693980140;RESEARCH;05_US_Stocks_CFD/GE/06_REVERSAL_EXIT/SELL_MULTI.set;35A468C486B349339A4D62971769A9D636C5B3432F64A2F613E0C54C94E3B019
05_US_Stocks_CFD;GE;06_REVERSAL_EXIT;SELL;ICHIMOKU;20;36415733760;FAST_GENETIC;645635205;RESEARCH;05_US_Stocks_CFD/GE/06_REVERSAL_EXIT/SELL_ICHIMOKU.set;13AF522A874BCE5F1187B438909B97D1C85D1D419C76C8980171825BCC30F562
05_US_Stocks_CFD;GE;07_GRID_SEPARATE;BUY;MULTI;20;3161410560000;FAST_GENETIC;672490168;HEDGE_ACCOUNT_REQUIRED;05_US_Stocks_CFD/GE/07_GRID_SEPARATE/BUY_MULTI.set;A7876B9B47D233A5ACD2AF917406A44BFE5A292D80070F66531C24304E019CBC
05_US_Stocks_CFD;GE;07_GRID_SEPARATE;BUY;ICHIMOKU;19;68976230400;FAST_GENETIC;671296606;HEDGE_ACCOUNT_REQUIRED;05_US_Stocks_CFD/GE/07_GRID_SEPARATE/BUY_ICHIMOKU.set;15E74AF01920E702A2FE11DE4CFE8C26A58E087F5883CB00D37F6D16CB96E38A
05_US_Stocks_CFD;GE;07_GRID_SEPARATE;SELL;MULTI;20;3161410560000;FAST_GENETIC;692494709;HEDGE_ACCOUNT_REQUIRED;05_US_Stocks_CFD/GE/07_GRID_SEPARATE/SELL_MULTI.set;39C1ED171AB941EB01BB228454C92FFEA7ED718C652494A102B0CEB638DEC342
05_US_Stocks_CFD;GE;07_GRID_SEPARATE;SELL;ICHIMOKU;19;68976230400;FAST_GENETIC;674336119;HEDGE_ACCOUNT_REQUIRED;05_US_Stocks_CFD/GE/07_GRID_SEPARATE/SELL_ICHIMOKU.set;5CB871851264FBE605CDF105E70AEA618ECD10C2F66A66F72F859FAADD516B7C
05_US_Stocks_CFD;GE;08_GRID_UNIFIED;BOTH;MULTI;21;15807052800000;FAST_GENETIC;613980872;HEDGE_ACCOUNT_REQUIRED;05_US_Stocks_CFD/GE/08_GRID_UNIFIED/BOTH_MULTI.set;6E446D60BA2849117BEA3EC17DB430DEBCA4F329A74D5551B8C19333A68374C0
05_US_Stocks_CFD;GE;08_GRID_UNIFIED;BOTH;ICHIMOKU;20;344881152000;FAST_GENETIC;689828677;HEDGE_ACCOUNT_REQUIRED;05_US_Stocks_CFD/GE/08_GRID_UNIFIED/BOTH_ICHIMOKU.set;AB4567AD67E4BA1675F8ADC20B463A3FBBC4B82B1CF7D43729116F85D048DDCF
05_US_Stocks_CFD;GE;09_MARTINGALE;BUY;MULTI;21;18359599104000;FAST_GENETIC;617779553;HIGH_RISK;05_US_Stocks_CFD/GE/09_MARTINGALE/BUY_MULTI.set;AAF5FD13EA6E99C537CB81A6F3A699D79B40B9E0D6CC48CE187403378F0785AF
05_US_Stocks_CFD;GE;09_MARTINGALE;BUY;ICHIMOKU;20;400573071360;FAST_GENETIC;657670420;HIGH_RISK;05_US_Stocks_CFD/GE/09_MARTINGALE/BUY_ICHIMOKU.set;A57D56F7286BA5598E6970FA62783166840893EA8CECE0F8ED0447893AB27372
05_US_Stocks_CFD;GE;09_MARTINGALE;SELL;MULTI;21;18359599104000;FAST_GENETIC;650450377;HIGH_RISK;05_US_Stocks_CFD/GE/09_MARTINGALE/SELL_MULTI.set;3622C540228C6A634D25E68468A04D93F0EB7D2E00D3776CBA2D7560E6583A24
05_US_Stocks_CFD;GE;09_MARTINGALE;SELL;ICHIMOKU;20;400573071360;FAST_GENETIC;681900591;HIGH_RISK;05_US_Stocks_CFD/GE/09_MARTINGALE/SELL_ICHIMOKU.set;68060D4D3CCCF2A609C1D13077613F8953273E4ECD8AD96C783401220A729055
05_US_Stocks_CFD;GE;10_DALEMBERT;BUY;MULTI;21;13113999360000;FAST_GENETIC;637213296;HIGH_RISK;05_US_Stocks_CFD/GE/10_DALEMBERT/BUY_MULTI.set;5E2D1E37B5B474CFD25275B1823EE34D0C6F7ABEC126B54B223ACB63876D31D2
05_US_Stocks_CFD;GE;10_DALEMBERT;BUY;ICHIMOKU;20;286123622400;FAST_GENETIC;637854539;HIGH_RISK;05_US_Stocks_CFD/GE/10_DALEMBERT/BUY_ICHIMOKU.set;D4BABD01A3826EF2C94230E1CC540881936EEE636C40C199E73176DC29A3887B
05_US_Stocks_CFD;GE;10_DALEMBERT;SELL;MULTI;21;13113999360000;FAST_GENETIC;631813864;HIGH_RISK;05_US_Stocks_CFD/GE/10_DALEMBERT/SELL_MULTI.set;22EA5C7D8B23F6C4DC7BC689BC130D7F75E125FF5A504CBE4893DA3C9045AF34
05_US_Stocks_CFD;GE;10_DALEMBERT;SELL;ICHIMOKU;20;286123622400;FAST_GENETIC;695853974;HIGH_RISK;05_US_Stocks_CFD/GE/10_DALEMBERT/SELL_ICHIMOKU.set;328FA73E2AEA514C960FF3F0BDDB6282C063254A12B1C2BB48CBB774F898D91C
05_US_Stocks_CFD;GE;11_SIGNAL_ONLY;BUY;MULTI;16;354816000;FAST_GENETIC;680902663;HIGH_RISK_RESEARCH;05_US_Stocks_CFD/GE/11_SIGNAL_ONLY/BUY_MULTI.set;2071A93C83905C8FDC9A81E50EE5E849DD2ECEC075F26ECBDC31BEBB779AF772
05_US_Stocks_CFD;GE;11_SIGNAL_ONLY;BUY;ICHIMOKU;15;7741440;FAST_GENETIC;625523866;HIGH_RISK_RESEARCH;05_US_Stocks_CFD/GE/11_SIGNAL_ONLY/BUY_ICHIMOKU.set;462B1D63A899738CD3B7091D2A8ACDA5052A4DB31EE126D29507E0E3BF4C39B9
05_US_Stocks_CFD;GE;11_SIGNAL_ONLY;SELL;MULTI;16;354816000;FAST_GENETIC;666896574;HIGH_RISK_RESEARCH;05_US_Stocks_CFD/GE/11_SIGNAL_ONLY/SELL_MULTI.set;63641B00AEADD0C5A527BA0A5D7921DC6F69C416A45846454969673D64DE3507
05_US_Stocks_CFD;GE;11_SIGNAL_ONLY;SELL;ICHIMOKU;15;7741440;FAST_GENETIC;668904840;HIGH_RISK_RESEARCH;05_US_Stocks_CFD/GE/11_SIGNAL_ONLY/SELL_ICHIMOKU.set;5D27AF4D9DF28102868BCF4EA54A4E30D86F70AFF3AE6B16B8F07AA9940674DC
05_US_Stocks_CFD;GM;01_SLTP;BUY;MULTI;19;655699968000;FAST_GENETIC;692827586;RESEARCH;05_US_Stocks_CFD/GM/01_SLTP/BUY_MULTI.set;214A83238CBDB6B4BF349AF32F06769D21EAD458C0C518C7855CCEE00CF42055
05_US_Stocks_CFD;GM;01_SLTP;BUY;ICHIMOKU;18;14306181120;FAST_GENETIC;636012089;RESEARCH;05_US_Stocks_CFD/GM/01_SLTP/BUY_ICHIMOKU.set;AA91C532F45E68FE28C914227F94C8B6B6654D3089B4F9E291876961637FEBAE
05_US_Stocks_CFD;GM;01_SLTP;SELL;MULTI;19;655699968000;FAST_GENETIC;669047254;RESEARCH;05_US_Stocks_CFD/GM/01_SLTP/SELL_MULTI.set;6E961D5B9DDC34C21831A096DC66702CE3DEE94C526EF1EAA9DF93D789C3F827
05_US_Stocks_CFD;GM;01_SLTP;SELL;ICHIMOKU;18;14306181120;FAST_GENETIC;660069410;RESEARCH;05_US_Stocks_CFD/GM/01_SLTP/SELL_ICHIMOKU.set;2E94042BE85A33412F970819E5EB8C7A80F9E64E4AC4DD3FBC806986E06A206C
05_US_Stocks_CFD;GM;02_SLTP_ORGANIC;BUY;MULTI;19;655699968000;FAST_GENETIC;622232621;RESEARCH;05_US_Stocks_CFD/GM/02_SLTP_ORGANIC/BUY_MULTI.set;2A196F26DE598DBD8C0D8D4066A8A25B8E6CD5356DCCDBE632318A7E597B4653
05_US_Stocks_CFD;GM;02_SLTP_ORGANIC;BUY;ICHIMOKU;18;14306181120;FAST_GENETIC;672034850;RESEARCH;05_US_Stocks_CFD/GM/02_SLTP_ORGANIC/BUY_ICHIMOKU.set;F6364E0ADFF2A9DE5F7FFEDF7DAE35B7E5661C5CAFD6AD5B98CA3938E98346B9
05_US_Stocks_CFD;GM;02_SLTP_ORGANIC;SELL;MULTI;19;655699968000;FAST_GENETIC;688124667;RESEARCH;05_US_Stocks_CFD/GM/02_SLTP_ORGANIC/SELL_MULTI.set;79165D71349D0AC4E42000308DE5E653A98007D5B4EB2253B67DE2939B45B0E3
05_US_Stocks_CFD;GM;02_SLTP_ORGANIC;SELL;ICHIMOKU;18;14306181120;FAST_GENETIC;653799383;RESEARCH;05_US_Stocks_CFD/GM/02_SLTP_ORGANIC/SELL_ICHIMOKU.set;FAD8414DDC4AF47682C174CF0DAF126A741199CC03A4B710BF4CB41EAB323EBF
05_US_Stocks_CFD;GM;03_TRAIL_ONLY;BUY;MULTI;20;2086318080000;FAST_GENETIC;631998365;RESEARCH;05_US_Stocks_CFD/GM/03_TRAIL_ONLY/BUY_MULTI.set;C46BCE68C494EACE6513550BACDAC64DEC99D26172B277BA46A76DC4935DC3F3
05_US_Stocks_CFD;GM;03_TRAIL_ONLY;BUY;ICHIMOKU;19;45519667200;FAST_GENETIC;654444798;RESEARCH;05_US_Stocks_CFD/GM/03_TRAIL_ONLY/BUY_ICHIMOKU.set;8F319A84BF7FB4EB0250CC7A8E516835576CEB7F529DEA2514504431D13294C8
05_US_Stocks_CFD;GM;03_TRAIL_ONLY;SELL;MULTI;20;2086318080000;FAST_GENETIC;621183478;RESEARCH;05_US_Stocks_CFD/GM/03_TRAIL_ONLY/SELL_MULTI.set;D7F244071765CE8A3293737B57EE56F3335992EBB34EB07C8BA0C13BBB5F0C36
05_US_Stocks_CFD;GM;03_TRAIL_ONLY;SELL;ICHIMOKU;19;45519667200;FAST_GENETIC;661230583;RESEARCH;05_US_Stocks_CFD/GM/03_TRAIL_ONLY/SELL_ICHIMOKU.set;E9A85511EC4056DFB3E677E5A43A2BFCB59E3FA09313A22C58DF4A2D8CB17603
05_US_Stocks_CFD;GM;04_SLTP_TRAIL;BUY;MULTI;20;9179799552000;FAST_GENETIC;666214638;RESEARCH;05_US_Stocks_CFD/GM/04_SLTP_TRAIL/BUY_MULTI.set;C6D48D9969EC4E5A847D62A09B66C23AD12E6BA48281E3A55EC8803FCBE5C432
05_US_Stocks_CFD;GM;04_SLTP_TRAIL;BUY;ICHIMOKU;19;200286535680;FAST_GENETIC;687766439;RESEARCH;05_US_Stocks_CFD/GM/04_SLTP_TRAIL/BUY_ICHIMOKU.set;2D12BBCB6FDD7801E41335E10D3A133558B449FF9996F4350A6B4702BDE459BF
05_US_Stocks_CFD;GM;04_SLTP_TRAIL;SELL;MULTI;20;9179799552000;FAST_GENETIC;626447842;RESEARCH;05_US_Stocks_CFD/GM/04_SLTP_TRAIL/SELL_MULTI.set;5F217A12A0F59EDAFC6833CFBF719AE4D98FDC6C7044C74865F8D79AEAC53B3D
05_US_Stocks_CFD;GM;04_SLTP_TRAIL;SELL;ICHIMOKU;19;200286535680;FAST_GENETIC;695999569;RESEARCH;05_US_Stocks_CFD/GM/04_SLTP_TRAIL/SELL_ICHIMOKU.set;CC1AEDF3A3362C91FEF3F374B95BD8471D7FE3D738014CFBFDE6BDAA3CE17037
05_US_Stocks_CFD;GM;05_BE_TRAIL;BUY;MULTI;19;1043159040000;FAST_GENETIC;622313131;RESEARCH;05_US_Stocks_CFD/GM/05_BE_TRAIL/BUY_MULTI.set;207F17F969088D3ED57E62FC56320AF36288A65E1F453A751EB5036264042D32
05_US_Stocks_CFD;GM;05_BE_TRAIL;BUY;ICHIMOKU;18;22759833600;FAST_GENETIC;657141977;RESEARCH;05_US_Stocks_CFD/GM/05_BE_TRAIL/BUY_ICHIMOKU.set;8CA03F95CE88A959B664A2ED9A908E20B3614CD6A5037AD4428F401C67C906E9
05_US_Stocks_CFD;GM;05_BE_TRAIL;SELL;MULTI;19;1043159040000;FAST_GENETIC;673198345;RESEARCH;05_US_Stocks_CFD/GM/05_BE_TRAIL/SELL_MULTI.set;8A65DA7CA1C04D6670D515288F564A9D63F493AC0D018CCDCA488C9A06E04997
05_US_Stocks_CFD;GM;05_BE_TRAIL;SELL;ICHIMOKU;18;22759833600;FAST_GENETIC;672622126;RESEARCH;05_US_Stocks_CFD/GM/05_BE_TRAIL/SELL_ICHIMOKU.set;C97DBF2AA7EC2F7062F2D08BF4804EE6462B5DA63F17A60389876EC8C3B53F92
05_US_Stocks_CFD;GM;06_REVERSAL_EXIT;BUY;MULTI;21;1669054464000;FAST_GENETIC;613019394;RESEARCH;05_US_Stocks_CFD/GM/06_REVERSAL_EXIT/BUY_MULTI.set;BFFDC3A35633CBE087327723F48A699AA94308FD9A751CF13F70771CD83C81B9
05_US_Stocks_CFD;GM;06_REVERSAL_EXIT;BUY;ICHIMOKU;20;36415733760;FAST_GENETIC;668574321;RESEARCH;05_US_Stocks_CFD/GM/06_REVERSAL_EXIT/BUY_ICHIMOKU.set;E9DC02E943E74A60C2084680D68F62EBE464ABBA864A84CB430999DB024D532B
05_US_Stocks_CFD;GM;06_REVERSAL_EXIT;SELL;MULTI;21;1669054464000;FAST_GENETIC;699566962;RESEARCH;05_US_Stocks_CFD/GM/06_REVERSAL_EXIT/SELL_MULTI.set;58C1940BBC254DFA03A808DDAF84D62D67F942BAF6302EC5B726331180E3822C
05_US_Stocks_CFD;GM;06_REVERSAL_EXIT;SELL;ICHIMOKU;20;36415733760;FAST_GENETIC;663184214;RESEARCH;05_US_Stocks_CFD/GM/06_REVERSAL_EXIT/SELL_ICHIMOKU.set;BD93F9E6919336243F4A8A3EEFC62DE8A0787031B41D13326B19B01E08344DC1
05_US_Stocks_CFD;GM;07_GRID_SEPARATE;BUY;MULTI;20;3161410560000;FAST_GENETIC;622737039;HEDGE_ACCOUNT_REQUIRED;05_US_Stocks_CFD/GM/07_GRID_SEPARATE/BUY_MULTI.set;9AC5FFEF962EB8EC09D050AEA36FA0583B0582FA1C745E372B0085182A81F4FD
05_US_Stocks_CFD;GM;07_GRID_SEPARATE;BUY;ICHIMOKU;19;68976230400;FAST_GENETIC;644452975;HEDGE_ACCOUNT_REQUIRED;05_US_Stocks_CFD/GM/07_GRID_SEPARATE/BUY_ICHIMOKU.set;B4C1DF795949F99E005F968603067E512F24F953CF44B7CD4DBC9343D1F5CB2B
05_US_Stocks_CFD;GM;07_GRID_SEPARATE;SELL;MULTI;20;3161410560000;FAST_GENETIC;676452383;HEDGE_ACCOUNT_REQUIRED;05_US_Stocks_CFD/GM/07_GRID_SEPARATE/SELL_MULTI.set;4908FC7E078C2217A2462E0BB9BD0F89D9919E154F334059887DD651AC52DBAB
05_US_Stocks_CFD;GM;07_GRID_SEPARATE;SELL;ICHIMOKU;19;68976230400;FAST_GENETIC;691755389;HEDGE_ACCOUNT_REQUIRED;05_US_Stocks_CFD/GM/07_GRID_SEPARATE/SELL_ICHIMOKU.set;1C8CD1BB0E63A4E508465ADF0BB689EB1D7BBD08F8960FD2E975C8D1EE665A6E
05_US_Stocks_CFD;GM;08_GRID_UNIFIED;BOTH;MULTI;21;15807052800000;FAST_GENETIC;617617065;HEDGE_ACCOUNT_REQUIRED;05_US_Stocks_CFD/GM/08_GRID_UNIFIED/BOTH_MULTI.set;D8BD1E8B38C217B8B85C28281F782B46D49F557D5AF75B358916E180E863E130
05_US_Stocks_CFD;GM;08_GRID_UNIFIED;BOTH;ICHIMOKU;20;344881152000;FAST_GENETIC;655389195;HEDGE_ACCOUNT_REQUIRED;05_US_Stocks_CFD/GM/08_GRID_UNIFIED/BOTH_ICHIMOKU.set;8505521BAB5420F0ADDEA47A7E037B62949F66EBFD143AD68DB80366D441F73F
05_US_Stocks_CFD;GM;09_MARTINGALE;BUY;MULTI;21;18359599104000;FAST_GENETIC;671817621;HIGH_RISK;05_US_Stocks_CFD/GM/09_MARTINGALE/BUY_MULTI.set;F5738D71B45D290F65FE80831C2135FE7183B47DB7B0FE1BCDD3669213E28D0C
05_US_Stocks_CFD;GM;09_MARTINGALE;BUY;ICHIMOKU;20;400573071360;FAST_GENETIC;629961393;HIGH_RISK;05_US_Stocks_CFD/GM/09_MARTINGALE/BUY_ICHIMOKU.set;07D49CF0B85A3FF7E0666BD12A14D888B833AAC0E0CF3AF430BB6AD7823E78FD
05_US_Stocks_CFD;GM;09_MARTINGALE;SELL;MULTI;21;18359599104000;FAST_GENETIC;657535052;HIGH_RISK;05_US_Stocks_CFD/GM/09_MARTINGALE/SELL_MULTI.set;C8F698B404DFAEA070D5ADD5297476B909135359251B5482C1653AA0FC8039B6
05_US_Stocks_CFD;GM;09_MARTINGALE;SELL;ICHIMOKU;20;400573071360;FAST_GENETIC;660123849;HIGH_RISK;05_US_Stocks_CFD/GM/09_MARTINGALE/SELL_ICHIMOKU.set;8B3DB74C104329D027B12A485A6A93F8248161F26CEDE5503E3BD5A916D0D225
05_US_Stocks_CFD;GM;10_DALEMBERT;BUY;MULTI;21;13113999360000;FAST_GENETIC;643721681;HIGH_RISK;05_US_Stocks_CFD/GM/10_DALEMBERT/BUY_MULTI.set;CB29B635655C067F29324742FA3B3EED90DCDD896DCD336996B07F2B1A2433CD
05_US_Stocks_CFD;GM;10_DALEMBERT;BUY;ICHIMOKU;20;286123622400;FAST_GENETIC;674712289;HIGH_RISK;05_US_Stocks_CFD/GM/10_DALEMBERT/BUY_ICHIMOKU.set;4CAC0208E0DAE11C8202D6031834EC4817AE6A8F2DC3B6EC5BCD6B2A2D8895E7
05_US_Stocks_CFD;GM;10_DALEMBERT;SELL;MULTI;21;13113999360000;FAST_GENETIC;643428666;HIGH_RISK;05_US_Stocks_CFD/GM/10_DALEMBERT/SELL_MULTI.set;A83F2FDDDF195FD5A43ADF97F9D5703C3F206519B1B6BB20B00A686764573BC3
05_US_Stocks_CFD;GM;10_DALEMBERT;SELL;ICHIMOKU;20;286123622400;FAST_GENETIC;635686291;HIGH_RISK;05_US_Stocks_CFD/GM/10_DALEMBERT/SELL_ICHIMOKU.set;409109D59AAB37F43D9D4CE662582981C26AA701C1603511CB6CB4D20B72DE9E
05_US_Stocks_CFD;GM;11_SIGNAL_ONLY;BUY;MULTI;16;354816000;FAST_GENETIC;685827977;HIGH_RISK_RESEARCH;05_US_Stocks_CFD/GM/11_SIGNAL_ONLY/BUY_MULTI.set;DAD77DF7EBF1546E044DF3B9E3EB61A2A99954A9D369258AE50477B36B2B55B6
05_US_Stocks_CFD;GM;11_SIGNAL_ONLY;BUY;ICHIMOKU;15;7741440;FAST_GENETIC;643511221;HIGH_RISK_RESEARCH;05_US_Stocks_CFD/GM/11_SIGNAL_ONLY/BUY_ICHIMOKU.set;FAE80DF39FEFD8A27C993B74E3BEB89002E8B4933596E6342928555848D64B91
05_US_Stocks_CFD;GM;11_SIGNAL_ONLY;SELL;MULTI;16;354816000;FAST_GENETIC;624823070;HIGH_RISK_RESEARCH;05_US_Stocks_CFD/GM/11_SIGNAL_ONLY/SELL_MULTI.set;4D759898AC58E3FF8334F652634AA7E04DEBD4F3CEF19F42BD4390A99ED1529A
05_US_Stocks_CFD;GM;11_SIGNAL_ONLY;SELL;ICHIMOKU;15;7741440;FAST_GENETIC;683836988;HIGH_RISK_RESEARCH;05_US_Stocks_CFD/GM/11_SIGNAL_ONLY/SELL_ICHIMOKU.set;BE1BB483B838B7931300BC65CE5D4CB6B95CFCCB9C264DF4EF48BA282FD9017A
05_US_Stocks_CFD;GOOGL;01_SLTP;BUY;MULTI;19;655699968000;FAST_GENETIC;656860371;RESEARCH;05_US_Stocks_CFD/GOOGL/01_SLTP/BUY_MULTI.set;3ADE1C4A5DA409641E43FC040A169A30153DC380D7FC421AB25D6482AC9D109C
05_US_Stocks_CFD;GOOGL;01_SLTP;BUY;ICHIMOKU;18;14306181120;FAST_GENETIC;657368434;RESEARCH;05_US_Stocks_CFD/GOOGL/01_SLTP/BUY_ICHIMOKU.set;80C9BEA9E336242AF83740F5900C4F9CD7A5DCDA76C6EDD32681EA4FA8B0F771
05_US_Stocks_CFD;GOOGL;01_SLTP;SELL;MULTI;19;655699968000;FAST_GENETIC;659129685;RESEARCH;05_US_Stocks_CFD/GOOGL/01_SLTP/SELL_MULTI.set;70309F36667E815D3DFADA8D19F1722C8308E564FABFEC0278E1D759F4B6F3EF
05_US_Stocks_CFD;GOOGL;01_SLTP;SELL;ICHIMOKU;18;14306181120;FAST_GENETIC;670655974;RESEARCH;05_US_Stocks_CFD/GOOGL/01_SLTP/SELL_ICHIMOKU.set;CA96FE8F5AFBD998E72FC380407AD6D3B2229A06DD4E1A56BC768E8A052C9B51
05_US_Stocks_CFD;GOOGL;02_SLTP_ORGANIC;BUY;MULTI;19;655699968000;FAST_GENETIC;655589204;RESEARCH;05_US_Stocks_CFD/GOOGL/02_SLTP_ORGANIC/BUY_MULTI.set;CCFF9B44FF5D8B9F3BC9295C38786CF38F09772BEE8141FD1D8B28E65EEEE826
05_US_Stocks_CFD;GOOGL;02_SLTP_ORGANIC;BUY;ICHIMOKU;18;14306181120;FAST_GENETIC;692096495;RESEARCH;05_US_Stocks_CFD/GOOGL/02_SLTP_ORGANIC/BUY_ICHIMOKU.set;B34697DAB11CB4C27C986B6B15FDE7D530749B9315FFE8262CAADD74B3ED22F5
05_US_Stocks_CFD;GOOGL;02_SLTP_ORGANIC;SELL;MULTI;19;655699968000;FAST_GENETIC;661117706;RESEARCH;05_US_Stocks_CFD/GOOGL/02_SLTP_ORGANIC/SELL_MULTI.set;39CCBDB8F22406F8E9105A3B491E95E26A88A8038955A4B765BF578F7B0A1EFF
05_US_Stocks_CFD;GOOGL;02_SLTP_ORGANIC;SELL;ICHIMOKU;18;14306181120;FAST_GENETIC;673645814;RESEARCH;05_US_Stocks_CFD/GOOGL/02_SLTP_ORGANIC/SELL_ICHIMOKU.set;47957D60088FBC6C20EF495AC1D40F18D5D7371326BD66EBE4F4BA5EBB3E7A80
05_US_Stocks_CFD;GOOGL;03_TRAIL_ONLY;BUY;MULTI;20;2086318080000;FAST_GENETIC;636005515;RESEARCH;05_US_Stocks_CFD/GOOGL/03_TRAIL_ONLY/BUY_MULTI.set;89C003CD24C2339E97FD1E9895B7D93724F9B450176B677F7509A9CA6520A3D8
05_US_Stocks_CFD;GOOGL;03_TRAIL_ONLY;BUY;ICHIMOKU;19;45519667200;FAST_GENETIC;645234268;RESEARCH;05_US_Stocks_CFD/GOOGL/03_TRAIL_ONLY/BUY_ICHIMOKU.set;CB681E6F9DD2144C7BFA9E619963142B4977EA6CECD3DD7DAECE67CDFA4891F7
05_US_Stocks_CFD;GOOGL;03_TRAIL_ONLY;SELL;MULTI;20;2086318080000;FAST_GENETIC;697016264;RESEARCH;05_US_Stocks_CFD/GOOGL/03_TRAIL_ONLY/SELL_MULTI.set;A5BDBE3A47CBFC17707F5169D1894F65419A0CA26F45C60C8ED64A3588624D7C
05_US_Stocks_CFD;GOOGL;03_TRAIL_ONLY;SELL;ICHIMOKU;19;45519667200;FAST_GENETIC;642803513;RESEARCH;05_US_Stocks_CFD/GOOGL/03_TRAIL_ONLY/SELL_ICHIMOKU.set;E570C259A909B699CD8E4ED2AD2E11079A3C0A7D994AD34CDF0E484209AB4E32
05_US_Stocks_CFD;GOOGL;04_SLTP_TRAIL;BUY;MULTI;20;9179799552000;FAST_GENETIC;612725277;RESEARCH;05_US_Stocks_CFD/GOOGL/04_SLTP_TRAIL/BUY_MULTI.set;291898376280B2D032C0679C516A3789722402DFECC96E7E70B37BD70897DA45
05_US_Stocks_CFD;GOOGL;04_SLTP_TRAIL;BUY;ICHIMOKU;19;200286535680;FAST_GENETIC;662512855;RESEARCH;05_US_Stocks_CFD/GOOGL/04_SLTP_TRAIL/BUY_ICHIMOKU.set;3CEC8220FC5D0038CA954F27A4C86810410115FA27C8AA9CF2E97BB4118475EC
05_US_Stocks_CFD;GOOGL;04_SLTP_TRAIL;SELL;MULTI;20;9179799552000;FAST_GENETIC;636365360;RESEARCH;05_US_Stocks_CFD/GOOGL/04_SLTP_TRAIL/SELL_MULTI.set;BA902CE22F42AFEEEAF88A5BE4FD921EF6DAA29CFE4C059C5EF34C3257E86BCC
05_US_Stocks_CFD;GOOGL;04_SLTP_TRAIL;SELL;ICHIMOKU;19;200286535680;FAST_GENETIC;652805483;RESEARCH;05_US_Stocks_CFD/GOOGL/04_SLTP_TRAIL/SELL_ICHIMOKU.set;9E707E50E46E65DF648BBF296D55192A4F3FF98846712D072BBF4DA7B97DE183
05_US_Stocks_CFD;GOOGL;05_BE_TRAIL;BUY;MULTI;19;1043159040000;FAST_GENETIC;636354512;RESEARCH;05_US_Stocks_CFD/GOOGL/05_BE_TRAIL/BUY_MULTI.set;2BBED42D8D7046C7BDD5E42C3FB48CE0207A5B05263A2BEAFE3B28815937E54E
05_US_Stocks_CFD;GOOGL;05_BE_TRAIL;BUY;ICHIMOKU;18;22759833600;FAST_GENETIC;649511492;RESEARCH;05_US_Stocks_CFD/GOOGL/05_BE_TRAIL/BUY_ICHIMOKU.set;D87F2724952732EEF97D8622A84475B934F97DE338D95D42BD74FFB112BFBDB4
05_US_Stocks_CFD;GOOGL;05_BE_TRAIL;SELL;MULTI;19;1043159040000;FAST_GENETIC;631063964;RESEARCH;05_US_Stocks_CFD/GOOGL/05_BE_TRAIL/SELL_MULTI.set;619D34BCB3D0B857B6F1069D9AAD76B56B80DD89AFFB6578E920D7CCD0526104
05_US_Stocks_CFD;GOOGL;05_BE_TRAIL;SELL;ICHIMOKU;18;22759833600;FAST_GENETIC;653350969;RESEARCH;05_US_Stocks_CFD/GOOGL/05_BE_TRAIL/SELL_ICHIMOKU.set;CD23B03609F0E5E4D5906E510CA32F52460FDD7487D86DC7B16B9D2DC0457CD1
05_US_Stocks_CFD;GOOGL;06_REVERSAL_EXIT;BUY;MULTI;21;1669054464000;FAST_GENETIC;648981614;RESEARCH;05_US_Stocks_CFD/GOOGL/06_REVERSAL_EXIT/BUY_MULTI.set;A4947833EC307CA58C3DB1EBD32FC966259AD07B6EF595442E016AD46358FBDE
05_US_Stocks_CFD;GOOGL;06_REVERSAL_EXIT;BUY;ICHIMOKU;20;36415733760;FAST_GENETIC;672845586;RESEARCH;05_US_Stocks_CFD/GOOGL/06_REVERSAL_EXIT/BUY_ICHIMOKU.set;A1E319B37D11342EF2E9ACC18E75F1A395D3F746236125BBF23CA8DA32F825F8
05_US_Stocks_CFD;GOOGL;06_REVERSAL_EXIT;SELL;MULTI;21;1669054464000;FAST_GENETIC;652335791;RESEARCH;05_US_Stocks_CFD/GOOGL/06_REVERSAL_EXIT/SELL_MULTI.set;42058A2A627B4CEC665FB43E9B24EB148857F80ECD120B85C05BD119207A4F85
05_US_Stocks_CFD;GOOGL;06_REVERSAL_EXIT;SELL;ICHIMOKU;20;36415733760;FAST_GENETIC;689321198;RESEARCH;05_US_Stocks_CFD/GOOGL/06_REVERSAL_EXIT/SELL_ICHIMOKU.set;579E7299C282E88DEAF242DBEFF15B277142DEF72332271FC78F49867852D9B3
05_US_Stocks_CFD;GOOGL;07_GRID_SEPARATE;BUY;MULTI;20;3161410560000;FAST_GENETIC;637437727;HEDGE_ACCOUNT_REQUIRED;05_US_Stocks_CFD/GOOGL/07_GRID_SEPARATE/BUY_MULTI.set;D60DEC6169E743F4D1C10CE46D40A7EE77DED32DA0629D97C4AD79919ED81E1E
05_US_Stocks_CFD;GOOGL;07_GRID_SEPARATE;BUY;ICHIMOKU;19;68976230400;FAST_GENETIC;612944745;HEDGE_ACCOUNT_REQUIRED;05_US_Stocks_CFD/GOOGL/07_GRID_SEPARATE/BUY_ICHIMOKU.set;9B8BDE5747E335F662A951673EAC7534F49DFFFA74BBAF84D22614B9C2A3CCAB
05_US_Stocks_CFD;GOOGL;07_GRID_SEPARATE;SELL;MULTI;20;3161410560000;FAST_GENETIC;623288409;HEDGE_ACCOUNT_REQUIRED;05_US_Stocks_CFD/GOOGL/07_GRID_SEPARATE/SELL_MULTI.set;7DB637725E2C8F591F7E47C390FA6AF7D02214687359AB341D5EA2682157F7F7
05_US_Stocks_CFD;GOOGL;07_GRID_SEPARATE;SELL;ICHIMOKU;19;68976230400;FAST_GENETIC;685431787;HEDGE_ACCOUNT_REQUIRED;05_US_Stocks_CFD/GOOGL/07_GRID_SEPARATE/SELL_ICHIMOKU.set;DD65C4AAF51594685FEADBCDCCB7B0C1F288F90E721962FD96D55F7F2F3C8E60
05_US_Stocks_CFD;GOOGL;08_GRID_UNIFIED;BOTH;MULTI;21;15807052800000;FAST_GENETIC;610245586;HEDGE_ACCOUNT_REQUIRED;05_US_Stocks_CFD/GOOGL/08_GRID_UNIFIED/BOTH_MULTI.set;87A17CB1CB37C71AB91C1514CE724B22233C1F5850B6EFC3ECD2B4202A664C64
05_US_Stocks_CFD;GOOGL;08_GRID_UNIFIED;BOTH;ICHIMOKU;20;344881152000;FAST_GENETIC;671105307;HEDGE_ACCOUNT_REQUIRED;05_US_Stocks_CFD/GOOGL/08_GRID_UNIFIED/BOTH_ICHIMOKU.set;05F3665260403A32D0D76390D5A7FE139FA09E1FDAE8B11BF5559A9239D51B5E
05_US_Stocks_CFD;GOOGL;09_MARTINGALE;BUY;MULTI;21;18359599104000;FAST_GENETIC;684583471;HIGH_RISK;05_US_Stocks_CFD/GOOGL/09_MARTINGALE/BUY_MULTI.set;10B377015DF2D27556680F36B220B0AFBC12401B3647A930D6EA9133CA8EBB33
05_US_Stocks_CFD;GOOGL;09_MARTINGALE;BUY;ICHIMOKU;20;400573071360;FAST_GENETIC;689271093;HIGH_RISK;05_US_Stocks_CFD/GOOGL/09_MARTINGALE/BUY_ICHIMOKU.set;6EE93BB911E01BB6C7CC48FDB5D4FC26C1EB0B3192232B01F2F9CF391FA10338
05_US_Stocks_CFD;GOOGL;09_MARTINGALE;SELL;MULTI;21;18359599104000;FAST_GENETIC;612686567;HIGH_RISK;05_US_Stocks_CFD/GOOGL/09_MARTINGALE/SELL_MULTI.set;703775FA9ED8009225CDD6A8C2D16116FB85A16C6F1023A2A493B9254A09EBDC
05_US_Stocks_CFD;GOOGL;09_MARTINGALE;SELL;ICHIMOKU;20;400573071360;FAST_GENETIC;676877932;HIGH_RISK;05_US_Stocks_CFD/GOOGL/09_MARTINGALE/SELL_ICHIMOKU.set;D63BEED8BA3FCCFB4DC7A36A37BF5828958FF195DE39A6A38856E09F756D5271
05_US_Stocks_CFD;GOOGL;10_DALEMBERT;BUY;MULTI;21;13113999360000;FAST_GENETIC;665479232;HIGH_RISK;05_US_Stocks_CFD/GOOGL/10_DALEMBERT/BUY_MULTI.set;DB65EBFDD44D9A9FCB252316B166FEADFCE7500954138D010DB16DAF47963DE2
05_US_Stocks_CFD;GOOGL;10_DALEMBERT;BUY;ICHIMOKU;20;286123622400;FAST_GENETIC;626440339;HIGH_RISK;05_US_Stocks_CFD/GOOGL/10_DALEMBERT/BUY_ICHIMOKU.set;9FA2623FD403621C9C1554F43D6461A75491CDCB9AA931AD4C0285E10EA45149
05_US_Stocks_CFD;GOOGL;10_DALEMBERT;SELL;MULTI;21;13113999360000;FAST_GENETIC;626067568;HIGH_RISK;05_US_Stocks_CFD/GOOGL/10_DALEMBERT/SELL_MULTI.set;83E4EE0BC42F0D35F998D0FB868D74E13CF615A626F35C97F824B6070DF86191
05_US_Stocks_CFD;GOOGL;10_DALEMBERT;SELL;ICHIMOKU;20;286123622400;FAST_GENETIC;668829486;HIGH_RISK;05_US_Stocks_CFD/GOOGL/10_DALEMBERT/SELL_ICHIMOKU.set;76727622A7756A4D95435E61787A946914F264444F052717491FE256334FA02D
05_US_Stocks_CFD;GOOGL;11_SIGNAL_ONLY;BUY;MULTI;16;354816000;FAST_GENETIC;639526175;HIGH_RISK_RESEARCH;05_US_Stocks_CFD/GOOGL/11_SIGNAL_ONLY/BUY_MULTI.set;AC8F85C57CF564D4F28E836CC5496CA45D0B71387B9D244A1F7F1261243664AF
05_US_Stocks_CFD;GOOGL;11_SIGNAL_ONLY;BUY;ICHIMOKU;15;7741440;FAST_GENETIC;614926901;HIGH_RISK_RESEARCH;05_US_Stocks_CFD/GOOGL/11_SIGNAL_ONLY/BUY_ICHIMOKU.set;CF2EE6469D7F0F7D750BE392A676B16B0D301AFAA89EBEDE592DC9A16CEA9453
05_US_Stocks_CFD;GOOGL;11_SIGNAL_ONLY;SELL;MULTI;16;354816000;FAST_GENETIC;611310764;HIGH_RISK_RESEARCH;05_US_Stocks_CFD/GOOGL/11_SIGNAL_ONLY/SELL_MULTI.set;BFB2F05DB2C6AEED841477D280FBBFA51B117809572A9A77A55093DC14EA701F
05_US_Stocks_CFD;GOOGL;11_SIGNAL_ONLY;SELL;ICHIMOKU;15;7741440;FAST_GENETIC;626533244;HIGH_RISK_RESEARCH;05_US_Stocks_CFD/GOOGL/11_SIGNAL_ONLY/SELL_ICHIMOKU.set;8C7FBEDC75605269D8CF6B35BCC48CB08D9D95F1EED364FCEEBC80A9DAB92BEE
05_US_Stocks_CFD;GS;01_SLTP;BUY;MULTI;19;655699968000;FAST_GENETIC;687513569;RESEARCH;05_US_Stocks_CFD/GS/01_SLTP/BUY_MULTI.set;7A8EA5E99EB56536F6B6BD3A3B1EE5CDC939F2C1EEDA3BAA1AAE231913C79855
05_US_Stocks_CFD;GS;01_SLTP;BUY;ICHIMOKU;18;14306181120;FAST_GENETIC;674410970;RESEARCH;05_US_Stocks_CFD/GS/01_SLTP/BUY_ICHIMOKU.set;035B8F72EDB9EA9E0590FE5DAC65698BF7DB3BAC155CA67515DF59E9F3C26B1B
05_US_Stocks_CFD;GS;01_SLTP;SELL;MULTI;19;655699968000;FAST_GENETIC;699390600;RESEARCH;05_US_Stocks_CFD/GS/01_SLTP/SELL_MULTI.set;8125EF000F3CC65FB209F2AA383714AD068AE804234B299B370F23D55693E8B9
05_US_Stocks_CFD;GS;01_SLTP;SELL;ICHIMOKU;18;14306181120;FAST_GENETIC;668706091;RESEARCH;05_US_Stocks_CFD/GS/01_SLTP/SELL_ICHIMOKU.set;1DD78DEE69058313FDB566D1F79D0C0FE45529F23A5484935A1684650C04B6F1
05_US_Stocks_CFD;GS;02_SLTP_ORGANIC;BUY;MULTI;19;655699968000;FAST_GENETIC;658105587;RESEARCH;05_US_Stocks_CFD/GS/02_SLTP_ORGANIC/BUY_MULTI.set;D37D4B8505B252416E24DF26D671D650030378332716683D90D50D0A44837433
05_US_Stocks_CFD;GS;02_SLTP_ORGANIC;BUY;ICHIMOKU;18;14306181120;FAST_GENETIC;658639413;RESEARCH;05_US_Stocks_CFD/GS/02_SLTP_ORGANIC/BUY_ICHIMOKU.set;9615ACBEA45875157D62CE599D8C6909311417717D4DDCE286B04E448D35B53D
05_US_Stocks_CFD;GS;02_SLTP_ORGANIC;SELL;MULTI;19;655699968000;FAST_GENETIC;630989280;RESEARCH;05_US_Stocks_CFD/GS/02_SLTP_ORGANIC/SELL_MULTI.set;C11AFA64EDDAFF28A0B21CCEE0D78D7BB82A1890E4F1ECFBF4DA28D2774605FB
05_US_Stocks_CFD;GS;02_SLTP_ORGANIC;SELL;ICHIMOKU;18;14306181120;FAST_GENETIC;687883655;RESEARCH;05_US_Stocks_CFD/GS/02_SLTP_ORGANIC/SELL_ICHIMOKU.set;42EEAE8D72ABDE76EDB5D2C7A28285E76C454939174E75BE3DD227EFFBF9B12A
05_US_Stocks_CFD;GS;03_TRAIL_ONLY;BUY;MULTI;20;2086318080000;FAST_GENETIC;684251061;RESEARCH;05_US_Stocks_CFD/GS/03_TRAIL_ONLY/BUY_MULTI.set;84FFFB5574332F5543CC3A7AF9030A27EEAF817081EFC598318B69B8D103A456
05_US_Stocks_CFD;GS;03_TRAIL_ONLY;BUY;ICHIMOKU;19;45519667200;FAST_GENETIC;666331624;RESEARCH;05_US_Stocks_CFD/GS/03_TRAIL_ONLY/BUY_ICHIMOKU.set;995AF7C621B3BC838AEBAADAB78FD6A4EE0B1CC6560A9EA1C4D342FFB466DE45
05_US_Stocks_CFD;GS;03_TRAIL_ONLY;SELL;MULTI;20;2086318080000;FAST_GENETIC;667101696;RESEARCH;05_US_Stocks_CFD/GS/03_TRAIL_ONLY/SELL_MULTI.set;A8459EFC2377DA57BCB7E2B24EBC82ED8165E26BC7C77CD3405078D1C68DD92B
05_US_Stocks_CFD;GS;03_TRAIL_ONLY;SELL;ICHIMOKU;19;45519667200;FAST_GENETIC;661746108;RESEARCH;05_US_Stocks_CFD/GS/03_TRAIL_ONLY/SELL_ICHIMOKU.set;DF51E67427D26B39B0BD93E59189903A8FF792D6240B2F377A7BC8B7EDB1E43F
05_US_Stocks_CFD;GS;04_SLTP_TRAIL;BUY;MULTI;20;9179799552000;FAST_GENETIC;679713954;RESEARCH;05_US_Stocks_CFD/GS/04_SLTP_TRAIL/BUY_MULTI.set;E195BFC1D6AAD9064FA89FAAD4DD5D9A32FB5257934F31AF8F6C9CC960158229
05_US_Stocks_CFD;GS;04_SLTP_TRAIL;BUY;ICHIMOKU;19;200286535680;FAST_GENETIC;615191445;RESEARCH;05_US_Stocks_CFD/GS/04_SLTP_TRAIL/BUY_ICHIMOKU.set;46EEFDAA0CBBCB5011926B5DCD70E65FF47C9D642DD64B2BD319188DB7D8C28A
05_US_Stocks_CFD;GS;04_SLTP_TRAIL;SELL;MULTI;20;9179799552000;FAST_GENETIC;619669565;RESEARCH;05_US_Stocks_CFD/GS/04_SLTP_TRAIL/SELL_MULTI.set;50C4879FE9115639D3C6FE30E7ED9EE7916E0B73C9D260B5BCC3B58DE2FDFFDC
05_US_Stocks_CFD;GS;04_SLTP_TRAIL;SELL;ICHIMOKU;19;200286535680;FAST_GENETIC;694401081;RESEARCH;05_US_Stocks_CFD/GS/04_SLTP_TRAIL/SELL_ICHIMOKU.set;6A646E3E7B1A0DA75E48876DB6A26198F7AA6A786A2369A773C7EAA071781483
05_US_Stocks_CFD;GS;05_BE_TRAIL;BUY;MULTI;19;1043159040000;FAST_GENETIC;641247477;RESEARCH;05_US_Stocks_CFD/GS/05_BE_TRAIL/BUY_MULTI.set;88208375816C8F55FD3F5B64C5168C4D6FD49F823FC52EA97996FC1903640C14
05_US_Stocks_CFD;GS;05_BE_TRAIL;BUY;ICHIMOKU;18;22759833600;FAST_GENETIC;697433861;RESEARCH;05_US_Stocks_CFD/GS/05_BE_TRAIL/BUY_ICHIMOKU.set;E31981592FA843E71CC6BB4320EB4A6AE02EDE9020C5C10773579636CAF521A9
05_US_Stocks_CFD;GS;05_BE_TRAIL;SELL;MULTI;19;1043159040000;FAST_GENETIC;671793856;RESEARCH;05_US_Stocks_CFD/GS/05_BE_TRAIL/SELL_MULTI.set;1723FFBD5934F0B7B90138712F77DB5D486A7D708799E6EE28CAB15B32CE0660
05_US_Stocks_CFD;GS;05_BE_TRAIL;SELL;ICHIMOKU;18;22759833600;FAST_GENETIC;660702658;RESEARCH;05_US_Stocks_CFD/GS/05_BE_TRAIL/SELL_ICHIMOKU.set;4994ED235529957AE2691830AFDBDAA1F739F6251339C2259D8715F56F471AD7
05_US_Stocks_CFD;GS;06_REVERSAL_EXIT;BUY;MULTI;21;1669054464000;FAST_GENETIC;662298143;RESEARCH;05_US_Stocks_CFD/GS/06_REVERSAL_EXIT/BUY_MULTI.set;7B8AEB031E83C6E1A6A63F3B7CD6D8915DDA2D01DD11B10243077D22BAF914A4
05_US_Stocks_CFD;GS;06_REVERSAL_EXIT;BUY;ICHIMOKU;20;36415733760;FAST_GENETIC;652312483;RESEARCH;05_US_Stocks_CFD/GS/06_REVERSAL_EXIT/BUY_ICHIMOKU.set;0841669F7CB7CE43A49606506DA0916726CAF22F8F76C413D770CA6923F9F9A4
05_US_Stocks_CFD;GS;06_REVERSAL_EXIT;SELL;MULTI;21;1669054464000;FAST_GENETIC;694407752;RESEARCH;05_US_Stocks_CFD/GS/06_REVERSAL_EXIT/SELL_MULTI.set;1272EBF0314AA847BC63E7F2DF93B285F3EC2D1F5533701F6264BB295E0ADA38
05_US_Stocks_CFD;GS;06_REVERSAL_EXIT;SELL;ICHIMOKU;20;36415733760;FAST_GENETIC;617015739;RESEARCH;05_US_Stocks_CFD/GS/06_REVERSAL_EXIT/SELL_ICHIMOKU.set;D250DD8F542DA8E06AAD5ED57431B70084DBD105EE2280C35403092F1A28B2B0
05_US_Stocks_CFD;GS;07_GRID_SEPARATE;BUY;MULTI;20;3161410560000;FAST_GENETIC;614793790;HEDGE_ACCOUNT_REQUIRED;05_US_Stocks_CFD/GS/07_GRID_SEPARATE/BUY_MULTI.set;063954938B8D0F3BF2C5CA90B224E320CB4060578263FBA877B993C04960494D
05_US_Stocks_CFD;GS;07_GRID_SEPARATE;BUY;ICHIMOKU;19;68976230400;FAST_GENETIC;648136926;HEDGE_ACCOUNT_REQUIRED;05_US_Stocks_CFD/GS/07_GRID_SEPARATE/BUY_ICHIMOKU.set;7A483E2C7693A16CBED06B0DC6B364FDE438F38C15DB2D3A28F981F9B0AC0C35
05_US_Stocks_CFD;GS;07_GRID_SEPARATE;SELL;MULTI;20;3161410560000;FAST_GENETIC;614489752;HEDGE_ACCOUNT_REQUIRED;05_US_Stocks_CFD/GS/07_GRID_SEPARATE/SELL_MULTI.set;637EBDBF96847CE40624FC6ADC0D0C8B29B7C9CAFEE7F23B61984570E03E57D0
05_US_Stocks_CFD;GS;07_GRID_SEPARATE;SELL;ICHIMOKU;19;68976230400;FAST_GENETIC;630840556;HEDGE_ACCOUNT_REQUIRED;05_US_Stocks_CFD/GS/07_GRID_SEPARATE/SELL_ICHIMOKU.set;EF0D50850BCA30DE4DBD5168B6B0D55601B72A2DEF55A901892F27AB1BDB8C59
05_US_Stocks_CFD;GS;08_GRID_UNIFIED;BOTH;MULTI;21;15807052800000;FAST_GENETIC;667886305;HEDGE_ACCOUNT_REQUIRED;05_US_Stocks_CFD/GS/08_GRID_UNIFIED/BOTH_MULTI.set;DEC020BAF1ED336F5ED94319F8BBA23C503B64E69CFAB678332BC987F2865818
05_US_Stocks_CFD;GS;08_GRID_UNIFIED;BOTH;ICHIMOKU;20;344881152000;FAST_GENETIC;697605806;HEDGE_ACCOUNT_REQUIRED;05_US_Stocks_CFD/GS/08_GRID_UNIFIED/BOTH_ICHIMOKU.set;C12BE13E4BC35519A3FCF72CF231804EE1D618504D69050049017C2DD378881D
05_US_Stocks_CFD;GS;09_MARTINGALE;BUY;MULTI;21;18359599104000;FAST_GENETIC;640364230;HIGH_RISK;05_US_Stocks_CFD/GS/09_MARTINGALE/BUY_MULTI.set;A0713BF398DDD34DAA75B4BA792D501929AED42FDE052000D202A00BC50834A5
05_US_Stocks_CFD;GS;09_MARTINGALE;BUY;ICHIMOKU;20;400573071360;FAST_GENETIC;647581935;HIGH_RISK;05_US_Stocks_CFD/GS/09_MARTINGALE/BUY_ICHIMOKU.set;F7F656C156B9BD59A1761466A397EBAFFE28EE4070F6E5F7E60CB2B26F082093
05_US_Stocks_CFD;GS;09_MARTINGALE;SELL;MULTI;21;18359599104000;FAST_GENETIC;617861613;HIGH_RISK;05_US_Stocks_CFD/GS/09_MARTINGALE/SELL_MULTI.set;F88790ECEB489D299F83767332CA1634E4637B2CA0046998E2175C11955B6F10
05_US_Stocks_CFD;GS;09_MARTINGALE;SELL;ICHIMOKU;20;400573071360;FAST_GENETIC;672776750;HIGH_RISK;05_US_Stocks_CFD/GS/09_MARTINGALE/SELL_ICHIMOKU.set;8703EF3C3DC7DF8C734C7003019189D38025999507CFD62E6A7DE6C0D266544C
05_US_Stocks_CFD;GS;10_DALEMBERT;BUY;MULTI;21;13113999360000;FAST_GENETIC;689360914;HIGH_RISK;05_US_Stocks_CFD/GS/10_DALEMBERT/BUY_MULTI.set;798CE898A964A38AA778388E8ACF3C85E3FE2CDB1E68960FC75593C920FB6F05
05_US_Stocks_CFD;GS;10_DALEMBERT;BUY;ICHIMOKU;20;286123622400;FAST_GENETIC;633013674;HIGH_RISK;05_US_Stocks_CFD/GS/10_DALEMBERT/BUY_ICHIMOKU.set;4F9DF9E8ADDD79B1CF9EAFB7335917EF3A04FC6D5CA8737E2C5DF020E6FA52EA
05_US_Stocks_CFD;GS;10_DALEMBERT;SELL;MULTI;21;13113999360000;FAST_GENETIC;634993277;HIGH_RISK;05_US_Stocks_CFD/GS/10_DALEMBERT/SELL_MULTI.set;B532827AF563F8C30C48C5524238833356E6DD4DD90C6CDAEB261D27B5F800F1
05_US_Stocks_CFD;GS;10_DALEMBERT;SELL;ICHIMOKU;20;286123622400;FAST_GENETIC;672115076;HIGH_RISK;05_US_Stocks_CFD/GS/10_DALEMBERT/SELL_ICHIMOKU.set;D861C5DA4F6B6C55C8D166E679235D93CE1F89622C6ABF59945DD2FE6F1ED524
05_US_Stocks_CFD;GS;11_SIGNAL_ONLY;BUY;MULTI;16;354816000;FAST_GENETIC;655775751;HIGH_RISK_RESEARCH;05_US_Stocks_CFD/GS/11_SIGNAL_ONLY/BUY_MULTI.set;B261333304198FE41E8ED5B8E0344CA977FBA13D52B03199AAB56637BDC3E7B2
05_US_Stocks_CFD;GS;11_SIGNAL_ONLY;BUY;ICHIMOKU;15;7741440;FAST_GENETIC;618152418;HIGH_RISK_RESEARCH;05_US_Stocks_CFD/GS/11_SIGNAL_ONLY/BUY_ICHIMOKU.set;BBE91EA67949AD34D04A8EA43039572E2212BF060CD7471E78F6838F83D33B56
05_US_Stocks_CFD;GS;11_SIGNAL_ONLY;SELL;MULTI;16;354816000;FAST_GENETIC;659582856;HIGH_RISK_RESEARCH;05_US_Stocks_CFD/GS/11_SIGNAL_ONLY/SELL_MULTI.set;7849AAE6B4C2604B828BA91E76817004409425B3781A36E258C73B9E9B99C716
05_US_Stocks_CFD;GS;11_SIGNAL_ONLY;SELL;ICHIMOKU;15;7741440;FAST_GENETIC;638403770;HIGH_RISK_RESEARCH;05_US_Stocks_CFD/GS/11_SIGNAL_ONLY/SELL_ICHIMOKU.set;18137612937780191B0A9F4CC185D96FF4733505F7984BC108C3570A0B6161A0
05_US_Stocks_CFD;HPE;01_SLTP;BUY;MULTI;19;655699968000;FAST_GENETIC;666048413;RESEARCH;05_US_Stocks_CFD/HPE/01_SLTP/BUY_MULTI.set;2968AD7882B4F517542CDCD7FCBCFA10C4541274B587B96861CC707E98717663
05_US_Stocks_CFD;HPE;01_SLTP;BUY;ICHIMOKU;18;14306181120;FAST_GENETIC;632251920;RESEARCH;05_US_Stocks_CFD/HPE/01_SLTP/BUY_ICHIMOKU.set;5DD4F3F611D3ACA19D1E9184089F7D3F13AFBE239E093746F51CF7CD7B7567C8
05_US_Stocks_CFD;HPE;01_SLTP;SELL;MULTI;19;655699968000;FAST_GENETIC;666515281;RESEARCH;05_US_Stocks_CFD/HPE/01_SLTP/SELL_MULTI.set;1A5B37F947E8D67A6B68E1B30A1189303BEF8998966EF8687085F1FB9097FE93
05_US_Stocks_CFD;HPE;01_SLTP;SELL;ICHIMOKU;18;14306181120;FAST_GENETIC;692735094;RESEARCH;05_US_Stocks_CFD/HPE/01_SLTP/SELL_ICHIMOKU.set;664323C2CDBFC19691D35442C719849D22E5D28FB8587E0FAE3DCF30092E6719
05_US_Stocks_CFD;HPE;02_SLTP_ORGANIC;BUY;MULTI;19;655699968000;FAST_GENETIC;692391065;RESEARCH;05_US_Stocks_CFD/HPE/02_SLTP_ORGANIC/BUY_MULTI.set;62061E88D2F0336D791418A747F95DC8781E1177499282FDD012D4E7E8A7C197
05_US_Stocks_CFD;HPE;02_SLTP_ORGANIC;BUY;ICHIMOKU;18;14306181120;FAST_GENETIC;687325082;RESEARCH;05_US_Stocks_CFD/HPE/02_SLTP_ORGANIC/BUY_ICHIMOKU.set;B503472C8B5BF22277A731F499B7A0A2775928DD17856C4C89F2FD96A7FE9983
05_US_Stocks_CFD;HPE;02_SLTP_ORGANIC;SELL;MULTI;19;655699968000;FAST_GENETIC;636392616;RESEARCH;05_US_Stocks_CFD/HPE/02_SLTP_ORGANIC/SELL_MULTI.set;93A486769922728E52FBD1644256FFEA1D406E1A5623BCE11FDF1EE466BB76FD
05_US_Stocks_CFD;HPE;02_SLTP_ORGANIC;SELL;ICHIMOKU;18;14306181120;FAST_GENETIC;650730923;RESEARCH;05_US_Stocks_CFD/HPE/02_SLTP_ORGANIC/SELL_ICHIMOKU.set;985D63FADEF3EE2B4E32D37E15039AF1A6AD78D52F07363558FAE5C85CD7A60A
05_US_Stocks_CFD;HPE;03_TRAIL_ONLY;BUY;MULTI;20;2086318080000;FAST_GENETIC;646518551;RESEARCH;05_US_Stocks_CFD/HPE/03_TRAIL_ONLY/BUY_MULTI.set;67F24172763AD3BA2E6E07BEB888761793A6EE316D854FAC6385C0D13FC3C785
05_US_Stocks_CFD;HPE;03_TRAIL_ONLY;BUY;ICHIMOKU;19;45519667200;FAST_GENETIC;666696982;RESEARCH;05_US_Stocks_CFD/HPE/03_TRAIL_ONLY/BUY_ICHIMOKU.set;7A4776F129DFF30D82549E2D37C18F3FDA30D6C5C3E92E8EB72DB957B9EBB505
05_US_Stocks_CFD;HPE;03_TRAIL_ONLY;SELL;MULTI;20;2086318080000;FAST_GENETIC;611447178;RESEARCH;05_US_Stocks_CFD/HPE/03_TRAIL_ONLY/SELL_MULTI.set;DDB1AF4C8C5296EC7982FD0E4E0882C88CBFE7ADF5CA57BE27FA327E7789CDCD
05_US_Stocks_CFD;HPE;03_TRAIL_ONLY;SELL;ICHIMOKU;19;45519667200;FAST_GENETIC;640936706;RESEARCH;05_US_Stocks_CFD/HPE/03_TRAIL_ONLY/SELL_ICHIMOKU.set;B36F99562F3269933C6BE7CC77316E0958172146699DDB88139584B5AAD394D9
05_US_Stocks_CFD;HPE;04_SLTP_TRAIL;BUY;MULTI;20;9179799552000;FAST_GENETIC;628980713;RESEARCH;05_US_Stocks_CFD/HPE/04_SLTP_TRAIL/BUY_MULTI.set;83DBEB6494CA8D0D2485B461D93998E2C0892B07F40A9C4ACFC690D23036E4F1
05_US_Stocks_CFD;HPE;04_SLTP_TRAIL;BUY;ICHIMOKU;19;200286535680;FAST_GENETIC;699689053;RESEARCH;05_US_Stocks_CFD/HPE/04_SLTP_TRAIL/BUY_ICHIMOKU.set;9E556B7C02EEB862FA4E51FA571EF5A615866458B63E11D7748318D9194959C8
05_US_Stocks_CFD;HPE;04_SLTP_TRAIL;SELL;MULTI;20;9179799552000;FAST_GENETIC;635364208;RESEARCH;05_US_Stocks_CFD/HPE/04_SLTP_TRAIL/SELL_MULTI.set;36B3FE14BE4804118F66051F41DB8C96FDB6A4CD8FA186E2BC9656B981FDCEDA
05_US_Stocks_CFD;HPE;04_SLTP_TRAIL;SELL;ICHIMOKU;19;200286535680;FAST_GENETIC;631192051;RESEARCH;05_US_Stocks_CFD/HPE/04_SLTP_TRAIL/SELL_ICHIMOKU.set;7AAB5C9D62A165281DE24A1B2D5EE5BA4BA8016AFFEF469B8139CA66C8705981
05_US_Stocks_CFD;HPE;05_BE_TRAIL;BUY;MULTI;19;1043159040000;FAST_GENETIC;622298880;RESEARCH;05_US_Stocks_CFD/HPE/05_BE_TRAIL/BUY_MULTI.set;1331FB157409D6D1BF24C3CD23916F6ADFF72140209E12EB0AF9138DD12188EA
05_US_Stocks_CFD;HPE;05_BE_TRAIL;BUY;ICHIMOKU;18;22759833600;FAST_GENETIC;652557028;RESEARCH;05_US_Stocks_CFD/HPE/05_BE_TRAIL/BUY_ICHIMOKU.set;72E7141462F833FAC58D22E1DA4FE8BF2CEAD12ED6ADB44EA4269C634E216F08
05_US_Stocks_CFD;HPE;05_BE_TRAIL;SELL;MULTI;19;1043159040000;FAST_GENETIC;665064522;RESEARCH;05_US_Stocks_CFD/HPE/05_BE_TRAIL/SELL_MULTI.set;45C531750214E8C66AE70B748F63A402F8C14D8E326E821384EBD7E0A5E72D3D
05_US_Stocks_CFD;HPE;05_BE_TRAIL;SELL;ICHIMOKU;18;22759833600;FAST_GENETIC;690000609;RESEARCH;05_US_Stocks_CFD/HPE/05_BE_TRAIL/SELL_ICHIMOKU.set;1CCAC8B417CA33A03E2422728CCDEFDC9742AC1FBE7C97A12143B3D700C5E7FA
05_US_Stocks_CFD;HPE;06_REVERSAL_EXIT;BUY;MULTI;21;1669054464000;FAST_GENETIC;682405053;RESEARCH;05_US_Stocks_CFD/HPE/06_REVERSAL_EXIT/BUY_MULTI.set;D3CE274455869905FBD2EEFF7D943E4D51A6970AD25928A0E5DE76996E85A639
05_US_Stocks_CFD;HPE;06_REVERSAL_EXIT;BUY;ICHIMOKU;20;36415733760;FAST_GENETIC;625294371;RESEARCH;05_US_Stocks_CFD/HPE/06_REVERSAL_EXIT/BUY_ICHIMOKU.set;C9A2119DB9045D9BABF46EE3AD833098AE6AC2F75BDEC0C2FFE9102332742262
05_US_Stocks_CFD;HPE;06_REVERSAL_EXIT;SELL;MULTI;21;1669054464000;FAST_GENETIC;687157907;RESEARCH;05_US_Stocks_CFD/HPE/06_REVERSAL_EXIT/SELL_MULTI.set;87E5A67CE6F152E445039E0498B3BEF7434EB518B92787599898A45524D967EA
05_US_Stocks_CFD;HPE;06_REVERSAL_EXIT;SELL;ICHIMOKU;20;36415733760;FAST_GENETIC;656951206;RESEARCH;05_US_Stocks_CFD/HPE/06_REVERSAL_EXIT/SELL_ICHIMOKU.set;5FCAB5C9FD574EB2CACE41C030FDDFAD214FAB2A368A1CEFBD7F2A941B4F6C7E
05_US_Stocks_CFD;HPE;07_GRID_SEPARATE;BUY;MULTI;20;3161410560000;FAST_GENETIC;660407545;HEDGE_ACCOUNT_REQUIRED;05_US_Stocks_CFD/HPE/07_GRID_SEPARATE/BUY_MULTI.set;3852F28B2EA219328A7439E95FB0607D0EFB569A1FE00CD57AFB9E687C156833
05_US_Stocks_CFD;HPE;07_GRID_SEPARATE;BUY;ICHIMOKU;19;68976230400;FAST_GENETIC;640735935;HEDGE_ACCOUNT_REQUIRED;05_US_Stocks_CFD/HPE/07_GRID_SEPARATE/BUY_ICHIMOKU.set;B75FD9D6E5F31E35856171EF98081F502DDA51038986D0EC6645A8AC827C1515
05_US_Stocks_CFD;HPE;07_GRID_SEPARATE;SELL;MULTI;20;3161410560000;FAST_GENETIC;642867215;HEDGE_ACCOUNT_REQUIRED;05_US_Stocks_CFD/HPE/07_GRID_SEPARATE/SELL_MULTI.set;5225305A43EF37231E27989FEF07BA370363B40A84383D0E9B135B7EB37DA741
05_US_Stocks_CFD;HPE;07_GRID_SEPARATE;SELL;ICHIMOKU;19;68976230400;FAST_GENETIC;688454849;HEDGE_ACCOUNT_REQUIRED;05_US_Stocks_CFD/HPE/07_GRID_SEPARATE/SELL_ICHIMOKU.set;FD858E3F82D9946B60E43B2B0C7C2147E1C77E756F801C2C35FCD3B1591A3C06
05_US_Stocks_CFD;HPE;08_GRID_UNIFIED;BOTH;MULTI;21;15807052800000;FAST_GENETIC;633653448;HEDGE_ACCOUNT_REQUIRED;05_US_Stocks_CFD/HPE/08_GRID_UNIFIED/BOTH_MULTI.set;8632FB11EB7498B8A78FACA8BB8B1AAD78E5E3111EAD1F82AD7D960DA369112C
05_US_Stocks_CFD;HPE;08_GRID_UNIFIED;BOTH;ICHIMOKU;20;344881152000;FAST_GENETIC;654788573;HEDGE_ACCOUNT_REQUIRED;05_US_Stocks_CFD/HPE/08_GRID_UNIFIED/BOTH_ICHIMOKU.set;E2FCC2248F2FF0FF9914C3CC0267674591FAD6D9E246DA22F95C601923BCD34E
05_US_Stocks_CFD;HPE;09_MARTINGALE;BUY;MULTI;21;18359599104000;FAST_GENETIC;674647530;HIGH_RISK;05_US_Stocks_CFD/HPE/09_MARTINGALE/BUY_MULTI.set;33C6BA8EE0476A2C17E306282A7276D2A4BA593307FEB71E23EC73ADBE1500D8
05_US_Stocks_CFD;HPE;09_MARTINGALE;BUY;ICHIMOKU;20;400573071360;FAST_GENETIC;620217473;HIGH_RISK;05_US_Stocks_CFD/HPE/09_MARTINGALE/BUY_ICHIMOKU.set;6BB99FB8DF2BB98DF5882E1B70AB985EB288BA059F9578ED557798F79DDE08F1
05_US_Stocks_CFD;HPE;09_MARTINGALE;SELL;MULTI;21;18359599104000;FAST_GENETIC;629183917;HIGH_RISK;05_US_Stocks_CFD/HPE/09_MARTINGALE/SELL_MULTI.set;14EBEBF1099900556EB933407A93E19CF9793ABD648216789DB93B442D2533EC
05_US_Stocks_CFD;HPE;09_MARTINGALE;SELL;ICHIMOKU;20;400573071360;FAST_GENETIC;692641201;HIGH_RISK;05_US_Stocks_CFD/HPE/09_MARTINGALE/SELL_ICHIMOKU.set;28538DC4A9CF065BB829B2CA8E1481F19C0272104A43AC63A2402ECD96B6C895
05_US_Stocks_CFD;HPE;10_DALEMBERT;BUY;MULTI;21;13113999360000;FAST_GENETIC;672625929;HIGH_RISK;05_US_Stocks_CFD/HPE/10_DALEMBERT/BUY_MULTI.set;784CCEB2D2C60DBFABF1744299987AC20145F9D25B7A35F02E885C48DA2E012D
05_US_Stocks_CFD;HPE;10_DALEMBERT;BUY;ICHIMOKU;20;286123622400;FAST_GENETIC;696553001;HIGH_RISK;05_US_Stocks_CFD/HPE/10_DALEMBERT/BUY_ICHIMOKU.set;1ED34852C38D05DBB7E778CB742105928D3569553F2C344A760587E5E0974333
05_US_Stocks_CFD;HPE;10_DALEMBERT;SELL;MULTI;21;13113999360000;FAST_GENETIC;680090143;HIGH_RISK;05_US_Stocks_CFD/HPE/10_DALEMBERT/SELL_MULTI.set;005F83866CB71C2B265585A8D1F93B1939CEA141E657065A5F04960E69BB6A5F
05_US_Stocks_CFD;HPE;10_DALEMBERT;SELL;ICHIMOKU;20;286123622400;FAST_GENETIC;642099327;HIGH_RISK;05_US_Stocks_CFD/HPE/10_DALEMBERT/SELL_ICHIMOKU.set;ED602DDD0889375E4E1902B54D23B0A5A0D27CF0035056D66CB7897B0E691530
05_US_Stocks_CFD;HPE;11_SIGNAL_ONLY;BUY;MULTI;16;354816000;FAST_GENETIC;677950389;HIGH_RISK_RESEARCH;05_US_Stocks_CFD/HPE/11_SIGNAL_ONLY/BUY_MULTI.set;FDD7C290C99A9BB079335D9FA4E89284906A2E694216901BE5A587975665FCE4
05_US_Stocks_CFD;HPE;11_SIGNAL_ONLY;BUY;ICHIMOKU;15;7741440;FAST_GENETIC;646893592;HIGH_RISK_RESEARCH;05_US_Stocks_CFD/HPE/11_SIGNAL_ONLY/BUY_ICHIMOKU.set;F3C93B85E44051B247124812F2ED264D425B34CD5B15AD232D38FE84A0B7A83A
05_US_Stocks_CFD;HPE;11_SIGNAL_ONLY;SELL;MULTI;16;354816000;FAST_GENETIC;687046335;HIGH_RISK_RESEARCH;05_US_Stocks_CFD/HPE/11_SIGNAL_ONLY/SELL_MULTI.set;365D193AF46D9F6ACEA19402185FD8BEB283D1F69A90A38E3AAC4990989786F2
05_US_Stocks_CFD;HPE;11_SIGNAL_ONLY;SELL;ICHIMOKU;15;7741440;FAST_GENETIC;676847094;HIGH_RISK_RESEARCH;05_US_Stocks_CFD/HPE/11_SIGNAL_ONLY/SELL_ICHIMOKU.set;9B7DDD0F169FEB0117F427109A99740959B6B4AC7AD312B3E3961DEBD932112E
05_US_Stocks_CFD;IBM;01_SLTP;BUY;MULTI;19;655699968000;FAST_GENETIC;653686983;RESEARCH;05_US_Stocks_CFD/IBM/01_SLTP/BUY_MULTI.set;509C187BE089B542D72D142EDEEC525736733C9FF333B392C9BAE847D09EDD1C
05_US_Stocks_CFD;IBM;01_SLTP;BUY;ICHIMOKU;18;14306181120;FAST_GENETIC;671076101;RESEARCH;05_US_Stocks_CFD/IBM/01_SLTP/BUY_ICHIMOKU.set;1F883329CE1534DDD1E58643C26CE3449529F14D28E9FBFAF63D5910EBEC3628
05_US_Stocks_CFD;IBM;01_SLTP;SELL;MULTI;19;655699968000;FAST_GENETIC;617830940;RESEARCH;05_US_Stocks_CFD/IBM/01_SLTP/SELL_MULTI.set;4A1EAD0183024A5CDFE13BD18588462377BB14D089AAAAE6C8C06D19B810D05E
05_US_Stocks_CFD;IBM;01_SLTP;SELL;ICHIMOKU;18;14306181120;FAST_GENETIC;681150255;RESEARCH;05_US_Stocks_CFD/IBM/01_SLTP/SELL_ICHIMOKU.set;5C539F4EB12A1E235B8117B175BC0975BE1492E28BAFFBA48920C2903F51AFE9
05_US_Stocks_CFD;IBM;02_SLTP_ORGANIC;BUY;MULTI;19;655699968000;FAST_GENETIC;681791228;RESEARCH;05_US_Stocks_CFD/IBM/02_SLTP_ORGANIC/BUY_MULTI.set;F4EA3A175E7201E829091157C7220BCD654D92922F016427555DDDDBD8997549
05_US_Stocks_CFD;IBM;02_SLTP_ORGANIC;BUY;ICHIMOKU;18;14306181120;FAST_GENETIC;674859494;RESEARCH;05_US_Stocks_CFD/IBM/02_SLTP_ORGANIC/BUY_ICHIMOKU.set;79DC67C752F01422C6CD58734AFE1AB1695FAA38D175F52D7A4160B48755CB8F
05_US_Stocks_CFD;IBM;02_SLTP_ORGANIC;SELL;MULTI;19;655699968000;FAST_GENETIC;685536680;RESEARCH;05_US_Stocks_CFD/IBM/02_SLTP_ORGANIC/SELL_MULTI.set;9977BC6CC9F9A86BB3F133D6F3C93A380FC26EAAB305DB3B9257D780841C70C1
05_US_Stocks_CFD;IBM;02_SLTP_ORGANIC;SELL;ICHIMOKU;18;14306181120;FAST_GENETIC;696761325;RESEARCH;05_US_Stocks_CFD/IBM/02_SLTP_ORGANIC/SELL_ICHIMOKU.set;C7907ED1C4E3E99AA69CE258EB440D35E7B20D6DA7F654CB029E410F626BEAC5
05_US_Stocks_CFD;IBM;03_TRAIL_ONLY;BUY;MULTI;20;2086318080000;FAST_GENETIC;628403978;RESEARCH;05_US_Stocks_CFD/IBM/03_TRAIL_ONLY/BUY_MULTI.set;0AB2F6A692F4E454187EBA396F32B5D09D914367171B4163CDC6277AE2C7A165
05_US_Stocks_CFD;IBM;03_TRAIL_ONLY;BUY;ICHIMOKU;19;45519667200;FAST_GENETIC;684446814;RESEARCH;05_US_Stocks_CFD/IBM/03_TRAIL_ONLY/BUY_ICHIMOKU.set;0DB2C4BC4AC35236B9919AD288E1432903FBF19A03116CF54D09707ADEB78E2F
05_US_Stocks_CFD;IBM;03_TRAIL_ONLY;SELL;MULTI;20;2086318080000;FAST_GENETIC;620884899;RESEARCH;05_US_Stocks_CFD/IBM/03_TRAIL_ONLY/SELL_MULTI.set;EF1BD9EF5A8AC9BBE99D75812BA5D89CCBC14C131ED782B3A99A794CD926B850
05_US_Stocks_CFD;IBM;03_TRAIL_ONLY;SELL;ICHIMOKU;19;45519667200;FAST_GENETIC;638010557;RESEARCH;05_US_Stocks_CFD/IBM/03_TRAIL_ONLY/SELL_ICHIMOKU.set;CBCE8D8CFE4F8FC5AB06635976A047119B069C0000C4A4817860499F56CC1398
05_US_Stocks_CFD;IBM;04_SLTP_TRAIL;BUY;MULTI;20;9179799552000;FAST_GENETIC;653434765;RESEARCH;05_US_Stocks_CFD/IBM/04_SLTP_TRAIL/BUY_MULTI.set;5EFDEE8057AB32D1750715BD5BDC254BC9AB06E6A683092B21B51E9190D2F0B7
05_US_Stocks_CFD;IBM;04_SLTP_TRAIL;BUY;ICHIMOKU;19;200286535680;FAST_GENETIC;677694423;RESEARCH;05_US_Stocks_CFD/IBM/04_SLTP_TRAIL/BUY_ICHIMOKU.set;AD58E480DE126C53239C9EF4ED2BE60E1A62E2D562335F8D9F3FC6BB9DA3B4C6
05_US_Stocks_CFD;IBM;04_SLTP_TRAIL;SELL;MULTI;20;9179799552000;FAST_GENETIC;620791765;RESEARCH;05_US_Stocks_CFD/IBM/04_SLTP_TRAIL/SELL_MULTI.set;EAA1D083F18CADF26FB637B3F6B3D4EE4B9F1B074754146DD304F1E0F18442C0
05_US_Stocks_CFD;IBM;04_SLTP_TRAIL;SELL;ICHIMOKU;19;200286535680;FAST_GENETIC;694708877;RESEARCH;05_US_Stocks_CFD/IBM/04_SLTP_TRAIL/SELL_ICHIMOKU.set;73D4DC205CC256149A217A256E7593FC740120FCD5DAE0CA69B999A32A8A0E43
05_US_Stocks_CFD;IBM;05_BE_TRAIL;BUY;MULTI;19;1043159040000;FAST_GENETIC;642796673;RESEARCH;05_US_Stocks_CFD/IBM/05_BE_TRAIL/BUY_MULTI.set;F5B1B1FC977AEE0079DB5E815ABFE9FE8D7DF78D4EAE14D536B3EB08074C211B
05_US_Stocks_CFD;IBM;05_BE_TRAIL;BUY;ICHIMOKU;18;22759833600;FAST_GENETIC;640837631;RESEARCH;05_US_Stocks_CFD/IBM/05_BE_TRAIL/BUY_ICHIMOKU.set;9EB540029E7F1B05D903CA42053EFFF8D00829083D1773939CD30DDC363E96A0
05_US_Stocks_CFD;IBM;05_BE_TRAIL;SELL;MULTI;19;1043159040000;FAST_GENETIC;634250345;RESEARCH;05_US_Stocks_CFD/IBM/05_BE_TRAIL/SELL_MULTI.set;D08978E903D58A0C7F3C38F0A9BEBAA9A069B7C655E82AF25D513320EE5FAB2D
05_US_Stocks_CFD;IBM;05_BE_TRAIL;SELL;ICHIMOKU;18;22759833600;FAST_GENETIC;690610823;RESEARCH;05_US_Stocks_CFD/IBM/05_BE_TRAIL/SELL_ICHIMOKU.set;B2416D0B16B877DA7506C609D43830DE747E9FE4C924B25ACF4EE532348A0872
05_US_Stocks_CFD;IBM;06_REVERSAL_EXIT;BUY;MULTI;21;1669054464000;FAST_GENETIC;661994248;RESEARCH;05_US_Stocks_CFD/IBM/06_REVERSAL_EXIT/BUY_MULTI.set;884A29608F9B3CECC190B627A984D293EE49C56745F947F39AA5FC491D3AFFC1
05_US_Stocks_CFD;IBM;06_REVERSAL_EXIT;BUY;ICHIMOKU;20;36415733760;FAST_GENETIC;646111806;RESEARCH;05_US_Stocks_CFD/IBM/06_REVERSAL_EXIT/BUY_ICHIMOKU.set;D30FDD1EAFEC43D3C888754954A30E59C1CA8BB5D5B5CA5FEB79F5FD31894D33
05_US_Stocks_CFD;IBM;06_REVERSAL_EXIT;SELL;MULTI;21;1669054464000;FAST_GENETIC;651535818;RESEARCH;05_US_Stocks_CFD/IBM/06_REVERSAL_EXIT/SELL_MULTI.set;66D2371F6A2916998FBB84CCCD42C53ACA552F816D1EB5F3BA02C3926BD6E9BC
05_US_Stocks_CFD;IBM;06_REVERSAL_EXIT;SELL;ICHIMOKU;20;36415733760;FAST_GENETIC;628460940;RESEARCH;05_US_Stocks_CFD/IBM/06_REVERSAL_EXIT/SELL_ICHIMOKU.set;C28B3B135241636C6B8462B6029CDADDC7D684B175FCA0254790319C82D3B495
05_US_Stocks_CFD;IBM;07_GRID_SEPARATE;BUY;MULTI;20;3161410560000;FAST_GENETIC;637047154;HEDGE_ACCOUNT_REQUIRED;05_US_Stocks_CFD/IBM/07_GRID_SEPARATE/BUY_MULTI.set;55FEDD33A6B238F3C1FD9F17A0BF7780995D7FD110FFFAAA7251E41CC3846E2A
05_US_Stocks_CFD;IBM;07_GRID_SEPARATE;BUY;ICHIMOKU;19;68976230400;FAST_GENETIC;684939335;HEDGE_ACCOUNT_REQUIRED;05_US_Stocks_CFD/IBM/07_GRID_SEPARATE/BUY_ICHIMOKU.set;841B6D0705C33B753DF9CA044B1435EE8FAFD9D0A020A23453D5C3D8928ED858
05_US_Stocks_CFD;IBM;07_GRID_SEPARATE;SELL;MULTI;20;3161410560000;FAST_GENETIC;697865052;HEDGE_ACCOUNT_REQUIRED;05_US_Stocks_CFD/IBM/07_GRID_SEPARATE/SELL_MULTI.set;BFE21768BF06319D6BBF46E6B1948253232121AF46318140AC2309D239058BF6
05_US_Stocks_CFD;IBM;07_GRID_SEPARATE;SELL;ICHIMOKU;19;68976230400;FAST_GENETIC;650493643;HEDGE_ACCOUNT_REQUIRED;05_US_Stocks_CFD/IBM/07_GRID_SEPARATE/SELL_ICHIMOKU.set;9D22CEF36B765A29DAEE5CC0699C05715D45816ACD9858CA9AD9D67522282B52
05_US_Stocks_CFD;IBM;08_GRID_UNIFIED;BOTH;MULTI;21;15807052800000;FAST_GENETIC;623955157;HEDGE_ACCOUNT_REQUIRED;05_US_Stocks_CFD/IBM/08_GRID_UNIFIED/BOTH_MULTI.set;B319246E9DD2015E5507E1747B8114359FDCE26FC1856D91060307FAF862450A
05_US_Stocks_CFD;IBM;08_GRID_UNIFIED;BOTH;ICHIMOKU;20;344881152000;FAST_GENETIC;611302304;HEDGE_ACCOUNT_REQUIRED;05_US_Stocks_CFD/IBM/08_GRID_UNIFIED/BOTH_ICHIMOKU.set;E620B24C69F6994FDFE37356FCC46F205DD23724FA84B2D78776AD004EDFDFC6
05_US_Stocks_CFD;IBM;09_MARTINGALE;BUY;MULTI;21;18359599104000;FAST_GENETIC;633807350;HIGH_RISK;05_US_Stocks_CFD/IBM/09_MARTINGALE/BUY_MULTI.set;34C486F442FA45417DD570D11F766AECC40131D71373E680E1D1646A68E236C5
05_US_Stocks_CFD;IBM;09_MARTINGALE;BUY;ICHIMOKU;20;400573071360;FAST_GENETIC;629639665;HIGH_RISK;05_US_Stocks_CFD/IBM/09_MARTINGALE/BUY_ICHIMOKU.set;396D6C567C1647112F8F95B9CD6FDB0A703BC573B78F7D0670D6B2512C72D2FF
05_US_Stocks_CFD;IBM;09_MARTINGALE;SELL;MULTI;21;18359599104000;FAST_GENETIC;618339627;HIGH_RISK;05_US_Stocks_CFD/IBM/09_MARTINGALE/SELL_MULTI.set;10708BA155FFA1AC31769A1D1D2F4DAB35524F26E0B0BF1A1AA7AC9608E5BCFD
05_US_Stocks_CFD;IBM;09_MARTINGALE;SELL;ICHIMOKU;20;400573071360;FAST_GENETIC;681359829;HIGH_RISK;05_US_Stocks_CFD/IBM/09_MARTINGALE/SELL_ICHIMOKU.set;926B86C16D5F6203C97BB6E23B8DE29D477B7CF994FE115B6AD5DCED2DF1FFD1
05_US_Stocks_CFD;IBM;10_DALEMBERT;BUY;MULTI;21;13113999360000;FAST_GENETIC;661341829;HIGH_RISK;05_US_Stocks_CFD/IBM/10_DALEMBERT/BUY_MULTI.set;19C39BC4B0637522E012DFCE55391DD774131E4A683D595BEF06E3D0C0AE7820
05_US_Stocks_CFD;IBM;10_DALEMBERT;BUY;ICHIMOKU;20;286123622400;FAST_GENETIC;672912385;HIGH_RISK;05_US_Stocks_CFD/IBM/10_DALEMBERT/BUY_ICHIMOKU.set;5E0C4E37C82162A5A1D044DF50C3D9D2B44B1784D0CFDE6AA1B47DA43B7F84DE
05_US_Stocks_CFD;IBM;10_DALEMBERT;SELL;MULTI;21;13113999360000;FAST_GENETIC;691679117;HIGH_RISK;05_US_Stocks_CFD/IBM/10_DALEMBERT/SELL_MULTI.set;A4C95F7F2ACB67DC8F9CBC2869F647F0439D009350771105FCB0C5CB4400FBE4
05_US_Stocks_CFD;IBM;10_DALEMBERT;SELL;ICHIMOKU;20;286123622400;FAST_GENETIC;699348378;HIGH_RISK;05_US_Stocks_CFD/IBM/10_DALEMBERT/SELL_ICHIMOKU.set;F77EC49B8417223ADB08977334C2F9AA0F8B473B4B55EFB985602B746402E133
05_US_Stocks_CFD;IBM;11_SIGNAL_ONLY;BUY;MULTI;16;354816000;FAST_GENETIC;676148520;HIGH_RISK_RESEARCH;05_US_Stocks_CFD/IBM/11_SIGNAL_ONLY/BUY_MULTI.set;000E1887CEC6FEC6A9395D5924B2907B389D050CF52B21D87CE827744F741C86
05_US_Stocks_CFD;IBM;11_SIGNAL_ONLY;BUY;ICHIMOKU;15;7741440;FAST_GENETIC;646336243;HIGH_RISK_RESEARCH;05_US_Stocks_CFD/IBM/11_SIGNAL_ONLY/BUY_ICHIMOKU.set;11DBB6721B8836AB5742389DA046B04AB7EDF4F4F1EF07534B5C04E354980895
05_US_Stocks_CFD;IBM;11_SIGNAL_ONLY;SELL;MULTI;16;354816000;FAST_GENETIC;646604958;HIGH_RISK_RESEARCH;05_US_Stocks_CFD/IBM/11_SIGNAL_ONLY/SELL_MULTI.set;D5D3F50346DCADDC73CBB0E0C45FBF3069F563402C8ACAC3894E9BFFE16F9CFA
05_US_Stocks_CFD;IBM;11_SIGNAL_ONLY;SELL;ICHIMOKU;15;7741440;FAST_GENETIC;681777210;HIGH_RISK_RESEARCH;05_US_Stocks_CFD/IBM/11_SIGNAL_ONLY/SELL_ICHIMOKU.set;1F28EDA878681FBEBFFA05293EF56A763ACB1D9DDE28FE7806D5A9F641BBEF2C
05_US_Stocks_CFD;INTC;01_SLTP;BUY;MULTI;19;655699968000;FAST_GENETIC;673557157;RESEARCH;05_US_Stocks_CFD/INTC/01_SLTP/BUY_MULTI.set;9E191059D12107D6C2276F3B5B183E78F42792EFE794EDB817E6F15B0DCEDE44
05_US_Stocks_CFD;INTC;01_SLTP;BUY;ICHIMOKU;18;14306181120;FAST_GENETIC;695285022;RESEARCH;05_US_Stocks_CFD/INTC/01_SLTP/BUY_ICHIMOKU.set;8E1199A2E28B4F45BD8682579B9B03E8F6A4E0106E91FDBB934E33592968B31C
05_US_Stocks_CFD;INTC;01_SLTP;SELL;MULTI;19;655699968000;FAST_GENETIC;654132850;RESEARCH;05_US_Stocks_CFD/INTC/01_SLTP/SELL_MULTI.set;F189D8B967600B4287A28A714A90FC041C8D88312042D8B42F85965326BA5B98
05_US_Stocks_CFD;INTC;01_SLTP;SELL;ICHIMOKU;18;14306181120;FAST_GENETIC;662503280;RESEARCH;05_US_Stocks_CFD/INTC/01_SLTP/SELL_ICHIMOKU.set;516FB3A75B15FD73FA781E30ED98B5B91661E285460D8DC35189195DD9CED370
05_US_Stocks_CFD;INTC;02_SLTP_ORGANIC;BUY;MULTI;19;655699968000;FAST_GENETIC;614196452;RESEARCH;05_US_Stocks_CFD/INTC/02_SLTP_ORGANIC/BUY_MULTI.set;61F1F31BB0E12594A91A1BCA8469C90691E19A9518AEE785F5CFDEF81CE7D8B7
05_US_Stocks_CFD;INTC;02_SLTP_ORGANIC;BUY;ICHIMOKU;18;14306181120;FAST_GENETIC;640810546;RESEARCH;05_US_Stocks_CFD/INTC/02_SLTP_ORGANIC/BUY_ICHIMOKU.set;E7657D388D3DD1D4E49580B49FF8C585C70D77769C705958C83DAD4256E00769
05_US_Stocks_CFD;INTC;02_SLTP_ORGANIC;SELL;MULTI;19;655699968000;FAST_GENETIC;610057261;RESEARCH;05_US_Stocks_CFD/INTC/02_SLTP_ORGANIC/SELL_MULTI.set;EC39F987AE9BE1377FE1459DC9964D53790F79B294F8128DB9D6476AB9964C46
05_US_Stocks_CFD;INTC;02_SLTP_ORGANIC;SELL;ICHIMOKU;18;14306181120;FAST_GENETIC;676479027;RESEARCH;05_US_Stocks_CFD/INTC/02_SLTP_ORGANIC/SELL_ICHIMOKU.set;7518F4AD202B7476AF0060DFE547F7A5F560A24276EBEAEB17FE49E7CAFCDF87
05_US_Stocks_CFD;INTC;03_TRAIL_ONLY;BUY;MULTI;20;2086318080000;FAST_GENETIC;638642694;RESEARCH;05_US_Stocks_CFD/INTC/03_TRAIL_ONLY/BUY_MULTI.set;6FD4FBBD97B4A01071DD11D6FA575285D05A4F01E9C13D30E4956E789C624502
05_US_Stocks_CFD;INTC;03_TRAIL_ONLY;BUY;ICHIMOKU;19;45519667200;FAST_GENETIC;687583439;RESEARCH;05_US_Stocks_CFD/INTC/03_TRAIL_ONLY/BUY_ICHIMOKU.set;2386ABFD1DC2AFF3C630BF5F1ADA443748F13D0C2FC7A560C8143E6722DA39AF
05_US_Stocks_CFD;INTC;03_TRAIL_ONLY;SELL;MULTI;20;2086318080000;FAST_GENETIC;689085957;RESEARCH;05_US_Stocks_CFD/INTC/03_TRAIL_ONLY/SELL_MULTI.set;B667F9F2B336BD33A5AB6BFF1C626F2AD23D751937F39CC2A58010442A007C0D
05_US_Stocks_CFD;INTC;03_TRAIL_ONLY;SELL;ICHIMOKU;19;45519667200;FAST_GENETIC;687725373;RESEARCH;05_US_Stocks_CFD/INTC/03_TRAIL_ONLY/SELL_ICHIMOKU.set;332E8E87A2DDF8F72F861C868D9984E66686774452DE1257CDADC2A2FDC49FA0
05_US_Stocks_CFD;INTC;04_SLTP_TRAIL;BUY;MULTI;20;9179799552000;FAST_GENETIC;639583153;RESEARCH;05_US_Stocks_CFD/INTC/04_SLTP_TRAIL/BUY_MULTI.set;A3E5E19F06B1AB302FED126A90A63FB214B23118457907F3BA014A6DA4253BCA
05_US_Stocks_CFD;INTC;04_SLTP_TRAIL;BUY;ICHIMOKU;19;200286535680;FAST_GENETIC;625210243;RESEARCH;05_US_Stocks_CFD/INTC/04_SLTP_TRAIL/BUY_ICHIMOKU.set;1022BB78F678084D432128D4D51E0103519022429CE78C95918EF09DCED9CB38
05_US_Stocks_CFD;INTC;04_SLTP_TRAIL;SELL;MULTI;20;9179799552000;FAST_GENETIC;698747854;RESEARCH;05_US_Stocks_CFD/INTC/04_SLTP_TRAIL/SELL_MULTI.set;5BA7A12DCC7341662A83B4E8A39327CD7B9636D10F538E81EAA59EED17C98AA6
05_US_Stocks_CFD;INTC;04_SLTP_TRAIL;SELL;ICHIMOKU;19;200286535680;FAST_GENETIC;618354958;RESEARCH;05_US_Stocks_CFD/INTC/04_SLTP_TRAIL/SELL_ICHIMOKU.set;CEF011DE6AD4758F1FEC271911F9FAE26A284DF67C6B20E39208CD4BEC4FCE65
05_US_Stocks_CFD;INTC;05_BE_TRAIL;BUY;MULTI;19;1043159040000;FAST_GENETIC;657353288;RESEARCH;05_US_Stocks_CFD/INTC/05_BE_TRAIL/BUY_MULTI.set;AE1FBCF482A5572570F185FA199D1686DF19BD624CEBCF29467FF4FE54790A8E
05_US_Stocks_CFD;INTC;05_BE_TRAIL;BUY;ICHIMOKU;18;22759833600;FAST_GENETIC;678198834;RESEARCH;05_US_Stocks_CFD/INTC/05_BE_TRAIL/BUY_ICHIMOKU.set;4DE841E96C9E589C670AD6B9D29F8D0B647AED2F06F6BD0928CDBA4D3756F0CF
05_US_Stocks_CFD;INTC;05_BE_TRAIL;SELL;MULTI;19;1043159040000;FAST_GENETIC;679029711;RESEARCH;05_US_Stocks_CFD/INTC/05_BE_TRAIL/SELL_MULTI.set;A7BB3633205F6EE30B47E929133C02B23DAA14B7525B72776D98D5CC86E6864B
05_US_Stocks_CFD;INTC;05_BE_TRAIL;SELL;ICHIMOKU;18;22759833600;FAST_GENETIC;676236597;RESEARCH;05_US_Stocks_CFD/INTC/05_BE_TRAIL/SELL_ICHIMOKU.set;7B3629270105303A4F46DF8E7D04ACF003348CE6B1EFF3EE78101E451B01CA2F
05_US_Stocks_CFD;INTC;06_REVERSAL_EXIT;BUY;MULTI;21;1669054464000;FAST_GENETIC;697743818;RESEARCH;05_US_Stocks_CFD/INTC/06_REVERSAL_EXIT/BUY_MULTI.set;15A5D6251E1290D84FEFA61142ABA4DB4113DBCD87B06CEF5FFB92489E71724B
05_US_Stocks_CFD;INTC;06_REVERSAL_EXIT;BUY;ICHIMOKU;20;36415733760;FAST_GENETIC;654081943;RESEARCH;05_US_Stocks_CFD/INTC/06_REVERSAL_EXIT/BUY_ICHIMOKU.set;BA2926E271B261F26E762EB0280721C6F0EA028C0CBC0CC637FDBEF06E803B7D
05_US_Stocks_CFD;INTC;06_REVERSAL_EXIT;SELL;MULTI;21;1669054464000;FAST_GENETIC;653066790;RESEARCH;05_US_Stocks_CFD/INTC/06_REVERSAL_EXIT/SELL_MULTI.set;6A8816A1643E68AD02A3745F501DC71FB06460D7E5BDD03E017EC928C7ABBBCA
05_US_Stocks_CFD;INTC;06_REVERSAL_EXIT;SELL;ICHIMOKU;20;36415733760;FAST_GENETIC;680826851;RESEARCH;05_US_Stocks_CFD/INTC/06_REVERSAL_EXIT/SELL_ICHIMOKU.set;5CD021AFDFB189A3D443171C60D8BA733C6B5B98153C61CB0C973FC6706E05D3
05_US_Stocks_CFD;INTC;07_GRID_SEPARATE;BUY;MULTI;20;3161410560000;FAST_GENETIC;683185355;HEDGE_ACCOUNT_REQUIRED;05_US_Stocks_CFD/INTC/07_GRID_SEPARATE/BUY_MULTI.set;6D8F2D4454DE476EC137425477D2AA795E3B300A80E16DBA27709190A29D0C8C
05_US_Stocks_CFD;INTC;07_GRID_SEPARATE;BUY;ICHIMOKU;19;68976230400;FAST_GENETIC;636213929;HEDGE_ACCOUNT_REQUIRED;05_US_Stocks_CFD/INTC/07_GRID_SEPARATE/BUY_ICHIMOKU.set;6453C3A428B26E10EC12A86706A080A0E8BC4DB4F710CDDB54A7F77F3B5ABF35
05_US_Stocks_CFD;INTC;07_GRID_SEPARATE;SELL;MULTI;20;3161410560000;FAST_GENETIC;677060237;HEDGE_ACCOUNT_REQUIRED;05_US_Stocks_CFD/INTC/07_GRID_SEPARATE/SELL_MULTI.set;65116E5D9491F36C234A26EF33F77538F446736CD118FEFAB83BEEBDBE8B604E
05_US_Stocks_CFD;INTC;07_GRID_SEPARATE;SELL;ICHIMOKU;19;68976230400;FAST_GENETIC;622382732;HEDGE_ACCOUNT_REQUIRED;05_US_Stocks_CFD/INTC/07_GRID_SEPARATE/SELL_ICHIMOKU.set;351FE6B86EEB59B00169C242776BEBAA8D5E0AD2AABA5373EB0E0A0105EE0691
05_US_Stocks_CFD;INTC;08_GRID_UNIFIED;BOTH;MULTI;21;15807052800000;FAST_GENETIC;682538661;HEDGE_ACCOUNT_REQUIRED;05_US_Stocks_CFD/INTC/08_GRID_UNIFIED/BOTH_MULTI.set;55BEDCC4E3A72A0A04B1E9A050A0C92D37C458F8137882B0863609FC5ACBB37F
05_US_Stocks_CFD;INTC;08_GRID_UNIFIED;BOTH;ICHIMOKU;20;344881152000;FAST_GENETIC;653862594;HEDGE_ACCOUNT_REQUIRED;05_US_Stocks_CFD/INTC/08_GRID_UNIFIED/BOTH_ICHIMOKU.set;75E2435B403DB2BD58B3CFE1F558D720AB7A49E2110C816C8A5ED9C2A2F44E0B
05_US_Stocks_CFD;INTC;09_MARTINGALE;BUY;MULTI;21;18359599104000;FAST_GENETIC;690576108;HIGH_RISK;05_US_Stocks_CFD/INTC/09_MARTINGALE/BUY_MULTI.set;606D9C1CBA7876A6D64A87DE4ABF9B48A1E0137913A621CCCB20EA257E2F4EAB
05_US_Stocks_CFD;INTC;09_MARTINGALE;BUY;ICHIMOKU;20;400573071360;FAST_GENETIC;655893635;HIGH_RISK;05_US_Stocks_CFD/INTC/09_MARTINGALE/BUY_ICHIMOKU.set;5594BF613E0E21F19B6837BA7C1E7EE01D2D76C049D71A053D4E0A79C0C957A8
05_US_Stocks_CFD;INTC;09_MARTINGALE;SELL;MULTI;21;18359599104000;FAST_GENETIC;678898962;HIGH_RISK;05_US_Stocks_CFD/INTC/09_MARTINGALE/SELL_MULTI.set;74FD6703EA20E78FFBB94175941ADED39F179718B42A0E20900B950A4DE9F237
05_US_Stocks_CFD;INTC;09_MARTINGALE;SELL;ICHIMOKU;20;400573071360;FAST_GENETIC;644075443;HIGH_RISK;05_US_Stocks_CFD/INTC/09_MARTINGALE/SELL_ICHIMOKU.set;85443E56F37CE5EAC1424DFDBF4ECFBC0F34924CE3B0F98AD1A01AA325358231
05_US_Stocks_CFD;INTC;10_DALEMBERT;BUY;MULTI;21;13113999360000;FAST_GENETIC;681310941;HIGH_RISK;05_US_Stocks_CFD/INTC/10_DALEMBERT/BUY_MULTI.set;429F17E5A95EF009498C6346BCA0283C79876ABFCAD01D762AFEA477984EB566
05_US_Stocks_CFD;INTC;10_DALEMBERT;BUY;ICHIMOKU;20;286123622400;FAST_GENETIC;617085280;HIGH_RISK;05_US_Stocks_CFD/INTC/10_DALEMBERT/BUY_ICHIMOKU.set;3B2BDCB3FCD3852CAA92DB6C436C4AB877F1DED123470542DAB2D0A3D92E993A
05_US_Stocks_CFD;INTC;10_DALEMBERT;SELL;MULTI;21;13113999360000;FAST_GENETIC;680537183;HIGH_RISK;05_US_Stocks_CFD/INTC/10_DALEMBERT/SELL_MULTI.set;4D86D7F71C64BC57EDAA8CD39D26B92AE9705E96D5DDD6BAC4432B027F3456EE
05_US_Stocks_CFD;INTC;10_DALEMBERT;SELL;ICHIMOKU;20;286123622400;FAST_GENETIC;638132866;HIGH_RISK;05_US_Stocks_CFD/INTC/10_DALEMBERT/SELL_ICHIMOKU.set;A88C97B415BEA5D2497ABA31C4D7723C6B3451C6E957CF32EE40B1D7F440D2F9
05_US_Stocks_CFD;INTC;11_SIGNAL_ONLY;BUY;MULTI;16;354816000;FAST_GENETIC;698841689;HIGH_RISK_RESEARCH;05_US_Stocks_CFD/INTC/11_SIGNAL_ONLY/BUY_MULTI.set;3A8B2CA912B35D869DDA75B9EFB05E2F9D40A99A08339E710FE0A2C3BC878752
05_US_Stocks_CFD;INTC;11_SIGNAL_ONLY;BUY;ICHIMOKU;15;7741440;FAST_GENETIC;674606505;HIGH_RISK_RESEARCH;05_US_Stocks_CFD/INTC/11_SIGNAL_ONLY/BUY_ICHIMOKU.set;92335A74CB652DEEB05279503AC4813E7608C2BA1A07D7792FA3E135DD51A9ED
05_US_Stocks_CFD;INTC;11_SIGNAL_ONLY;SELL;MULTI;16;354816000;FAST_GENETIC;630841151;HIGH_RISK_RESEARCH;05_US_Stocks_CFD/INTC/11_SIGNAL_ONLY/SELL_MULTI.set;E28810FD08390998C4E0ECB95C17947B65100AE649900E68E0A623E5DC0FC70E
05_US_Stocks_CFD;INTC;11_SIGNAL_ONLY;SELL;ICHIMOKU;15;7741440;FAST_GENETIC;646413843;HIGH_RISK_RESEARCH;05_US_Stocks_CFD/INTC/11_SIGNAL_ONLY/SELL_ICHIMOKU.set;1304C29AD3EF98E823D31E1857D773AA3D51440EC9EE412BA935A185D7968614
05_US_Stocks_CFD;JNJ;01_SLTP;BUY;MULTI;19;655699968000;FAST_GENETIC;659459529;RESEARCH;05_US_Stocks_CFD/JNJ/01_SLTP/BUY_MULTI.set;CDFFA7BA8A03D823318F05D5CA5B2D9997E8E60F4F57E8FFBBA631237682DFD8
05_US_Stocks_CFD;JNJ;01_SLTP;BUY;ICHIMOKU;18;14306181120;FAST_GENETIC;652196954;RESEARCH;05_US_Stocks_CFD/JNJ/01_SLTP/BUY_ICHIMOKU.set;A0CC496E1A265F983FC6BA5A9A685A008663CEC7C0F462C7C42F8A6361BA4920
05_US_Stocks_CFD;JNJ;01_SLTP;SELL;MULTI;19;655699968000;FAST_GENETIC;624803780;RESEARCH;05_US_Stocks_CFD/JNJ/01_SLTP/SELL_MULTI.set;CC689F5ECD49FC395B3CD98292980DC55C328746B5831B4DE2A982C47DF3ADAA
05_US_Stocks_CFD;JNJ;01_SLTP;SELL;ICHIMOKU;18;14306181120;FAST_GENETIC;620499862;RESEARCH;05_US_Stocks_CFD/JNJ/01_SLTP/SELL_ICHIMOKU.set;A09E77FAE93229AD70B321F47F66E671C66AFD5BD1A384D587F34C6F7EB9E1DC
05_US_Stocks_CFD;JNJ;02_SLTP_ORGANIC;BUY;MULTI;19;655699968000;FAST_GENETIC;647890245;RESEARCH;05_US_Stocks_CFD/JNJ/02_SLTP_ORGANIC/BUY_MULTI.set;EBD515242AF0DC92806266A80C1819F2AAA09A8EB998E618695C5DB954F71874
05_US_Stocks_CFD;JNJ;02_SLTP_ORGANIC;BUY;ICHIMOKU;18;14306181120;FAST_GENETIC;656723321;RESEARCH;05_US_Stocks_CFD/JNJ/02_SLTP_ORGANIC/BUY_ICHIMOKU.set;3F64F65BB535993CF9899EC6A1DC6295DCC5EB4C5632F2D73A17600B5300295F
05_US_Stocks_CFD;JNJ;02_SLTP_ORGANIC;SELL;MULTI;19;655699968000;FAST_GENETIC;676755978;RESEARCH;05_US_Stocks_CFD/JNJ/02_SLTP_ORGANIC/SELL_MULTI.set;DE7FEB0157962393379F74FFD15B9A747DB7A98E100BF73598207EA7FF32E92B
05_US_Stocks_CFD;JNJ;02_SLTP_ORGANIC;SELL;ICHIMOKU;18;14306181120;FAST_GENETIC;656157416;RESEARCH;05_US_Stocks_CFD/JNJ/02_SLTP_ORGANIC/SELL_ICHIMOKU.set;AE841764E2BEE95F07BDD7303DFAFA2E248DB92E14644183EAC08CF7BA358E07
05_US_Stocks_CFD;JNJ;03_TRAIL_ONLY;BUY;MULTI;20;2086318080000;FAST_GENETIC;664442944;RESEARCH;05_US_Stocks_CFD/JNJ/03_TRAIL_ONLY/BUY_MULTI.set;C4E1F0C9FE8D457232709CB4288A57605BB9C1807915FFF6A2737F1B812883B3
05_US_Stocks_CFD;JNJ;03_TRAIL_ONLY;BUY;ICHIMOKU;19;45519667200;FAST_GENETIC;669661675;RESEARCH;05_US_Stocks_CFD/JNJ/03_TRAIL_ONLY/BUY_ICHIMOKU.set;A9A5D230352AD286D3AFDDA02F3656A7A9385DC9B9306CB1B3CF9AC80FED5AB7
05_US_Stocks_CFD;JNJ;03_TRAIL_ONLY;SELL;MULTI;20;2086318080000;FAST_GENETIC;627807324;RESEARCH;05_US_Stocks_CFD/JNJ/03_TRAIL_ONLY/SELL_MULTI.set;CD28FC541A26620EC2AECB7D5E6EE93843268BC09C6CDEA9EB3CB9E2940EAE0B
05_US_Stocks_CFD;JNJ;03_TRAIL_ONLY;SELL;ICHIMOKU;19;45519667200;FAST_GENETIC;674984907;RESEARCH;05_US_Stocks_CFD/JNJ/03_TRAIL_ONLY/SELL_ICHIMOKU.set;957B8DB17367982D1980DB37159C7781703CBBC0CBA8623A2C3F40C1EFCE21A3
05_US_Stocks_CFD;JNJ;04_SLTP_TRAIL;BUY;MULTI;20;9179799552000;FAST_GENETIC;644912222;RESEARCH;05_US_Stocks_CFD/JNJ/04_SLTP_TRAIL/BUY_MULTI.set;9543E343B08A4DA1DF1386AF4680F6EE094CCF2334CA26021BF8B1252F9F79C6
05_US_Stocks_CFD;JNJ;04_SLTP_TRAIL;BUY;ICHIMOKU;19;200286535680;FAST_GENETIC;655109827;RESEARCH;05_US_Stocks_CFD/JNJ/04_SLTP_TRAIL/BUY_ICHIMOKU.set;9B302AB478C4FECEFD527B35CD41113540234D3762064C625D06AC18AA888F8E
05_US_Stocks_CFD;JNJ;04_SLTP_TRAIL;SELL;MULTI;20;9179799552000;FAST_GENETIC;653406350;RESEARCH;05_US_Stocks_CFD/JNJ/04_SLTP_TRAIL/SELL_MULTI.set;3636A358A06F0DF00566B1BEA26EAD1E43FB13E004F9F6586E75EC45ACF4D738
05_US_Stocks_CFD;JNJ;04_SLTP_TRAIL;SELL;ICHIMOKU;19;200286535680;FAST_GENETIC;695845272;RESEARCH;05_US_Stocks_CFD/JNJ/04_SLTP_TRAIL/SELL_ICHIMOKU.set;3B27C242D0204CB99F8D51444229A167F663A962A42EC9CE8D4C18E5D428C8CD
05_US_Stocks_CFD;JNJ;05_BE_TRAIL;BUY;MULTI;19;1043159040000;FAST_GENETIC;695855007;RESEARCH;05_US_Stocks_CFD/JNJ/05_BE_TRAIL/BUY_MULTI.set;E6D610A3AC260660DFA0D87BAF37497C7E9B6306667AE0EF759D41D0511686FD
05_US_Stocks_CFD;JNJ;05_BE_TRAIL;BUY;ICHIMOKU;18;22759833600;FAST_GENETIC;665778194;RESEARCH;05_US_Stocks_CFD/JNJ/05_BE_TRAIL/BUY_ICHIMOKU.set;E05244C9B1D130468982194423DAE1FFF00A66F066D2C7E248C2ABDE143D0A7A
05_US_Stocks_CFD;JNJ;05_BE_TRAIL;SELL;MULTI;19;1043159040000;FAST_GENETIC;697605162;RESEARCH;05_US_Stocks_CFD/JNJ/05_BE_TRAIL/SELL_MULTI.set;16E22B7F05C3D23DA79F36534B7DD2B493E615B2BFA5F2118D47008BD0528FFA
05_US_Stocks_CFD;JNJ;05_BE_TRAIL;SELL;ICHIMOKU;18;22759833600;FAST_GENETIC;637899881;RESEARCH;05_US_Stocks_CFD/JNJ/05_BE_TRAIL/SELL_ICHIMOKU.set;2A288AC7C5BE4F5739EEC4C2278DB253BD01BC6CBC1C4991DA6E4E7BB234E987
05_US_Stocks_CFD;JNJ;06_REVERSAL_EXIT;BUY;MULTI;21;1669054464000;FAST_GENETIC;676619146;RESEARCH;05_US_Stocks_CFD/JNJ/06_REVERSAL_EXIT/BUY_MULTI.set;EF16DC068C24246656E1EC50FFBC58380944FB1913D77A6C1B46784B4696708B
05_US_Stocks_CFD;JNJ;06_REVERSAL_EXIT;BUY;ICHIMOKU;20;36415733760;FAST_GENETIC;676249579;RESEARCH;05_US_Stocks_CFD/JNJ/06_REVERSAL_EXIT/BUY_ICHIMOKU.set;B68BEF9BB2BB3A3022ABCF9B157D3CBEF14307A729CDB11A01D929011B95B238
05_US_Stocks_CFD;JNJ;06_REVERSAL_EXIT;SELL;MULTI;21;1669054464000;FAST_GENETIC;648733806;RESEARCH;05_US_Stocks_CFD/JNJ/06_REVERSAL_EXIT/SELL_MULTI.set;4AB76190459DC2BB8F28C37E60B8C072B6A85076499BB11DBC03CFEDCE4D137C
05_US_Stocks_CFD;JNJ;06_REVERSAL_EXIT;SELL;ICHIMOKU;20;36415733760;FAST_GENETIC;651119705;RESEARCH;05_US_Stocks_CFD/JNJ/06_REVERSAL_EXIT/SELL_ICHIMOKU.set;F155CEF9833BEF7E03134C4717E2042751DDC5430B532F9AAF43A65AD3B0F3E4
05_US_Stocks_CFD;JNJ;07_GRID_SEPARATE;BUY;MULTI;20;3161410560000;FAST_GENETIC;676214749;HEDGE_ACCOUNT_REQUIRED;05_US_Stocks_CFD/JNJ/07_GRID_SEPARATE/BUY_MULTI.set;CD6F0F5ABB42353A7216C5B4BFC53FE480FAE9377DBC5008776B00B1225AD696
05_US_Stocks_CFD;JNJ;07_GRID_SEPARATE;BUY;ICHIMOKU;19;68976230400;FAST_GENETIC;671676186;HEDGE_ACCOUNT_REQUIRED;05_US_Stocks_CFD/JNJ/07_GRID_SEPARATE/BUY_ICHIMOKU.set;F0309705DA12E5F4BC5FDA845327F21C3812D7C414788B561E876D88F227F4AE
05_US_Stocks_CFD;JNJ;07_GRID_SEPARATE;SELL;MULTI;20;3161410560000;FAST_GENETIC;694124928;HEDGE_ACCOUNT_REQUIRED;05_US_Stocks_CFD/JNJ/07_GRID_SEPARATE/SELL_MULTI.set;E647BFB4FB4DC3F87712FA42B49C1557548C36AFC93E32004A38C795673F95AD
05_US_Stocks_CFD;JNJ;07_GRID_SEPARATE;SELL;ICHIMOKU;19;68976230400;FAST_GENETIC;611960180;HEDGE_ACCOUNT_REQUIRED;05_US_Stocks_CFD/JNJ/07_GRID_SEPARATE/SELL_ICHIMOKU.set;6734B05C33592F089D61940436AF68B9E4E6E4D53C9844F24549D0ED46CBC84E
05_US_Stocks_CFD;JNJ;08_GRID_UNIFIED;BOTH;MULTI;21;15807052800000;FAST_GENETIC;685332865;HEDGE_ACCOUNT_REQUIRED;05_US_Stocks_CFD/JNJ/08_GRID_UNIFIED/BOTH_MULTI.set;705C15086F24BC1E8D24AA7D599A7765B84ED0A2E5E389E51753611466CF2F0B
05_US_Stocks_CFD;JNJ;08_GRID_UNIFIED;BOTH;ICHIMOKU;20;344881152000;FAST_GENETIC;679482976;HEDGE_ACCOUNT_REQUIRED;05_US_Stocks_CFD/JNJ/08_GRID_UNIFIED/BOTH_ICHIMOKU.set;1B9B360734B32D72D39F833264E810EBEFFDD9494C1B3E79471ABF7FAC6DE71A
05_US_Stocks_CFD;JNJ;09_MARTINGALE;BUY;MULTI;21;18359599104000;FAST_GENETIC;690743672;HIGH_RISK;05_US_Stocks_CFD/JNJ/09_MARTINGALE/BUY_MULTI.set;4BF7A34CA179B07A77883E42F70083E156FE522E4C18F6331EA5F4FA27230FBC
05_US_Stocks_CFD;JNJ;09_MARTINGALE;BUY;ICHIMOKU;20;400573071360;FAST_GENETIC;624826271;HIGH_RISK;05_US_Stocks_CFD/JNJ/09_MARTINGALE/BUY_ICHIMOKU.set;D34C0F7BA3F908D005BACBF33A3FBBEE1815C4B12A5E699AE520D04CD902407D
05_US_Stocks_CFD;JNJ;09_MARTINGALE;SELL;MULTI;21;18359599104000;FAST_GENETIC;682486124;HIGH_RISK;05_US_Stocks_CFD/JNJ/09_MARTINGALE/SELL_MULTI.set;8B94252211CF17520052BB3C61DDA86B714FE176642649B283EAB1BE8B2AE95D
05_US_Stocks_CFD;JNJ;09_MARTINGALE;SELL;ICHIMOKU;20;400573071360;FAST_GENETIC;636474402;HIGH_RISK;05_US_Stocks_CFD/JNJ/09_MARTINGALE/SELL_ICHIMOKU.set;B78E1781ED4AC73C689EFF9CC49414BFF19011CCE775C7CA290BCA0E1432B5A0
05_US_Stocks_CFD;JNJ;10_DALEMBERT;BUY;MULTI;21;13113999360000;FAST_GENETIC;674005117;HIGH_RISK;05_US_Stocks_CFD/JNJ/10_DALEMBERT/BUY_MULTI.set;20113BB26604ACEC6E32D58728F27E7CCEEBC973C037F668DA7CDE9AACE9D0DC
05_US_Stocks_CFD;JNJ;10_DALEMBERT;BUY;ICHIMOKU;20;286123622400;FAST_GENETIC;619566798;HIGH_RISK;05_US_Stocks_CFD/JNJ/10_DALEMBERT/BUY_ICHIMOKU.set;618BABF7B6CF0BEB3E14E03968F01F3B803811BA106B5A10A6CBE9D05CE302FE
05_US_Stocks_CFD;JNJ;10_DALEMBERT;SELL;MULTI;21;13113999360000;FAST_GENETIC;674232664;HIGH_RISK;05_US_Stocks_CFD/JNJ/10_DALEMBERT/SELL_MULTI.set;768EBDBA726B7B8BE89914C130A8BB8724C39B9606A52856411EA42E1D085E64
05_US_Stocks_CFD;JNJ;10_DALEMBERT;SELL;ICHIMOKU;20;286123622400;FAST_GENETIC;636712071;HIGH_RISK;05_US_Stocks_CFD/JNJ/10_DALEMBERT/SELL_ICHIMOKU.set;6AC4C393FC6AB4F7222D000AF38AC4E449F9527996E196F68A0345C881FE774D
05_US_Stocks_CFD;JNJ;11_SIGNAL_ONLY;BUY;MULTI;16;354816000;FAST_GENETIC;658530046;HIGH_RISK_RESEARCH;05_US_Stocks_CFD/JNJ/11_SIGNAL_ONLY/BUY_MULTI.set;EDE0C59614948FE8B260F80D6DF23219D5D92D1EEACA6D98DFDA8A2C4A90B0E2
05_US_Stocks_CFD;JNJ;11_SIGNAL_ONLY;BUY;ICHIMOKU;15;7741440;FAST_GENETIC;647877475;HIGH_RISK_RESEARCH;05_US_Stocks_CFD/JNJ/11_SIGNAL_ONLY/BUY_ICHIMOKU.set;53EA06CD1094DB677C3FC572256A5B65797A3432B75A88D259B25360341CBD22
05_US_Stocks_CFD;JNJ;11_SIGNAL_ONLY;SELL;MULTI;16;354816000;FAST_GENETIC;648537949;HIGH_RISK_RESEARCH;05_US_Stocks_CFD/JNJ/11_SIGNAL_ONLY/SELL_MULTI.set;081839C35507F2A9E9635606C5D5B27A0648D7D804A7DAA8D31AC99270CAA56B
05_US_Stocks_CFD;JNJ;11_SIGNAL_ONLY;SELL;ICHIMOKU;15;7741440;FAST_GENETIC;623601993;HIGH_RISK_RESEARCH;05_US_Stocks_CFD/JNJ/11_SIGNAL_ONLY/SELL_ICHIMOKU.set;1848F4580192EA2602662DA536F0996E41AD781F74874862FE7E6012C9782543
05_US_Stocks_CFD;JPM;01_SLTP;BUY;MULTI;19;655699968000;FAST_GENETIC;622575969;RESEARCH;05_US_Stocks_CFD/JPM/01_SLTP/BUY_MULTI.set;DC7E0638914AA7A746F77424DBFC3A1EE597EBEFE61948ED251AC849367ED152
05_US_Stocks_CFD;JPM;01_SLTP;BUY;ICHIMOKU;18;14306181120;FAST_GENETIC;690615306;RESEARCH;05_US_Stocks_CFD/JPM/01_SLTP/BUY_ICHIMOKU.set;0DC20E93A98DFD0FCA512C27FBEDC296F07EFAB7F6CB3531D39A72288F9BB0DA
05_US_Stocks_CFD;JPM;01_SLTP;SELL;MULTI;19;655699968000;FAST_GENETIC;673156379;RESEARCH;05_US_Stocks_CFD/JPM/01_SLTP/SELL_MULTI.set;6B3D93334EC2446595B83535A4AB0E0457415B8166B3F655C7381B3F8575AFEA
05_US_Stocks_CFD;JPM;01_SLTP;SELL;ICHIMOKU;18;14306181120;FAST_GENETIC;618740627;RESEARCH;05_US_Stocks_CFD/JPM/01_SLTP/SELL_ICHIMOKU.set;97904FBC4A438FBB3A75F4DE01546D0CC8ABD9C92EB3B6BE291C606B79E1818B
05_US_Stocks_CFD;JPM;02_SLTP_ORGANIC;BUY;MULTI;19;655699968000;FAST_GENETIC;661436693;RESEARCH;05_US_Stocks_CFD/JPM/02_SLTP_ORGANIC/BUY_MULTI.set;C57C0F21294BC3D73F86FAFA93C831C2FD302D64A3E532BBC5A52C2B0789C813
05_US_Stocks_CFD;JPM;02_SLTP_ORGANIC;BUY;ICHIMOKU;18;14306181120;FAST_GENETIC;664446854;RESEARCH;05_US_Stocks_CFD/JPM/02_SLTP_ORGANIC/BUY_ICHIMOKU.set;84C667587283DCA86D50237EFFD07313CD6E4E0C07DAD7C2892C49F218298407
05_US_Stocks_CFD;JPM;02_SLTP_ORGANIC;SELL;MULTI;19;655699968000;FAST_GENETIC;641451197;RESEARCH;05_US_Stocks_CFD/JPM/02_SLTP_ORGANIC/SELL_MULTI.set;F80EDCE4884A4B8A898F7CD4B56DA191A4872A3AA5E8111C4CD86AC28D174086
05_US_Stocks_CFD;JPM;02_SLTP_ORGANIC;SELL;ICHIMOKU;18;14306181120;FAST_GENETIC;668673280;RESEARCH;05_US_Stocks_CFD/JPM/02_SLTP_ORGANIC/SELL_ICHIMOKU.set;E0F02877BAE88F949D13DBE80F268E28BCB38C59C5212374F15085622B4ADD45
05_US_Stocks_CFD;JPM;03_TRAIL_ONLY;BUY;MULTI;20;2086318080000;FAST_GENETIC;629537951;RESEARCH;05_US_Stocks_CFD/JPM/03_TRAIL_ONLY/BUY_MULTI.set;35F7826D1AF4E7D831105647029395E5DF5D78C5BE8747809425DF48BABBBC91
05_US_Stocks_CFD;JPM;03_TRAIL_ONLY;BUY;ICHIMOKU;19;45519667200;FAST_GENETIC;676216506;RESEARCH;05_US_Stocks_CFD/JPM/03_TRAIL_ONLY/BUY_ICHIMOKU.set;BFCA87D9EE9C8EB5C9898E0268A4EFB94F54D44F3A047E50DFA5B5631D7AAB93
05_US_Stocks_CFD;JPM;03_TRAIL_ONLY;SELL;MULTI;20;2086318080000;FAST_GENETIC;629367736;RESEARCH;05_US_Stocks_CFD/JPM/03_TRAIL_ONLY/SELL_MULTI.set;C91FBE3FF4D75DD3CAFAF0CEB9EF608892B586391029B8962251B0F718190B3E
05_US_Stocks_CFD;JPM;03_TRAIL_ONLY;SELL;ICHIMOKU;19;45519667200;FAST_GENETIC;685468630;RESEARCH;05_US_Stocks_CFD/JPM/03_TRAIL_ONLY/SELL_ICHIMOKU.set;EA252052487E85D46075BB5CF76CBBA8CF0FD8313F33983A92B73EF522B6B061
05_US_Stocks_CFD;JPM;04_SLTP_TRAIL;BUY;MULTI;20;9179799552000;FAST_GENETIC;699873833;RESEARCH;05_US_Stocks_CFD/JPM/04_SLTP_TRAIL/BUY_MULTI.set;B2E0F82510F4E759EDBDDE47307D6A9E26C72C360228C2F23DF13D0DCC4817B1
05_US_Stocks_CFD;JPM;04_SLTP_TRAIL;BUY;ICHIMOKU;19;200286535680;FAST_GENETIC;673978018;RESEARCH;05_US_Stocks_CFD/JPM/04_SLTP_TRAIL/BUY_ICHIMOKU.set;22157110CC04DEFC674ADC324926DA98E7FFE5E28DCB5A49073056FE27247892
05_US_Stocks_CFD;JPM;04_SLTP_TRAIL;SELL;MULTI;20;9179799552000;FAST_GENETIC;659567102;RESEARCH;05_US_Stocks_CFD/JPM/04_SLTP_TRAIL/SELL_MULTI.set;90E69F75DE919A1078F771C363C57588978DA3A0E65ABB7648C030C77EC2B88C
05_US_Stocks_CFD;JPM;04_SLTP_TRAIL;SELL;ICHIMOKU;19;200286535680;FAST_GENETIC;623200723;RESEARCH;05_US_Stocks_CFD/JPM/04_SLTP_TRAIL/SELL_ICHIMOKU.set;747F9004E9A1AD4E6D1096FA013D129D412EAB22839E68BCD2A5989D6A74FECB
05_US_Stocks_CFD;JPM;05_BE_TRAIL;BUY;MULTI;19;1043159040000;FAST_GENETIC;686223951;RESEARCH;05_US_Stocks_CFD/JPM/05_BE_TRAIL/BUY_MULTI.set;91713B4715F375FB3C73B3167BBE86F8DAA3D3172DD5940165975B9CC19035E4
05_US_Stocks_CFD;JPM;05_BE_TRAIL;BUY;ICHIMOKU;18;22759833600;FAST_GENETIC;664438870;RESEARCH;05_US_Stocks_CFD/JPM/05_BE_TRAIL/BUY_ICHIMOKU.set;DD2159952E6A32D2FFCCA1B5A56471D3ED9C82BAC4C98E532ACC4D52A55CA970
05_US_Stocks_CFD;JPM;05_BE_TRAIL;SELL;MULTI;19;1043159040000;FAST_GENETIC;624902407;RESEARCH;05_US_Stocks_CFD/JPM/05_BE_TRAIL/SELL_MULTI.set;B70D544FCB3F067726890FA162F510500E2D25E5DC1F57B6771BE0500C6A6085
05_US_Stocks_CFD;JPM;05_BE_TRAIL;SELL;ICHIMOKU;18;22759833600;FAST_GENETIC;667850821;RESEARCH;05_US_Stocks_CFD/JPM/05_BE_TRAIL/SELL_ICHIMOKU.set;70492D147867511A37B04524B76458D27C91B213690FCC5CC868B44674A0A544
05_US_Stocks_CFD;JPM;06_REVERSAL_EXIT;BUY;MULTI;21;1669054464000;FAST_GENETIC;645024796;RESEARCH;05_US_Stocks_CFD/JPM/06_REVERSAL_EXIT/BUY_MULTI.set;4514FED267E02B1B8ACDE07B0F7B25E26F31758FE5FBD81F00CDF381E6A0888C
05_US_Stocks_CFD;JPM;06_REVERSAL_EXIT;BUY;ICHIMOKU;20;36415733760;FAST_GENETIC;623387263;RESEARCH;05_US_Stocks_CFD/JPM/06_REVERSAL_EXIT/BUY_ICHIMOKU.set;AA065D060E39317971B7C1ADC7F26F04BC3BDE9FFBDE4A7BE4E0C70B708271BA
05_US_Stocks_CFD;JPM;06_REVERSAL_EXIT;SELL;MULTI;21;1669054464000;FAST_GENETIC;655914801;RESEARCH;05_US_Stocks_CFD/JPM/06_REVERSAL_EXIT/SELL_MULTI.set;FE165B3F8178D149077FC1DB9E1567E804C425A94EDB8B06A2E2CA7B6DB364BD
05_US_Stocks_CFD;JPM;06_REVERSAL_EXIT;SELL;ICHIMOKU;20;36415733760;FAST_GENETIC;629293598;RESEARCH;05_US_Stocks_CFD/JPM/06_REVERSAL_EXIT/SELL_ICHIMOKU.set;F8CD9C5DE703F3640DF9DC5F891347EEF8A5D9528EF912364FA1CFEE5C61DCFA
05_US_Stocks_CFD;JPM;07_GRID_SEPARATE;BUY;MULTI;20;3161410560000;FAST_GENETIC;684449443;HEDGE_ACCOUNT_REQUIRED;05_US_Stocks_CFD/JPM/07_GRID_SEPARATE/BUY_MULTI.set;FD7A1E0F7CFFB82823024B7AF9A094C3DFCA5E25E161AE45BEB5056014ADD3F9
05_US_Stocks_CFD;JPM;07_GRID_SEPARATE;BUY;ICHIMOKU;19;68976230400;FAST_GENETIC;619879112;HEDGE_ACCOUNT_REQUIRED;05_US_Stocks_CFD/JPM/07_GRID_SEPARATE/BUY_ICHIMOKU.set;9F0698660A5F5CA28C76F4538B806D03AA4FF30A10E6B3E600B84A62A9A0D87D
05_US_Stocks_CFD;JPM;07_GRID_SEPARATE;SELL;MULTI;20;3161410560000;FAST_GENETIC;687347381;HEDGE_ACCOUNT_REQUIRED;05_US_Stocks_CFD/JPM/07_GRID_SEPARATE/SELL_MULTI.set;121C5BD0EFAAB52C4F097E4CA1BBEEF7CA431C7790DF7FE7FFB1B2E61F9D776C
05_US_Stocks_CFD;JPM;07_GRID_SEPARATE;SELL;ICHIMOKU;19;68976230400;FAST_GENETIC;674229306;HEDGE_ACCOUNT_REQUIRED;05_US_Stocks_CFD/JPM/07_GRID_SEPARATE/SELL_ICHIMOKU.set;348A5C1B5EB3B1E02EA377DEA09F5122C2B99C292594FEE8F633BBA334B53E3C
05_US_Stocks_CFD;JPM;08_GRID_UNIFIED;BOTH;MULTI;21;15807052800000;FAST_GENETIC;654819209;HEDGE_ACCOUNT_REQUIRED;05_US_Stocks_CFD/JPM/08_GRID_UNIFIED/BOTH_MULTI.set;89FCBD31CBF410BF5D87E5E0EA91CC15ED421666200264180F2624760A6835A0
05_US_Stocks_CFD;JPM;08_GRID_UNIFIED;BOTH;ICHIMOKU;20;344881152000;FAST_GENETIC;644018736;HEDGE_ACCOUNT_REQUIRED;05_US_Stocks_CFD/JPM/08_GRID_UNIFIED/BOTH_ICHIMOKU.set;65F89CB9880B76CC0327D2251FDDA1D6DCC0B1181F3CBE2FA4D79D927EC07686
05_US_Stocks_CFD;JPM;09_MARTINGALE;BUY;MULTI;21;18359599104000;FAST_GENETIC;634958166;HIGH_RISK;05_US_Stocks_CFD/JPM/09_MARTINGALE/BUY_MULTI.set;AE1F907DD28F76577EED79EEB033B019C3AEDC798E554D163DD34BF8ADC03B74
05_US_Stocks_CFD;JPM;09_MARTINGALE;BUY;ICHIMOKU;20;400573071360;FAST_GENETIC;697847644;HIGH_RISK;05_US_Stocks_CFD/JPM/09_MARTINGALE/BUY_ICHIMOKU.set;05683B0BD8E5CC306A55912C413CD12DE6114030F5E6D90D869EA15BE4DFDB71
05_US_Stocks_CFD;JPM;09_MARTINGALE;SELL;MULTI;21;18359599104000;FAST_GENETIC;614590931;HIGH_RISK;05_US_Stocks_CFD/JPM/09_MARTINGALE/SELL_MULTI.set;7EFA6FB51E6F70E762AABCD55A81B38B64DC077AB08E007D9D5099D580AD5EFC
05_US_Stocks_CFD;JPM;09_MARTINGALE;SELL;ICHIMOKU;20;400573071360;FAST_GENETIC;689434225;HIGH_RISK;05_US_Stocks_CFD/JPM/09_MARTINGALE/SELL_ICHIMOKU.set;5D23AF3C55027B14972CE794DA63900748ACAA75A5DD8870A303DEA099450A68
05_US_Stocks_CFD;JPM;10_DALEMBERT;BUY;MULTI;21;13113999360000;FAST_GENETIC;641259598;HIGH_RISK;05_US_Stocks_CFD/JPM/10_DALEMBERT/BUY_MULTI.set;63040C950273FAF294C20A753EE562EEAD273F62591CAA5640C825D26F54ED49
05_US_Stocks_CFD;JPM;10_DALEMBERT;BUY;ICHIMOKU;20;286123622400;FAST_GENETIC;685251300;HIGH_RISK;05_US_Stocks_CFD/JPM/10_DALEMBERT/BUY_ICHIMOKU.set;12F3D71D6960CB99A39172D4D87D98C904C7768C114B4306FA785C69BB4A16EB
05_US_Stocks_CFD;JPM;10_DALEMBERT;SELL;MULTI;21;13113999360000;FAST_GENETIC;677412219;HIGH_RISK;05_US_Stocks_CFD/JPM/10_DALEMBERT/SELL_MULTI.set;82D7BD81B961F80E4A68371E678685C7153A4D8C2106CA126CF1819143D9E20D
05_US_Stocks_CFD;JPM;10_DALEMBERT;SELL;ICHIMOKU;20;286123622400;FAST_GENETIC;613189271;HIGH_RISK;05_US_Stocks_CFD/JPM/10_DALEMBERT/SELL_ICHIMOKU.set;BB80DEFA8AE01860D0626023B50A3FB6CDF8F163BE84C1A183A1C1F71E402050
05_US_Stocks_CFD;JPM;11_SIGNAL_ONLY;BUY;MULTI;16;354816000;FAST_GENETIC;620556166;HIGH_RISK_RESEARCH;05_US_Stocks_CFD/JPM/11_SIGNAL_ONLY/BUY_MULTI.set;F38C129DB503F39D6CA22312D3122249D3BFA1A96234212B43C32AB186F91994
05_US_Stocks_CFD;JPM;11_SIGNAL_ONLY;BUY;ICHIMOKU;15;7741440;FAST_GENETIC;630746204;HIGH_RISK_RESEARCH;05_US_Stocks_CFD/JPM/11_SIGNAL_ONLY/BUY_ICHIMOKU.set;27C31647A1B49478863AB8C9BCD17FBD28DF22DDC8415784B849AB6F3128C95A
05_US_Stocks_CFD;JPM;11_SIGNAL_ONLY;SELL;MULTI;16;354816000;FAST_GENETIC;645933137;HIGH_RISK_RESEARCH;05_US_Stocks_CFD/JPM/11_SIGNAL_ONLY/SELL_MULTI.set;E7A0BE986C4191CF2DBAC5FF08C6B4CFA1D7F5596650BF1CED335B62B74773FD
05_US_Stocks_CFD;JPM;11_SIGNAL_ONLY;SELL;ICHIMOKU;15;7741440;FAST_GENETIC;636364426;HIGH_RISK_RESEARCH;05_US_Stocks_CFD/JPM/11_SIGNAL_ONLY/SELL_ICHIMOKU.set;CEB8C556F0FFC9C4E4B7BCCDF030ABDFCBF0CDEF34C128C620BFE376C622C1FF
05_US_Stocks_CFD;KO;01_SLTP;BUY;MULTI;19;655699968000;FAST_GENETIC;663331177;RESEARCH;05_US_Stocks_CFD/KO/01_SLTP/BUY_MULTI.set;F4798C0D31CE341E8089FB233513A0ECBAA4ABC3F24E492B9FF96E511D8D3E50
05_US_Stocks_CFD;KO;01_SLTP;BUY;ICHIMOKU;18;14306181120;FAST_GENETIC;664394164;RESEARCH;05_US_Stocks_CFD/KO/01_SLTP/BUY_ICHIMOKU.set;CB0FE8DF32EA69B79D0FE3FF0981C745A474E06CA711569B61F91877D265739F
05_US_Stocks_CFD;KO;01_SLTP;SELL;MULTI;19;655699968000;FAST_GENETIC;645463956;RESEARCH;05_US_Stocks_CFD/KO/01_SLTP/SELL_MULTI.set;AA37663AC509C99646A98A08691FA38AAF838040E824FBD50F5B42149AC1E9AF
05_US_Stocks_CFD;KO;01_SLTP;SELL;ICHIMOKU;18;14306181120;FAST_GENETIC;665873533;RESEARCH;05_US_Stocks_CFD/KO/01_SLTP/SELL_ICHIMOKU.set;A6D4182DCBF69FFA4B2EC5FB98E5FB4CA89493F66B65CB3CCD925AC5440B6001
05_US_Stocks_CFD;KO;02_SLTP_ORGANIC;BUY;MULTI;19;655699968000;FAST_GENETIC;636117958;RESEARCH;05_US_Stocks_CFD/KO/02_SLTP_ORGANIC/BUY_MULTI.set;161023346DB9ABE6304859CAC5A753AA9E0E7C0FE4066829D9A859B8CB593554
05_US_Stocks_CFD;KO;02_SLTP_ORGANIC;BUY;ICHIMOKU;18;14306181120;FAST_GENETIC;629783373;RESEARCH;05_US_Stocks_CFD/KO/02_SLTP_ORGANIC/BUY_ICHIMOKU.set;D2E6C4D298A9FA36ED45CB2464B0C103DB528E4722F0859495D37C9D166C0CE2
05_US_Stocks_CFD;KO;02_SLTP_ORGANIC;SELL;MULTI;19;655699968000;FAST_GENETIC;610315836;RESEARCH;05_US_Stocks_CFD/KO/02_SLTP_ORGANIC/SELL_MULTI.set;94DD113A7CB7A74379497E17DBE8EFC51F1A7F981C15B87177D13027C70487DE
05_US_Stocks_CFD;KO;02_SLTP_ORGANIC;SELL;ICHIMOKU;18;14306181120;FAST_GENETIC;678082380;RESEARCH;05_US_Stocks_CFD/KO/02_SLTP_ORGANIC/SELL_ICHIMOKU.set;7ADA2F4E06FCE61AA02D0BC3C0A027AC81577E317470EDCC743C14037E1583A2
05_US_Stocks_CFD;KO;03_TRAIL_ONLY;BUY;MULTI;20;2086318080000;FAST_GENETIC;670969251;RESEARCH;05_US_Stocks_CFD/KO/03_TRAIL_ONLY/BUY_MULTI.set;81E3425E9F1CAB720643567A266928C5BBEFDE77BB9A06A25EA556CD7B66EB94
05_US_Stocks_CFD;KO;03_TRAIL_ONLY;BUY;ICHIMOKU;19;45519667200;FAST_GENETIC;664153529;RESEARCH;05_US_Stocks_CFD/KO/03_TRAIL_ONLY/BUY_ICHIMOKU.set;E89339F8CBD590962E713D2B9EDA8DCDA2A65D7F0107856DC1387B09D37D4DFD
05_US_Stocks_CFD;KO;03_TRAIL_ONLY;SELL;MULTI;20;2086318080000;FAST_GENETIC;621320798;RESEARCH;05_US_Stocks_CFD/KO/03_TRAIL_ONLY/SELL_MULTI.set;E8A3C615D81F40619344B4F0C12865879DD97ED6A2E1148CB0D7AD251993A7F4
05_US_Stocks_CFD;KO;03_TRAIL_ONLY;SELL;ICHIMOKU;19;45519667200;FAST_GENETIC;696527408;RESEARCH;05_US_Stocks_CFD/KO/03_TRAIL_ONLY/SELL_ICHIMOKU.set;02E9B287C26B135ADD0192406E89D12125E780AB78B02955BBC01F092E0C3633
05_US_Stocks_CFD;KO;04_SLTP_TRAIL;BUY;MULTI;20;9179799552000;FAST_GENETIC;642638440;RESEARCH;05_US_Stocks_CFD/KO/04_SLTP_TRAIL/BUY_MULTI.set;24EFA992EF314FE6A5232CE34D539CFEF3584FDE01D6B7ACBEF6237849362990
05_US_Stocks_CFD;KO;04_SLTP_TRAIL;BUY;ICHIMOKU;19;200286535680;FAST_GENETIC;687563244;RESEARCH;05_US_Stocks_CFD/KO/04_SLTP_TRAIL/BUY_ICHIMOKU.set;6BE41359B232C7D3B2365E3A482CC34776B818989A1FE9EE09A2AA0A2CDC459D
05_US_Stocks_CFD;KO;04_SLTP_TRAIL;SELL;MULTI;20;9179799552000;FAST_GENETIC;646892655;RESEARCH;05_US_Stocks_CFD/KO/04_SLTP_TRAIL/SELL_MULTI.set;9A873E9A3C6B733B82A54B7188B16534A6A3B9212BC41B860D17A946B7C9CA70
05_US_Stocks_CFD;KO;04_SLTP_TRAIL;SELL;ICHIMOKU;19;200286535680;FAST_GENETIC;657617741;RESEARCH;05_US_Stocks_CFD/KO/04_SLTP_TRAIL/SELL_ICHIMOKU.set;9CF7C2294C7F13B8550D835CDB3E7333E9AF8C6AE88AC58B14DC3F7B6734A46B
05_US_Stocks_CFD;KO;05_BE_TRAIL;BUY;MULTI;19;1043159040000;FAST_GENETIC;671688244;RESEARCH;05_US_Stocks_CFD/KO/05_BE_TRAIL/BUY_MULTI.set;DE9F933765E48D0947273D151B8D3A4A5FF1D2C36102DB3FA03745CDA6E75557
05_US_Stocks_CFD;KO;05_BE_TRAIL;BUY;ICHIMOKU;18;22759833600;FAST_GENETIC;669521204;RESEARCH;05_US_Stocks_CFD/KO/05_BE_TRAIL/BUY_ICHIMOKU.set;A21FCC07BAE5BE5404564693DB58B7AA9812D09C1D117FDC032275B4D2CC2C99
05_US_Stocks_CFD;KO;05_BE_TRAIL;SELL;MULTI;19;1043159040000;FAST_GENETIC;632757814;RESEARCH;05_US_Stocks_CFD/KO/05_BE_TRAIL/SELL_MULTI.set;FCA2AB79A229463E05BBE664412FCEDA70FE657A9D1B7693B17E933CE1B2F152
05_US_Stocks_CFD;KO;05_BE_TRAIL;SELL;ICHIMOKU;18;22759833600;FAST_GENETIC;636458768;RESEARCH;05_US_Stocks_CFD/KO/05_BE_TRAIL/SELL_ICHIMOKU.set;FC3E07E9EE5CD27EB7D6748557534361A0EA0BF9F3D8868293B942079D4E2AD7
05_US_Stocks_CFD;KO;06_REVERSAL_EXIT;BUY;MULTI;21;1669054464000;FAST_GENETIC;628567044;RESEARCH;05_US_Stocks_CFD/KO/06_REVERSAL_EXIT/BUY_MULTI.set;5E1F6A94B9034106537328198AEB4655B0EE9B8E85EA284899FE53968C247EA7
05_US_Stocks_CFD;KO;06_REVERSAL_EXIT;BUY;ICHIMOKU;20;36415733760;FAST_GENETIC;664002645;RESEARCH;05_US_Stocks_CFD/KO/06_REVERSAL_EXIT/BUY_ICHIMOKU.set;1ADADED6414D48EB135804C8B25A4D7420B00CF5F19E4914F0272C948D45EE89
05_US_Stocks_CFD;KO;06_REVERSAL_EXIT;SELL;MULTI;21;1669054464000;FAST_GENETIC;645242220;RESEARCH;05_US_Stocks_CFD/KO/06_REVERSAL_EXIT/SELL_MULTI.set;2585FF07B5DBC1590EC7C7C9F063AA0AFB7871CDAE41A609F1F5AACD06651856
05_US_Stocks_CFD;KO;06_REVERSAL_EXIT;SELL;ICHIMOKU;20;36415733760;FAST_GENETIC;685741241;RESEARCH;05_US_Stocks_CFD/KO/06_REVERSAL_EXIT/SELL_ICHIMOKU.set;B6568C2624CA5B4778543057E6B29DB262F5A5134CA61C930238C296A8C2BFAC
05_US_Stocks_CFD;KO;07_GRID_SEPARATE;BUY;MULTI;20;3161410560000;FAST_GENETIC;661853547;HEDGE_ACCOUNT_REQUIRED;05_US_Stocks_CFD/KO/07_GRID_SEPARATE/BUY_MULTI.set;9B9F63F2134BB6424263BC35ED04F95AD7F7844124DA82AA3DA480895FBAA8E8
05_US_Stocks_CFD;KO;07_GRID_SEPARATE;BUY;ICHIMOKU;19;68976230400;FAST_GENETIC;663779013;HEDGE_ACCOUNT_REQUIRED;05_US_Stocks_CFD/KO/07_GRID_SEPARATE/BUY_ICHIMOKU.set;6BEB4BCE99D866E2842DE5E4D685E44CD79A7656D7C82A5F6F3B81DAB4812281
05_US_Stocks_CFD;KO;07_GRID_SEPARATE;SELL;MULTI;20;3161410560000;FAST_GENETIC;626224035;HEDGE_ACCOUNT_REQUIRED;05_US_Stocks_CFD/KO/07_GRID_SEPARATE/SELL_MULTI.set;26D3DB1710BBD0FDAB0F675F3E4FEE0F1AE70610D5DD494E5A2E1CFDAE996853
05_US_Stocks_CFD;KO;07_GRID_SEPARATE;SELL;ICHIMOKU;19;68976230400;FAST_GENETIC;693186350;HEDGE_ACCOUNT_REQUIRED;05_US_Stocks_CFD/KO/07_GRID_SEPARATE/SELL_ICHIMOKU.set;BAD387E631A6344320B743FEF091A35E9172934EC955AD444FE9A82995547B32
05_US_Stocks_CFD;KO;08_GRID_UNIFIED;BOTH;MULTI;21;15807052800000;FAST_GENETIC;632497237;HEDGE_ACCOUNT_REQUIRED;05_US_Stocks_CFD/KO/08_GRID_UNIFIED/BOTH_MULTI.set;D49250048D21E0A6F8300D84B82D95737C492A4FFFF53BC1728369E56E958C03
05_US_Stocks_CFD;KO;08_GRID_UNIFIED;BOTH;ICHIMOKU;20;344881152000;FAST_GENETIC;641803473;HEDGE_ACCOUNT_REQUIRED;05_US_Stocks_CFD/KO/08_GRID_UNIFIED/BOTH_ICHIMOKU.set;F93EECA0F287CC6E64F5B787BB55A96FAA60B24E5E280CC7F556D03268B97FAB
05_US_Stocks_CFD;KO;09_MARTINGALE;BUY;MULTI;21;18359599104000;FAST_GENETIC;688511525;HIGH_RISK;05_US_Stocks_CFD/KO/09_MARTINGALE/BUY_MULTI.set;BB2F6878E55F24037A60A6485F1A8117723D983B551CC4700BDB09505D5BBF31
05_US_Stocks_CFD;KO;09_MARTINGALE;BUY;ICHIMOKU;20;400573071360;FAST_GENETIC;665191440;HIGH_RISK;05_US_Stocks_CFD/KO/09_MARTINGALE/BUY_ICHIMOKU.set;82814E643736FD5F77F21311F4A53F662B64EB40CEF74271598A47F14E1E3321
05_US_Stocks_CFD;KO;09_MARTINGALE;SELL;MULTI;21;18359599104000;FAST_GENETIC;657465779;HIGH_RISK;05_US_Stocks_CFD/KO/09_MARTINGALE/SELL_MULTI.set;838FFA42B7BB4F568C558021A9B8096FEC128E8F56EBD29C7FE214209A244691
05_US_Stocks_CFD;KO;09_MARTINGALE;SELL;ICHIMOKU;20;400573071360;FAST_GENETIC;642496173;HIGH_RISK;05_US_Stocks_CFD/KO/09_MARTINGALE/SELL_ICHIMOKU.set;0CCF12147B14B214A79EA137D5FC0008E10CE187DF293F4EDB16A72A0467D47E
05_US_Stocks_CFD;KO;10_DALEMBERT;BUY;MULTI;21;13113999360000;FAST_GENETIC;623925838;HIGH_RISK;05_US_Stocks_CFD/KO/10_DALEMBERT/BUY_MULTI.set;08563625B8C547858401F386D2F63E89E800BCF4D8DA939F1EDFDB5596480924
05_US_Stocks_CFD;KO;10_DALEMBERT;BUY;ICHIMOKU;20;286123622400;FAST_GENETIC;645376912;HIGH_RISK;05_US_Stocks_CFD/KO/10_DALEMBERT/BUY_ICHIMOKU.set;2C3CE2029B3226E30C13A7C17A465263F985BCEF9FDAE0C67991D58E8BE250C0
05_US_Stocks_CFD;KO;10_DALEMBERT;SELL;MULTI;21;13113999360000;FAST_GENETIC;623542946;HIGH_RISK;05_US_Stocks_CFD/KO/10_DALEMBERT/SELL_MULTI.set;D9BB82014536653EC6C8C49BBC4D822724152CFE9FD5013AE90AC2CF5541C543
05_US_Stocks_CFD;KO;10_DALEMBERT;SELL;ICHIMOKU;20;286123622400;FAST_GENETIC;690959035;HIGH_RISK;05_US_Stocks_CFD/KO/10_DALEMBERT/SELL_ICHIMOKU.set;EE01C9B238B866033CF3415D0F21F014E2904229CCE733302B192AA63ACC0C32
05_US_Stocks_CFD;KO;11_SIGNAL_ONLY;BUY;MULTI;16;354816000;FAST_GENETIC;629636429;HIGH_RISK_RESEARCH;05_US_Stocks_CFD/KO/11_SIGNAL_ONLY/BUY_MULTI.set;0F97ABD1F9D91AB1DC92082EAAD755A300666E63780FEFE2A58FF682273D16EC
05_US_Stocks_CFD;KO;11_SIGNAL_ONLY;BUY;ICHIMOKU;15;7741440;FAST_GENETIC;693852565;HIGH_RISK_RESEARCH;05_US_Stocks_CFD/KO/11_SIGNAL_ONLY/BUY_ICHIMOKU.set;B19763C9D5CCE2EB8D325D067E132DD09DE01CF51B2DE9E4B2D14B42D4A40022
05_US_Stocks_CFD;KO;11_SIGNAL_ONLY;SELL;MULTI;16;354816000;FAST_GENETIC;651524523;HIGH_RISK_RESEARCH;05_US_Stocks_CFD/KO/11_SIGNAL_ONLY/SELL_MULTI.set;4364417728B6E49F117BE87B809D9582C865A04BBC8A008959A91A77BFD387B8
05_US_Stocks_CFD;KO;11_SIGNAL_ONLY;SELL;ICHIMOKU;15;7741440;FAST_GENETIC;683009136;HIGH_RISK_RESEARCH;05_US_Stocks_CFD/KO/11_SIGNAL_ONLY/SELL_ICHIMOKU.set;C6BE7F2E86937F411E60E4BEB518B8FE39017C7629BD79039ED2F8AE77BEC770
05_US_Stocks_CFD;LLY;01_SLTP;BUY;MULTI;19;655699968000;FAST_GENETIC;664527714;RESEARCH;05_US_Stocks_CFD/LLY/01_SLTP/BUY_MULTI.set;5A0327610B1F072F86459D74ED4AEA8DA7829C0CE63068F7C08E7BFDF922A104
05_US_Stocks_CFD;LLY;01_SLTP;BUY;ICHIMOKU;18;14306181120;FAST_GENETIC;653357904;RESEARCH;05_US_Stocks_CFD/LLY/01_SLTP/BUY_ICHIMOKU.set;C6D11D58A8E105409E414C23F337D46124039486951FA260B955387AA1F4D853
05_US_Stocks_CFD;LLY;01_SLTP;SELL;MULTI;19;655699968000;FAST_GENETIC;659918813;RESEARCH;05_US_Stocks_CFD/LLY/01_SLTP/SELL_MULTI.set;20CF643B96E7F185D595554D48AD3FD14B478A4860036217D3C5464DCBDE95CE
05_US_Stocks_CFD;LLY;01_SLTP;SELL;ICHIMOKU;18;14306181120;FAST_GENETIC;625269480;RESEARCH;05_US_Stocks_CFD/LLY/01_SLTP/SELL_ICHIMOKU.set;D319BC511F1F5B9854A6AAE10BF92EB03C16CF8D97B292B4FAC56CBF3F9848E9
05_US_Stocks_CFD;LLY;02_SLTP_ORGANIC;BUY;MULTI;19;655699968000;FAST_GENETIC;627408481;RESEARCH;05_US_Stocks_CFD/LLY/02_SLTP_ORGANIC/BUY_MULTI.set;96E8007041F946ED1D6678DAB80A411C845113262DBACAD36091B90E2868E562
05_US_Stocks_CFD;LLY;02_SLTP_ORGANIC;BUY;ICHIMOKU;18;14306181120;FAST_GENETIC;661070571;RESEARCH;05_US_Stocks_CFD/LLY/02_SLTP_ORGANIC/BUY_ICHIMOKU.set;0DA7CE30F6389B33E668D84F2A78A4F05A51BD634ACF8219F7BE6DDDBBB1296B
05_US_Stocks_CFD;LLY;02_SLTP_ORGANIC;SELL;MULTI;19;655699968000;FAST_GENETIC;669188987;RESEARCH;05_US_Stocks_CFD/LLY/02_SLTP_ORGANIC/SELL_MULTI.set;B6A53C0D79CC7E21D9F84D8317C8636C0DB213E3CBD062F1860181083B5BA840
05_US_Stocks_CFD;LLY;02_SLTP_ORGANIC;SELL;ICHIMOKU;18;14306181120;FAST_GENETIC;673489868;RESEARCH;05_US_Stocks_CFD/LLY/02_SLTP_ORGANIC/SELL_ICHIMOKU.set;EF8A506E4A4EAD1079A02552827D2C011837E6F2A96E8402FE0957BC5C8DC050
05_US_Stocks_CFD;LLY;03_TRAIL_ONLY;BUY;MULTI;20;2086318080000;FAST_GENETIC;645678732;RESEARCH;05_US_Stocks_CFD/LLY/03_TRAIL_ONLY/BUY_MULTI.set;509FF64E18F0CBDDB149A2D1D4962416D9585D44101B2CA9B6406C6A44F82DF9
05_US_Stocks_CFD;LLY;03_TRAIL_ONLY;BUY;ICHIMOKU;19;45519667200;FAST_GENETIC;683992694;RESEARCH;05_US_Stocks_CFD/LLY/03_TRAIL_ONLY/BUY_ICHIMOKU.set;4EB8E49CB723299BB359D1359E6950EA3007D009E6633470514720DBE7F3A0CE
05_US_Stocks_CFD;LLY;03_TRAIL_ONLY;SELL;MULTI;20;2086318080000;FAST_GENETIC;656742077;RESEARCH;05_US_Stocks_CFD/LLY/03_TRAIL_ONLY/SELL_MULTI.set;3004F5D226CC9BE579D7491EEC5A7D4C21AF4226409316658080542B2F27373C
05_US_Stocks_CFD;LLY;03_TRAIL_ONLY;SELL;ICHIMOKU;19;45519667200;FAST_GENETIC;689572566;RESEARCH;05_US_Stocks_CFD/LLY/03_TRAIL_ONLY/SELL_ICHIMOKU.set;DA4A769A61CD7CC62705F99FFC2E470C4A252E36EC015850A4617C53447A971D
05_US_Stocks_CFD;LLY;04_SLTP_TRAIL;BUY;MULTI;20;9179799552000;FAST_GENETIC;640237439;RESEARCH;05_US_Stocks_CFD/LLY/04_SLTP_TRAIL/BUY_MULTI.set;F65B700BF5C6795C12BC31D7E22FBA53A31D1D8C76949C93588296A93D3AFA31
05_US_Stocks_CFD;LLY;04_SLTP_TRAIL;BUY;ICHIMOKU;19;200286535680;FAST_GENETIC;611556746;RESEARCH;05_US_Stocks_CFD/LLY/04_SLTP_TRAIL/BUY_ICHIMOKU.set;7BB370DB6948A9340AFBFD891B619731B3C42A84D4D482CC903E7313D0BD57FB
05_US_Stocks_CFD;LLY;04_SLTP_TRAIL;SELL;MULTI;20;9179799552000;FAST_GENETIC;620427873;RESEARCH;05_US_Stocks_CFD/LLY/04_SLTP_TRAIL/SELL_MULTI.set;D9E53C10F5D62C0784A9FDCDABBBABABAC2AA3A0CE501804BB186B865F415A0D
05_US_Stocks_CFD;LLY;04_SLTP_TRAIL;SELL;ICHIMOKU;19;200286535680;FAST_GENETIC;662490838;RESEARCH;05_US_Stocks_CFD/LLY/04_SLTP_TRAIL/SELL_ICHIMOKU.set;D3447F6CD924F6153A9E9DE6E0BF6F8EC6011412C339FCD932FD1A8B66BB23C3
05_US_Stocks_CFD;LLY;05_BE_TRAIL;BUY;MULTI;19;1043159040000;FAST_GENETIC;657935098;RESEARCH;05_US_Stocks_CFD/LLY/05_BE_TRAIL/BUY_MULTI.set;FCD692E474570847D95DF4DA32E207DA44D04892F921729BA0EDCD9CB437A638
05_US_Stocks_CFD;LLY;05_BE_TRAIL;BUY;ICHIMOKU;18;22759833600;FAST_GENETIC;667363967;RESEARCH;05_US_Stocks_CFD/LLY/05_BE_TRAIL/BUY_ICHIMOKU.set;B5D00BD719740B0412FA27385FB2AC1F6F54661E406E4C3CE32B66BDF251909B
05_US_Stocks_CFD;LLY;05_BE_TRAIL;SELL;MULTI;19;1043159040000;FAST_GENETIC;635253266;RESEARCH;05_US_Stocks_CFD/LLY/05_BE_TRAIL/SELL_MULTI.set;2F0BE2C1164E66177C72ECADFEE0A4A4C824F0894200A863D24DE26AF515CAF0
05_US_Stocks_CFD;LLY;05_BE_TRAIL;SELL;ICHIMOKU;18;22759833600;FAST_GENETIC;642711627;RESEARCH;05_US_Stocks_CFD/LLY/05_BE_TRAIL/SELL_ICHIMOKU.set;AFACF878C1B3FF006E285AF9C202A4CB71CCEFBDB0DF4EA84A627D98047611AA
05_US_Stocks_CFD;LLY;06_REVERSAL_EXIT;BUY;MULTI;21;1669054464000;FAST_GENETIC;652806772;RESEARCH;05_US_Stocks_CFD/LLY/06_REVERSAL_EXIT/BUY_MULTI.set;2892ED506B3CE3D4DD9121B9EEBCFA58777A80F6FD9010287B1D55EB3B69503C
05_US_Stocks_CFD;LLY;06_REVERSAL_EXIT;BUY;ICHIMOKU;20;36415733760;FAST_GENETIC;645294075;RESEARCH;05_US_Stocks_CFD/LLY/06_REVERSAL_EXIT/BUY_ICHIMOKU.set;0481A7D726AA1EE80DFEF13B13D45FC6CA27946036D515A3F65ECFFF9BFDC241
05_US_Stocks_CFD;LLY;06_REVERSAL_EXIT;SELL;MULTI;21;1669054464000;FAST_GENETIC;633863449;RESEARCH;05_US_Stocks_CFD/LLY/06_REVERSAL_EXIT/SELL_MULTI.set;0ADE2EF765A662BFDB621D461D15F591C556EE12848BE59F72351C875C0E10E0
05_US_Stocks_CFD;LLY;06_REVERSAL_EXIT;SELL;ICHIMOKU;20;36415733760;FAST_GENETIC;648761763;RESEARCH;05_US_Stocks_CFD/LLY/06_REVERSAL_EXIT/SELL_ICHIMOKU.set;CF219BB747298855CF80E7D4AC0861127438721795C7613C6F0ACD4189AB2262
05_US_Stocks_CFD;LLY;07_GRID_SEPARATE;BUY;MULTI;20;3161410560000;FAST_GENETIC;663159560;HEDGE_ACCOUNT_REQUIRED;05_US_Stocks_CFD/LLY/07_GRID_SEPARATE/BUY_MULTI.set;8062ED7B94E2CBD394D9AD41DFA688620BA80735FE2C482F14AC04DC4F030B12
05_US_Stocks_CFD;LLY;07_GRID_SEPARATE;BUY;ICHIMOKU;19;68976230400;FAST_GENETIC;699474356;HEDGE_ACCOUNT_REQUIRED;05_US_Stocks_CFD/LLY/07_GRID_SEPARATE/BUY_ICHIMOKU.set;E23EDA1D2DB9A3027331D48CE1753158ED145273375824A79DD0923FCBAE4AEA
05_US_Stocks_CFD;LLY;07_GRID_SEPARATE;SELL;MULTI;20;3161410560000;FAST_GENETIC;628625119;HEDGE_ACCOUNT_REQUIRED;05_US_Stocks_CFD/LLY/07_GRID_SEPARATE/SELL_MULTI.set;3B8BF32DEAFCB774D6257BBC84FB1627D71EE0BDD396E42BD2819D259C5E1D91
05_US_Stocks_CFD;LLY;07_GRID_SEPARATE;SELL;ICHIMOKU;19;68976230400;FAST_GENETIC;658212406;HEDGE_ACCOUNT_REQUIRED;05_US_Stocks_CFD/LLY/07_GRID_SEPARATE/SELL_ICHIMOKU.set;E9B8F505B6202BF6D41E4189251646ABBDD8EA839B94F452515D57365D8BDDEA
05_US_Stocks_CFD;LLY;08_GRID_UNIFIED;BOTH;MULTI;21;15807052800000;FAST_GENETIC;630429575;HEDGE_ACCOUNT_REQUIRED;05_US_Stocks_CFD/LLY/08_GRID_UNIFIED/BOTH_MULTI.set;0EE88098DA86835373DCE0DFF64D8623290B1C36FB8C7CFC86024C9F9E59447D
05_US_Stocks_CFD;LLY;08_GRID_UNIFIED;BOTH;ICHIMOKU;20;344881152000;FAST_GENETIC;666603960;HEDGE_ACCOUNT_REQUIRED;05_US_Stocks_CFD/LLY/08_GRID_UNIFIED/BOTH_ICHIMOKU.set;2DE213AC6AB600931D468B1F498F3AE938FEC768AF45F389E07ACEDFEB82147F
05_US_Stocks_CFD;LLY;09_MARTINGALE;BUY;MULTI;21;18359599104000;FAST_GENETIC;614257031;HIGH_RISK;05_US_Stocks_CFD/LLY/09_MARTINGALE/BUY_MULTI.set;D15CAEC61195CBAD5A7D2AB1EB93BEADC92B0129B1230DCB34C7E7DAF81D6E03
05_US_Stocks_CFD;LLY;09_MARTINGALE;BUY;ICHIMOKU;20;400573071360;FAST_GENETIC;682570515;HIGH_RISK;05_US_Stocks_CFD/LLY/09_MARTINGALE/BUY_ICHIMOKU.set;2F8ABB819B2F2BDC5C7567361DFD5D2313C637D3074D66AEAE9CE3EB9A7A05C7
05_US_Stocks_CFD;LLY;09_MARTINGALE;SELL;MULTI;21;18359599104000;FAST_GENETIC;641702251;HIGH_RISK;05_US_Stocks_CFD/LLY/09_MARTINGALE/SELL_MULTI.set;81C7F283EB1F7B95A48E1E197B1C719313F67B87BB05D758E3D43D92AC43B2E1
05_US_Stocks_CFD;LLY;09_MARTINGALE;SELL;ICHIMOKU;20;400573071360;FAST_GENETIC;653279499;HIGH_RISK;05_US_Stocks_CFD/LLY/09_MARTINGALE/SELL_ICHIMOKU.set;A1C8B41611876236A65A97726FEC17B6FEB7B93F4BCEEBBA00A70A71C6326234
05_US_Stocks_CFD;LLY;10_DALEMBERT;BUY;MULTI;21;13113999360000;FAST_GENETIC;632254484;HIGH_RISK;05_US_Stocks_CFD/LLY/10_DALEMBERT/BUY_MULTI.set;40F7B64CEE974846C268499CE83342C2ECA7BA7CA42C72537EFE8A96117D2779
05_US_Stocks_CFD;LLY;10_DALEMBERT;BUY;ICHIMOKU;20;286123622400;FAST_GENETIC;666213938;HIGH_RISK;05_US_Stocks_CFD/LLY/10_DALEMBERT/BUY_ICHIMOKU.set;5EA14DF95E9E1B0B4B8264AD2A44A96BDB964C13BD4A8EACC21ACA8A27A88CD1
05_US_Stocks_CFD;LLY;10_DALEMBERT;SELL;MULTI;21;13113999360000;FAST_GENETIC;697395726;HIGH_RISK;05_US_Stocks_CFD/LLY/10_DALEMBERT/SELL_MULTI.set;DB8BF758A9CC0C39184876702C9EC9648E5CC2E982FAB283484FB0D9C65D3A3C
05_US_Stocks_CFD;LLY;10_DALEMBERT;SELL;ICHIMOKU;20;286123622400;FAST_GENETIC;642287321;HIGH_RISK;05_US_Stocks_CFD/LLY/10_DALEMBERT/SELL_ICHIMOKU.set;4FE4F4B893208BF379159E079C233C086EBEAB387BBB9FDE4E209DDDDB048D40
05_US_Stocks_CFD;LLY;11_SIGNAL_ONLY;BUY;MULTI;16;354816000;FAST_GENETIC;615851254;HIGH_RISK_RESEARCH;05_US_Stocks_CFD/LLY/11_SIGNAL_ONLY/BUY_MULTI.set;E8B861D4AB74935DF15905F43115ABA59A4686ED34CCD5900E887F2DDC2ED735
05_US_Stocks_CFD;LLY;11_SIGNAL_ONLY;BUY;ICHIMOKU;15;7741440;FAST_GENETIC;624073055;HIGH_RISK_RESEARCH;05_US_Stocks_CFD/LLY/11_SIGNAL_ONLY/BUY_ICHIMOKU.set;EC1781E05DA28C38188EF188E8D27DA62DBB49AA7608182EA69F3503DA0E2B9C
05_US_Stocks_CFD;LLY;11_SIGNAL_ONLY;SELL;MULTI;16;354816000;FAST_GENETIC;662655533;HIGH_RISK_RESEARCH;05_US_Stocks_CFD/LLY/11_SIGNAL_ONLY/SELL_MULTI.set;21A8EF07FE03BB604E227BFC878CF4677F68FC9B58D49FFD4567E28CE5995F16
05_US_Stocks_CFD;LLY;11_SIGNAL_ONLY;SELL;ICHIMOKU;15;7741440;FAST_GENETIC;679299931;HIGH_RISK_RESEARCH;05_US_Stocks_CFD/LLY/11_SIGNAL_ONLY/SELL_ICHIMOKU.set;EA75BADA66449EA19F5D4585A516EBD1566F328D2A0F5C7E694E983A20C1D49A
05_US_Stocks_CFD;MCD;01_SLTP;BUY;MULTI;19;655699968000;FAST_GENETIC;657492855;RESEARCH;05_US_Stocks_CFD/MCD/01_SLTP/BUY_MULTI.set;C343B4B6C89BABA928915C26A2E37E45A0CD104763161BB36651A9A440593BC5
05_US_Stocks_CFD;MCD;01_SLTP;BUY;ICHIMOKU;18;14306181120;FAST_GENETIC;612329994;RESEARCH;05_US_Stocks_CFD/MCD/01_SLTP/BUY_ICHIMOKU.set;99DEB60C7086CF006848FD33C9711980BA009C5AFAE49A772652F3D5F127E6CE
05_US_Stocks_CFD;MCD;01_SLTP;SELL;MULTI;19;655699968000;FAST_GENETIC;621868547;RESEARCH;05_US_Stocks_CFD/MCD/01_SLTP/SELL_MULTI.set;026897F1B0CEFD08C4EB27FAECD7CB2C9D23098C1318918106EF5DBD42F8384A
05_US_Stocks_CFD;MCD;01_SLTP;SELL;ICHIMOKU;18;14306181120;FAST_GENETIC;673918032;RESEARCH;05_US_Stocks_CFD/MCD/01_SLTP/SELL_ICHIMOKU.set;8B8EEC14278A5830E5C6FEE4F95E7559D61C59BDF7EF656258BF68E3DB3C500B
05_US_Stocks_CFD;MCD;02_SLTP_ORGANIC;BUY;MULTI;19;655699968000;FAST_GENETIC;634701940;RESEARCH;05_US_Stocks_CFD/MCD/02_SLTP_ORGANIC/BUY_MULTI.set;A93CCC272338671C213E39AD4F9ACD6FCCC26175BC65C293FCCB0531D4CC56D7
05_US_Stocks_CFD;MCD;02_SLTP_ORGANIC;BUY;ICHIMOKU;18;14306181120;FAST_GENETIC;677867926;RESEARCH;05_US_Stocks_CFD/MCD/02_SLTP_ORGANIC/BUY_ICHIMOKU.set;B9FFBC50C3B8836A95AB927395463D54D2853BE247505EA01CDDBE1A210F544C
05_US_Stocks_CFD;MCD;02_SLTP_ORGANIC;SELL;MULTI;19;655699968000;FAST_GENETIC;674149510;RESEARCH;05_US_Stocks_CFD/MCD/02_SLTP_ORGANIC/SELL_MULTI.set;1651CE5287E4BCD5711DB1BD6D802CF8E62A2B56D8EF82775482A83D92F5DA11
05_US_Stocks_CFD;MCD;02_SLTP_ORGANIC;SELL;ICHIMOKU;18;14306181120;FAST_GENETIC;659765480;RESEARCH;05_US_Stocks_CFD/MCD/02_SLTP_ORGANIC/SELL_ICHIMOKU.set;C8F4291BF7225ECA2AA61888A666FD90DF7243CC6E16C63EFC8D1B1FF0C264B5
05_US_Stocks_CFD;MCD;03_TRAIL_ONLY;BUY;MULTI;20;2086318080000;FAST_GENETIC;654161770;RESEARCH;05_US_Stocks_CFD/MCD/03_TRAIL_ONLY/BUY_MULTI.set;B8826E87AB1E0A942969BEB43C0CC9E6A17929D233619D66016D9ADB03B0818C
05_US_Stocks_CFD;MCD;03_TRAIL_ONLY;BUY;ICHIMOKU;19;45519667200;FAST_GENETIC;674666290;RESEARCH;05_US_Stocks_CFD/MCD/03_TRAIL_ONLY/BUY_ICHIMOKU.set;71E38F5B161CB622FCE492DFA759EF245297668BEADC4E7479044CAB19AFE695
05_US_Stocks_CFD;MCD;03_TRAIL_ONLY;SELL;MULTI;20;2086318080000;FAST_GENETIC;671974615;RESEARCH;05_US_Stocks_CFD/MCD/03_TRAIL_ONLY/SELL_MULTI.set;04F4081DE12046981E9ECE5A7103984886ECC1795D3D2E45488FC0C7228CA801
05_US_Stocks_CFD;MCD;03_TRAIL_ONLY;SELL;ICHIMOKU;19;45519667200;FAST_GENETIC;699774468;RESEARCH;05_US_Stocks_CFD/MCD/03_TRAIL_ONLY/SELL_ICHIMOKU.set;0FA14B7D5A5BCD9E1C5A2E1898B87EDC62545B8CE4CB002A635DEE6EB8CFFA9B
05_US_Stocks_CFD;MCD;04_SLTP_TRAIL;BUY;MULTI;20;9179799552000;FAST_GENETIC;673555587;RESEARCH;05_US_Stocks_CFD/MCD/04_SLTP_TRAIL/BUY_MULTI.set;C8658F6901854157409F89CD405FC26F110180812867EDAA32424AB343A37CB0
05_US_Stocks_CFD;MCD;04_SLTP_TRAIL;BUY;ICHIMOKU;19;200286535680;FAST_GENETIC;648865145;RESEARCH;05_US_Stocks_CFD/MCD/04_SLTP_TRAIL/BUY_ICHIMOKU.set;4002A4654D90A08235A39734AC24DC59E8C567B261C8B93CC9D4242C6BE924B5
05_US_Stocks_CFD;MCD;04_SLTP_TRAIL;SELL;MULTI;20;9179799552000;FAST_GENETIC;644771422;RESEARCH;05_US_Stocks_CFD/MCD/04_SLTP_TRAIL/SELL_MULTI.set;0F8F4DB86E5E0A7689B207FCF82E1D4F18E893098109DF75E97B60966A0D9A30
05_US_Stocks_CFD;MCD;04_SLTP_TRAIL;SELL;ICHIMOKU;19;200286535680;FAST_GENETIC;630724617;RESEARCH;05_US_Stocks_CFD/MCD/04_SLTP_TRAIL/SELL_ICHIMOKU.set;613D99B483B9263B5467465F948AC7F3CBD76363336B3B93691764EE5FCC55AC
05_US_Stocks_CFD;MCD;05_BE_TRAIL;BUY;MULTI;19;1043159040000;FAST_GENETIC;612631750;RESEARCH;05_US_Stocks_CFD/MCD/05_BE_TRAIL/BUY_MULTI.set;CBCBA9D0D386360042CD65DCBEF64DBBD5F7A767A71260A0DE9CCF62F662512C
05_US_Stocks_CFD;MCD;05_BE_TRAIL;BUY;ICHIMOKU;18;22759833600;FAST_GENETIC;670574224;RESEARCH;05_US_Stocks_CFD/MCD/05_BE_TRAIL/BUY_ICHIMOKU.set;0D4AE6ABD8E96D542739DB1A5D624F70D2C5D6F2E4154D35CCC94EF627A1B632
05_US_Stocks_CFD;MCD;05_BE_TRAIL;SELL;MULTI;19;1043159040000;FAST_GENETIC;612745835;RESEARCH;05_US_Stocks_CFD/MCD/05_BE_TRAIL/SELL_MULTI.set;B449D378892BACD7D72489FCB65C2C27F414711FD51135FD0672A78739D6ABC0
05_US_Stocks_CFD;MCD;05_BE_TRAIL;SELL;ICHIMOKU;18;22759833600;FAST_GENETIC;668136199;RESEARCH;05_US_Stocks_CFD/MCD/05_BE_TRAIL/SELL_ICHIMOKU.set;7FDFAEB027C4384E0ED9DCC6DBB823EDA3BB7512B8F10E4C0571149819501DAF
05_US_Stocks_CFD;MCD;06_REVERSAL_EXIT;BUY;MULTI;21;1669054464000;FAST_GENETIC;617774713;RESEARCH;05_US_Stocks_CFD/MCD/06_REVERSAL_EXIT/BUY_MULTI.set;468CC4126432C907C77B8FDAB6A5FBB74097B274DA44EA42DF1733634EF1FCFD
05_US_Stocks_CFD;MCD;06_REVERSAL_EXIT;BUY;ICHIMOKU;20;36415733760;FAST_GENETIC;631233829;RESEARCH;05_US_Stocks_CFD/MCD/06_REVERSAL_EXIT/BUY_ICHIMOKU.set;1D31728AA6735EBCD179108059E8F7E4718343821E68623C1EF5BC92A49FBA5F
05_US_Stocks_CFD;MCD;06_REVERSAL_EXIT;SELL;MULTI;21;1669054464000;FAST_GENETIC;617391858;RESEARCH;05_US_Stocks_CFD/MCD/06_REVERSAL_EXIT/SELL_MULTI.set;6DE38B10DDE7E6A0A430CAD34545984D0197D1F4EE8A7C89CA6A0E68157D82A3
05_US_Stocks_CFD;MCD;06_REVERSAL_EXIT;SELL;ICHIMOKU;20;36415733760;FAST_GENETIC;662185760;RESEARCH;05_US_Stocks_CFD/MCD/06_REVERSAL_EXIT/SELL_ICHIMOKU.set;0407C44513654222258118E00078CA54DF884F28572F80734FE6625082D93799
05_US_Stocks_CFD;MCD;07_GRID_SEPARATE;BUY;MULTI;20;3161410560000;FAST_GENETIC;688150412;HEDGE_ACCOUNT_REQUIRED;05_US_Stocks_CFD/MCD/07_GRID_SEPARATE/BUY_MULTI.set;A1F66F57D7E04694889E4BB16B80560625AA27F21D6087BB1B05C273B2466424
05_US_Stocks_CFD;MCD;07_GRID_SEPARATE;BUY;ICHIMOKU;19;68976230400;FAST_GENETIC;670548121;HEDGE_ACCOUNT_REQUIRED;05_US_Stocks_CFD/MCD/07_GRID_SEPARATE/BUY_ICHIMOKU.set;5F4A45779EE7D121BF0B2CFF07BD0D25CBED172CE4F4A21EB6F9C4354E86EC89
05_US_Stocks_CFD;MCD;07_GRID_SEPARATE;SELL;MULTI;20;3161410560000;FAST_GENETIC;656163924;HEDGE_ACCOUNT_REQUIRED;05_US_Stocks_CFD/MCD/07_GRID_SEPARATE/SELL_MULTI.set;017D8F804E1D604B38A2D67009B7E97323D51F4664C29BA7FD42BEFCC7404E57
05_US_Stocks_CFD;MCD;07_GRID_SEPARATE;SELL;ICHIMOKU;19;68976230400;FAST_GENETIC;626945859;HEDGE_ACCOUNT_REQUIRED;05_US_Stocks_CFD/MCD/07_GRID_SEPARATE/SELL_ICHIMOKU.set;638C2E114A35DA64F61E88399E8014E04D81823AA04648CBD812381EED091AE1
05_US_Stocks_CFD;MCD;08_GRID_UNIFIED;BOTH;MULTI;21;15807052800000;FAST_GENETIC;630545827;HEDGE_ACCOUNT_REQUIRED;05_US_Stocks_CFD/MCD/08_GRID_UNIFIED/BOTH_MULTI.set;D52713954FC3B15B07E10D2409AF966CD19D0EB526878B778694D8337117DC3A
05_US_Stocks_CFD;MCD;08_GRID_UNIFIED;BOTH;ICHIMOKU;20;344881152000;FAST_GENETIC;656800364;HEDGE_ACCOUNT_REQUIRED;05_US_Stocks_CFD/MCD/08_GRID_UNIFIED/BOTH_ICHIMOKU.set;C2F616459D3AFEBE3695544A98A17B4C38499BCFD96C025D6A53EC1B0A7B5EB5
05_US_Stocks_CFD;MCD;09_MARTINGALE;BUY;MULTI;21;18359599104000;FAST_GENETIC;683736902;HIGH_RISK;05_US_Stocks_CFD/MCD/09_MARTINGALE/BUY_MULTI.set;A87D769BD1319416C3E12CD74A30AED2EE007D6C904F4C1542B6DF564297D7C8
05_US_Stocks_CFD;MCD;09_MARTINGALE;BUY;ICHIMOKU;20;400573071360;FAST_GENETIC;646064930;HIGH_RISK;05_US_Stocks_CFD/MCD/09_MARTINGALE/BUY_ICHIMOKU.set;F85ED047369DB18F1189618FAE31C7403A236353614815368DFA91B392C713B6
05_US_Stocks_CFD;MCD;09_MARTINGALE;SELL;MULTI;21;18359599104000;FAST_GENETIC;689848508;HIGH_RISK;05_US_Stocks_CFD/MCD/09_MARTINGALE/SELL_MULTI.set;3FEB437FB4B8E8C401F2D17AED79330255B8A0EE2009D72EC24A4658D481EC76
05_US_Stocks_CFD;MCD;09_MARTINGALE;SELL;ICHIMOKU;20;400573071360;FAST_GENETIC;610207465;HIGH_RISK;05_US_Stocks_CFD/MCD/09_MARTINGALE/SELL_ICHIMOKU.set;B38BF2D187236CAB7FE7F13452395601F071A173CC220A34907566A605AC45F3
05_US_Stocks_CFD;MCD;10_DALEMBERT;BUY;MULTI;21;13113999360000;FAST_GENETIC;672028380;HIGH_RISK;05_US_Stocks_CFD/MCD/10_DALEMBERT/BUY_MULTI.set;1383B776BA5F9EF087365731AFF2F51340EEC57682A55144285056054256AEAF
05_US_Stocks_CFD;MCD;10_DALEMBERT;BUY;ICHIMOKU;20;286123622400;FAST_GENETIC;614688133;HIGH_RISK;05_US_Stocks_CFD/MCD/10_DALEMBERT/BUY_ICHIMOKU.set;C9202D4445E662AC0C507340E38BCC011F2BA86DD8EB9A59BCA3FC79A6297F1E
05_US_Stocks_CFD;MCD;10_DALEMBERT;SELL;MULTI;21;13113999360000;FAST_GENETIC;619674005;HIGH_RISK;05_US_Stocks_CFD/MCD/10_DALEMBERT/SELL_MULTI.set;0677A884F68CB9E3DCCE63529CF5AF108BBABC5562572A5AB999C7154AD1177C
05_US_Stocks_CFD;MCD;10_DALEMBERT;SELL;ICHIMOKU;20;286123622400;FAST_GENETIC;613305473;HIGH_RISK;05_US_Stocks_CFD/MCD/10_DALEMBERT/SELL_ICHIMOKU.set;5AB4180F707615E5FD1A6E901CBED22C8C97C4384C2689D58F808C77B81B47AF
05_US_Stocks_CFD;MCD;11_SIGNAL_ONLY;BUY;MULTI;16;354816000;FAST_GENETIC;627748796;HIGH_RISK_RESEARCH;05_US_Stocks_CFD/MCD/11_SIGNAL_ONLY/BUY_MULTI.set;DFA21CC1AFC9F8A029EC872EB3AD6D0A25A2D8D76AB470AD31F6CCEBA55D88EF
05_US_Stocks_CFD;MCD;11_SIGNAL_ONLY;BUY;ICHIMOKU;15;7741440;FAST_GENETIC;670216385;HIGH_RISK_RESEARCH;05_US_Stocks_CFD/MCD/11_SIGNAL_ONLY/BUY_ICHIMOKU.set;C764EC224D64DCE5CC197A17229A2266009C5042775C83822EBDB8060A16569F
05_US_Stocks_CFD;MCD;11_SIGNAL_ONLY;SELL;MULTI;16;354816000;FAST_GENETIC;673060598;HIGH_RISK_RESEARCH;05_US_Stocks_CFD/MCD/11_SIGNAL_ONLY/SELL_MULTI.set;84DF5CC5B0A20897DB377FED22760AD508F2836B06527EAAF3634ABFDD344563
05_US_Stocks_CFD;MCD;11_SIGNAL_ONLY;SELL;ICHIMOKU;15;7741440;FAST_GENETIC;683320880;HIGH_RISK_RESEARCH;05_US_Stocks_CFD/MCD/11_SIGNAL_ONLY/SELL_ICHIMOKU.set;828B9E01C4BF77C71156BFDCC19A07EB943BFB3A0BD7C3BEC6761A8DCC9407A1
05_US_Stocks_CFD;META;01_SLTP;BUY;MULTI;19;655699968000;FAST_GENETIC;696802576;RESEARCH;05_US_Stocks_CFD/META/01_SLTP/BUY_MULTI.set;82D80EB0CCB1E19B779214386E6CB65516A8F5A52880FA12454AD198904F9F3B
05_US_Stocks_CFD;META;01_SLTP;BUY;ICHIMOKU;18;14306181120;FAST_GENETIC;689123765;RESEARCH;05_US_Stocks_CFD/META/01_SLTP/BUY_ICHIMOKU.set;CA8AE4AFC051E9C39C9B6EF6D331C73E4D32C6BE6E4B99BCD9C957705FCCF7C8
05_US_Stocks_CFD;META;01_SLTP;SELL;MULTI;19;655699968000;FAST_GENETIC;630246229;RESEARCH;05_US_Stocks_CFD/META/01_SLTP/SELL_MULTI.set;6C602E69CC4CA756D4CCCA53389CC8B8D8B869786C4A47CD7373C95720815C7C
05_US_Stocks_CFD;META;01_SLTP;SELL;ICHIMOKU;18;14306181120;FAST_GENETIC;685957193;RESEARCH;05_US_Stocks_CFD/META/01_SLTP/SELL_ICHIMOKU.set;5A5282DDC6CA0DFA82CBA6A34DC82DE312ACC6E72C1C6F1BA65E3D624BE7FBA6
05_US_Stocks_CFD;META;02_SLTP_ORGANIC;BUY;MULTI;19;655699968000;FAST_GENETIC;630296969;RESEARCH;05_US_Stocks_CFD/META/02_SLTP_ORGANIC/BUY_MULTI.set;4104FB17BA584E2E200216E476A9CCCF084C574361050B8F0600D3CCD59A03C4
05_US_Stocks_CFD;META;02_SLTP_ORGANIC;BUY;ICHIMOKU;18;14306181120;FAST_GENETIC;611782100;RESEARCH;05_US_Stocks_CFD/META/02_SLTP_ORGANIC/BUY_ICHIMOKU.set;8A3CF6D3C89A2B3DE029BC1D1C7840E921A6111072D418EDC94862F98864AB27
05_US_Stocks_CFD;META;02_SLTP_ORGANIC;SELL;MULTI;19;655699968000;FAST_GENETIC;624683625;RESEARCH;05_US_Stocks_CFD/META/02_SLTP_ORGANIC/SELL_MULTI.set;9899C071A0BA69EAF22D246F8C42C5ECE73B0B75C0EAA51E74494800CE189730
05_US_Stocks_CFD;META;02_SLTP_ORGANIC;SELL;ICHIMOKU;18;14306181120;FAST_GENETIC;696456574;RESEARCH;05_US_Stocks_CFD/META/02_SLTP_ORGANIC/SELL_ICHIMOKU.set;04257CBB18453C70E577A3F04D0BB0BC1AF915D396B0B3AF57DE856AFC0B1349
05_US_Stocks_CFD;META;03_TRAIL_ONLY;BUY;MULTI;20;2086318080000;FAST_GENETIC;648342557;RESEARCH;05_US_Stocks_CFD/META/03_TRAIL_ONLY/BUY_MULTI.set;90977E65271AF16AE07398326CE0ACAB5D28A53FFC44261F9820B4C321A892E8
05_US_Stocks_CFD;META;03_TRAIL_ONLY;BUY;ICHIMOKU;19;45519667200;FAST_GENETIC;627361600;RESEARCH;05_US_Stocks_CFD/META/03_TRAIL_ONLY/BUY_ICHIMOKU.set;19EEF64190C75A645948ADF0AEACA34EBD597FE85C194BF3B3823DCDECC01708
05_US_Stocks_CFD;META;03_TRAIL_ONLY;SELL;MULTI;20;2086318080000;FAST_GENETIC;649449669;RESEARCH;05_US_Stocks_CFD/META/03_TRAIL_ONLY/SELL_MULTI.set;9FF92BB0EE6929E546353040A2F501AB4471BD4788132CED722DEFD74945CC04
05_US_Stocks_CFD;META;03_TRAIL_ONLY;SELL;ICHIMOKU;19;45519667200;FAST_GENETIC;687871100;RESEARCH;05_US_Stocks_CFD/META/03_TRAIL_ONLY/SELL_ICHIMOKU.set;FAC63FF4D56FE30E36F6A9470D39ED84DBABDAB422F738F60CD142E466FBB292
05_US_Stocks_CFD;META;04_SLTP_TRAIL;BUY;MULTI;20;9179799552000;FAST_GENETIC;634529704;RESEARCH;05_US_Stocks_CFD/META/04_SLTP_TRAIL/BUY_MULTI.set;1FC091A2D8909C08464C053816FA8F370BB63220EC4655E015761EDAB8C48711
05_US_Stocks_CFD;META;04_SLTP_TRAIL;BUY;ICHIMOKU;19;200286535680;FAST_GENETIC;615451292;RESEARCH;05_US_Stocks_CFD/META/04_SLTP_TRAIL/BUY_ICHIMOKU.set;7DE05B6B14CE1FB4B7FAE86CCD707082B7EE31BAAF23D13C2AA866EF8ABE7E50
05_US_Stocks_CFD;META;04_SLTP_TRAIL;SELL;MULTI;20;9179799552000;FAST_GENETIC;638189463;RESEARCH;05_US_Stocks_CFD/META/04_SLTP_TRAIL/SELL_MULTI.set;3E058C3A67134DB01FC688E1539B0E4C944E8FA9DCF96D6E05DD624271B9DF3E
05_US_Stocks_CFD;META;04_SLTP_TRAIL;SELL;ICHIMOKU;19;200286535680;FAST_GENETIC;631091418;RESEARCH;05_US_Stocks_CFD/META/04_SLTP_TRAIL/SELL_ICHIMOKU.set;B5589641BBFBCDECBB692FAA94360A6914E5CCC11CCFD2D116D1AD6F9FAA4EEF
05_US_Stocks_CFD;META;05_BE_TRAIL;BUY;MULTI;19;1043159040000;FAST_GENETIC;620708256;RESEARCH;05_US_Stocks_CFD/META/05_BE_TRAIL/BUY_MULTI.set;EE4F20DF73384963A439B09F7C4773BFC97652C0AE5B41628F82BFAF82E00636
05_US_Stocks_CFD;META;05_BE_TRAIL;BUY;ICHIMOKU;18;22759833600;FAST_GENETIC;668397936;RESEARCH;05_US_Stocks_CFD/META/05_BE_TRAIL/BUY_ICHIMOKU.set;95205127AED5B7E6A0EA1CA8183B13A6FF970A2631C958F4E2FD38C03E47DCAE
05_US_Stocks_CFD;META;05_BE_TRAIL;SELL;MULTI;19;1043159040000;FAST_GENETIC;646541179;RESEARCH;05_US_Stocks_CFD/META/05_BE_TRAIL/SELL_MULTI.set;B9B8169FF366D945C8C2A97D2AEAA1BBCFDBB6A52C3CA388EFC893B7775B1D7A
05_US_Stocks_CFD;META;05_BE_TRAIL;SELL;ICHIMOKU;18;22759833600;FAST_GENETIC;646405721;RESEARCH;05_US_Stocks_CFD/META/05_BE_TRAIL/SELL_ICHIMOKU.set;6587E05555C833119C28A79329015439861ACB28B4BA4E8B3DCE608C7BAF9FD0
05_US_Stocks_CFD;META;06_REVERSAL_EXIT;BUY;MULTI;21;1669054464000;FAST_GENETIC;625253734;RESEARCH;05_US_Stocks_CFD/META/06_REVERSAL_EXIT/BUY_MULTI.set;1ED8DF45F53814FD86BC8772240627CC15B3502CF2E4443B36A8906BC130A5F4
05_US_Stocks_CFD;META;06_REVERSAL_EXIT;BUY;ICHIMOKU;20;36415733760;FAST_GENETIC;614346717;RESEARCH;05_US_Stocks_CFD/META/06_REVERSAL_EXIT/BUY_ICHIMOKU.set;B32B1F336E0FA5454F57D394EFB3DA85D0CC47FA8A1B8C93F3DD0542CB4F8BB8
05_US_Stocks_CFD;META;06_REVERSAL_EXIT;SELL;MULTI;21;1669054464000;FAST_GENETIC;672199610;RESEARCH;05_US_Stocks_CFD/META/06_REVERSAL_EXIT/SELL_MULTI.set;F9B6009BA8C71CA7E8D7429357DE1B5A59EE40F68BA033047C76C35DEB46BBA8
05_US_Stocks_CFD;META;06_REVERSAL_EXIT;SELL;ICHIMOKU;20;36415733760;FAST_GENETIC;616343970;RESEARCH;05_US_Stocks_CFD/META/06_REVERSAL_EXIT/SELL_ICHIMOKU.set;827513723757219CD2B6FB4792E7ECACC86EE62FCD2D0EFBA6CF1454276AD210
05_US_Stocks_CFD;META;07_GRID_SEPARATE;BUY;MULTI;20;3161410560000;FAST_GENETIC;677713980;HEDGE_ACCOUNT_REQUIRED;05_US_Stocks_CFD/META/07_GRID_SEPARATE/BUY_MULTI.set;953716A37A557AA7A78A1C6FC99417AB213B60E12A9997142069A90A47250E8C
05_US_Stocks_CFD;META;07_GRID_SEPARATE;BUY;ICHIMOKU;19;68976230400;FAST_GENETIC;689757893;HEDGE_ACCOUNT_REQUIRED;05_US_Stocks_CFD/META/07_GRID_SEPARATE/BUY_ICHIMOKU.set;8DDB093C04242C4DED9982B50CB475E97539F3477AEBAB3BD143D4FE9212E0EE
05_US_Stocks_CFD;META;07_GRID_SEPARATE;SELL;MULTI;20;3161410560000;FAST_GENETIC;610610604;HEDGE_ACCOUNT_REQUIRED;05_US_Stocks_CFD/META/07_GRID_SEPARATE/SELL_MULTI.set;FC2581940C1145AE253DB6ED8F80DB8BD125E5F4F0531E0DBDF3FB67FA383C3C
05_US_Stocks_CFD;META;07_GRID_SEPARATE;SELL;ICHIMOKU;19;68976230400;FAST_GENETIC;682610506;HEDGE_ACCOUNT_REQUIRED;05_US_Stocks_CFD/META/07_GRID_SEPARATE/SELL_ICHIMOKU.set;94CCCDFE121E6CAE1E2C679207480B632380857B2CAC87817E48DFFBB47C0B68
05_US_Stocks_CFD;META;08_GRID_UNIFIED;BOTH;MULTI;21;15807052800000;FAST_GENETIC;677146863;HEDGE_ACCOUNT_REQUIRED;05_US_Stocks_CFD/META/08_GRID_UNIFIED/BOTH_MULTI.set;4644E303B54A725A45F97EB3D904C2F4B7B403C90F3B9401315D01ECD65B59CF
05_US_Stocks_CFD;META;08_GRID_UNIFIED;BOTH;ICHIMOKU;20;344881152000;FAST_GENETIC;613810930;HEDGE_ACCOUNT_REQUIRED;05_US_Stocks_CFD/META/08_GRID_UNIFIED/BOTH_ICHIMOKU.set;04A4E7A7B631282E5DDF62DC83E55DF07E822DFEAA59C524836EEBC2FBE1C5B0
05_US_Stocks_CFD;META;09_MARTINGALE;BUY;MULTI;21;18359599104000;FAST_GENETIC;643347130;HIGH_RISK;05_US_Stocks_CFD/META/09_MARTINGALE/BUY_MULTI.set;BA21E1158926F1CA432EB92DD82E347012583EB4370625D8E0F41C93F568380C
05_US_Stocks_CFD;META;09_MARTINGALE;BUY;ICHIMOKU;20;400573071360;FAST_GENETIC;686718741;HIGH_RISK;05_US_Stocks_CFD/META/09_MARTINGALE/BUY_ICHIMOKU.set;6283DF034887028A9E7DF535449B93E9C410795746C3C90EF842C009B62840DD
05_US_Stocks_CFD;META;09_MARTINGALE;SELL;MULTI;21;18359599104000;FAST_GENETIC;620951602;HIGH_RISK;05_US_Stocks_CFD/META/09_MARTINGALE/SELL_MULTI.set;09BF4900FC220D70C98C03C558A1277181AEB5B5572001F8C17DF44FF5C9A9CC
05_US_Stocks_CFD;META;09_MARTINGALE;SELL;ICHIMOKU;20;400573071360;FAST_GENETIC;698091386;HIGH_RISK;05_US_Stocks_CFD/META/09_MARTINGALE/SELL_ICHIMOKU.set;3ADBF07A29C8CEA9FFED00F019DA548A76A7A83EA16D914B6519DBB790E5CC60
05_US_Stocks_CFD;META;10_DALEMBERT;BUY;MULTI;21;13113999360000;FAST_GENETIC;638062047;HIGH_RISK;05_US_Stocks_CFD/META/10_DALEMBERT/BUY_MULTI.set;347088BE1A170215DE64CD460E368E2DFD0D8DE17773E154347E5D74751F2608
05_US_Stocks_CFD;META;10_DALEMBERT;BUY;ICHIMOKU;20;286123622400;FAST_GENETIC;685838699;HIGH_RISK;05_US_Stocks_CFD/META/10_DALEMBERT/BUY_ICHIMOKU.set;6B976D5C4CD42A2D35789DA0C3F7683273BC3100CA4B316CB61FB5DB49D8C9E9
05_US_Stocks_CFD;META;10_DALEMBERT;SELL;MULTI;21;13113999360000;FAST_GENETIC;686240903;HIGH_RISK;05_US_Stocks_CFD/META/10_DALEMBERT/SELL_MULTI.set;44D4A9081A160A22BCB9DD402A07AE9A9B67D0E97756CDB8A94F69612B366C3A
05_US_Stocks_CFD;META;10_DALEMBERT;SELL;ICHIMOKU;20;286123622400;FAST_GENETIC;620294360;HIGH_RISK;05_US_Stocks_CFD/META/10_DALEMBERT/SELL_ICHIMOKU.set;3AB99D119CE28C3D5864DCD4D6B37397ED41D96FABD24A76B337C84B30D390B2
05_US_Stocks_CFD;META;11_SIGNAL_ONLY;BUY;MULTI;16;354816000;FAST_GENETIC;621734740;HIGH_RISK_RESEARCH;05_US_Stocks_CFD/META/11_SIGNAL_ONLY/BUY_MULTI.set;C5A57B7133A3C9C27C0406763CA40375DB2AB6FC67BE5C3B376E2E50532553DA
05_US_Stocks_CFD;META;11_SIGNAL_ONLY;BUY;ICHIMOKU;15;7741440;FAST_GENETIC;675613816;HIGH_RISK_RESEARCH;05_US_Stocks_CFD/META/11_SIGNAL_ONLY/BUY_ICHIMOKU.set;9BFEB1916F558BB8D789351EBC93AC9FAD66A038BB97579337F94F763C09898C
05_US_Stocks_CFD;META;11_SIGNAL_ONLY;SELL;MULTI;16;354816000;FAST_GENETIC;642335942;HIGH_RISK_RESEARCH;05_US_Stocks_CFD/META/11_SIGNAL_ONLY/SELL_MULTI.set;05565E5DEFFC63BCE7A5EBCF295A63884FD131077A4C2BB4E677DC0857820230
05_US_Stocks_CFD;META;11_SIGNAL_ONLY;SELL;ICHIMOKU;15;7741440;FAST_GENETIC;698039310;HIGH_RISK_RESEARCH;05_US_Stocks_CFD/META/11_SIGNAL_ONLY/SELL_ICHIMOKU.set;4428841FDF3BF96B862D7EBCF8E0A9ADB474F17B903E554DF9D37123B6E0BB1E
05_US_Stocks_CFD;MMM;01_SLTP;BUY;MULTI;19;655699968000;FAST_GENETIC;620554534;RESEARCH;05_US_Stocks_CFD/MMM/01_SLTP/BUY_MULTI.set;CFD6249C642146E3154F121743D85BE9E567825CEAEFD6EDAAD3BE1DC8EC4BD3
05_US_Stocks_CFD;MMM;01_SLTP;BUY;ICHIMOKU;18;14306181120;FAST_GENETIC;655818569;RESEARCH;05_US_Stocks_CFD/MMM/01_SLTP/BUY_ICHIMOKU.set;6C09332ACF28E91F21140CAA97F568DFDCF1F32CE4FB0989EF53FD129D112DDB
05_US_Stocks_CFD;MMM;01_SLTP;SELL;MULTI;19;655699968000;FAST_GENETIC;656047809;RESEARCH;05_US_Stocks_CFD/MMM/01_SLTP/SELL_MULTI.set;87A03FD27FCE613E6173B80CE29A2AD0D0F701890E8E44E41186C020548F830C
05_US_Stocks_CFD;MMM;01_SLTP;SELL;ICHIMOKU;18;14306181120;FAST_GENETIC;656401473;RESEARCH;05_US_Stocks_CFD/MMM/01_SLTP/SELL_ICHIMOKU.set;F00D814104623494A47239989EE5A59ADF8605360A85B0F45E0861DCD6F92509
05_US_Stocks_CFD;MMM;02_SLTP_ORGANIC;BUY;MULTI;19;655699968000;FAST_GENETIC;673410301;RESEARCH;05_US_Stocks_CFD/MMM/02_SLTP_ORGANIC/BUY_MULTI.set;0DCF4131ED3150857C74D5C369850C5C08C1EBC03AABD3C565FCFE4159F23D32
05_US_Stocks_CFD;MMM;02_SLTP_ORGANIC;BUY;ICHIMOKU;18;14306181120;FAST_GENETIC;651151333;RESEARCH;05_US_Stocks_CFD/MMM/02_SLTP_ORGANIC/BUY_ICHIMOKU.set;D1C308F75B2011CEA4E795DA281B1B306BA2312BF16258E2EF6EAED8C1E5B9D5
05_US_Stocks_CFD;MMM;02_SLTP_ORGANIC;SELL;MULTI;19;655699968000;FAST_GENETIC;685762206;RESEARCH;05_US_Stocks_CFD/MMM/02_SLTP_ORGANIC/SELL_MULTI.set;8A4B6E247E336F9A53145AC7B599BF268EEE85FB6734A2606A1BF20BC8141056
05_US_Stocks_CFD;MMM;02_SLTP_ORGANIC;SELL;ICHIMOKU;18;14306181120;FAST_GENETIC;634198464;RESEARCH;05_US_Stocks_CFD/MMM/02_SLTP_ORGANIC/SELL_ICHIMOKU.set;4F69660D37A7B64ED2FCAE552F94C12472C71DEBDFB176A814E9D44DEDE0D610
05_US_Stocks_CFD;MMM;03_TRAIL_ONLY;BUY;MULTI;20;2086318080000;FAST_GENETIC;655370226;RESEARCH;05_US_Stocks_CFD/MMM/03_TRAIL_ONLY/BUY_MULTI.set;6177FB0A6F80B9E39FA08385CA984EC46CCBD0CCE8B72C4C0C190CE43DBEE554
05_US_Stocks_CFD;MMM;03_TRAIL_ONLY;BUY;ICHIMOKU;19;45519667200;FAST_GENETIC;616457425;RESEARCH;05_US_Stocks_CFD/MMM/03_TRAIL_ONLY/BUY_ICHIMOKU.set;5ED0D3F475C541A45A881F3C5EDA4784402CFACF19CBE8562C789BBED3594723
05_US_Stocks_CFD;MMM;03_TRAIL_ONLY;SELL;MULTI;20;2086318080000;FAST_GENETIC;684351283;RESEARCH;05_US_Stocks_CFD/MMM/03_TRAIL_ONLY/SELL_MULTI.set;D48E701F35051D158E636728F158148020142CA3A8005686F4A9F086B9612F81
05_US_Stocks_CFD;MMM;03_TRAIL_ONLY;SELL;ICHIMOKU;19;45519667200;FAST_GENETIC;626344184;RESEARCH;05_US_Stocks_CFD/MMM/03_TRAIL_ONLY/SELL_ICHIMOKU.set;429AAB431EBA2A2889B2B489B56D827A71036D3D056D83EDE38C94235E766054
05_US_Stocks_CFD;MMM;04_SLTP_TRAIL;BUY;MULTI;20;9179799552000;FAST_GENETIC;642752484;RESEARCH;05_US_Stocks_CFD/MMM/04_SLTP_TRAIL/BUY_MULTI.set;CE058E450985045751D93E593019C200CF249D5A279CECD7C805EA712F7B9CF5
05_US_Stocks_CFD;MMM;04_SLTP_TRAIL;BUY;ICHIMOKU;19;200286535680;FAST_GENETIC;687633336;RESEARCH;05_US_Stocks_CFD/MMM/04_SLTP_TRAIL/BUY_ICHIMOKU.set;9A8CCD8FBDF740ABC578DB4AA151C5632A8C3DE2E5D9F7470E85E170B1F9F0CD
05_US_Stocks_CFD;MMM;04_SLTP_TRAIL;SELL;MULTI;20;9179799552000;FAST_GENETIC;663313481;RESEARCH;05_US_Stocks_CFD/MMM/04_SLTP_TRAIL/SELL_MULTI.set;8DF66DC6858CC1CA9D298FEB7167CE3B892F6784D7AF3CF477A987D21DC99352
05_US_Stocks_CFD;MMM;04_SLTP_TRAIL;SELL;ICHIMOKU;19;200286535680;FAST_GENETIC;656858670;RESEARCH;05_US_Stocks_CFD/MMM/04_SLTP_TRAIL/SELL_ICHIMOKU.set;9D747739A4B2EC5E6484B3EFC508F2B87836A999BB29A4F4DC2DD50B4F4628FF
05_US_Stocks_CFD;MMM;05_BE_TRAIL;BUY;MULTI;19;1043159040000;FAST_GENETIC;685363701;RESEARCH;05_US_Stocks_CFD/MMM/05_BE_TRAIL/BUY_MULTI.set;5F1DB0A5A7D09544FEB8436277F45C7D8770FB813A70BD9F769B1277BC33AD76
05_US_Stocks_CFD;MMM;05_BE_TRAIL;BUY;ICHIMOKU;18;22759833600;FAST_GENETIC;685478099;RESEARCH;05_US_Stocks_CFD/MMM/05_BE_TRAIL/BUY_ICHIMOKU.set;F3EA66F08C9656CED256B8358DE59149E1360D5493A98DB5CBEA7F1D18A3B4C8
05_US_Stocks_CFD;MMM;05_BE_TRAIL;SELL;MULTI;19;1043159040000;FAST_GENETIC;632436104;RESEARCH;05_US_Stocks_CFD/MMM/05_BE_TRAIL/SELL_MULTI.set;F70AC79DA84987B6B84558086094DBE8C8C2FCA47420FD148E7B3883A3F86650
05_US_Stocks_CFD;MMM;05_BE_TRAIL;SELL;ICHIMOKU;18;22759833600;FAST_GENETIC;643286599;RESEARCH;05_US_Stocks_CFD/MMM/05_BE_TRAIL/SELL_ICHIMOKU.set;50221368A9546CCCADA34AA7FF6E1D278D91B9E50B1A52936ECC021FB076C6D2
05_US_Stocks_CFD;MMM;06_REVERSAL_EXIT;BUY;MULTI;21;1669054464000;FAST_GENETIC;616177865;RESEARCH;05_US_Stocks_CFD/MMM/06_REVERSAL_EXIT/BUY_MULTI.set;F71AA4DEE7CC953EDD3C388BA2D08D66E17F02DAF3FD0F7FA79CDEE68E2EDEF0
05_US_Stocks_CFD;MMM;06_REVERSAL_EXIT;BUY;ICHIMOKU;20;36415733760;FAST_GENETIC;672945213;RESEARCH;05_US_Stocks_CFD/MMM/06_REVERSAL_EXIT/BUY_ICHIMOKU.set;F16B243937E8AE7717EBF21A7184F915961574C060154801347C2DFC129AD615
05_US_Stocks_CFD;MMM;06_REVERSAL_EXIT;SELL;MULTI;21;1669054464000;FAST_GENETIC;682787993;RESEARCH;05_US_Stocks_CFD/MMM/06_REVERSAL_EXIT/SELL_MULTI.set;D337035B50A8D293A83FCE470F37856D1F4DF0758ECBAD3233E6279D98896754
05_US_Stocks_CFD;MMM;06_REVERSAL_EXIT;SELL;ICHIMOKU;20;36415733760;FAST_GENETIC;659162329;RESEARCH;05_US_Stocks_CFD/MMM/06_REVERSAL_EXIT/SELL_ICHIMOKU.set;907702397694D9BCDBE50DC8AA50C48F96D7191FA036098E6BBEBACC25B17502
05_US_Stocks_CFD;MMM;07_GRID_SEPARATE;BUY;MULTI;20;3161410560000;FAST_GENETIC;648286609;HEDGE_ACCOUNT_REQUIRED;05_US_Stocks_CFD/MMM/07_GRID_SEPARATE/BUY_MULTI.set;128AA811FCC28522FDD3C0D41459A605D2C0B2AC0517C682011CB8D004916108
05_US_Stocks_CFD;MMM;07_GRID_SEPARATE;BUY;ICHIMOKU;19;68976230400;FAST_GENETIC;619153041;HEDGE_ACCOUNT_REQUIRED;05_US_Stocks_CFD/MMM/07_GRID_SEPARATE/BUY_ICHIMOKU.set;0A81C098E356DAB43147B05667E0B59049B8C719D92C1A46C6147513085AA369
05_US_Stocks_CFD;MMM;07_GRID_SEPARATE;SELL;MULTI;20;3161410560000;FAST_GENETIC;657825140;HEDGE_ACCOUNT_REQUIRED;05_US_Stocks_CFD/MMM/07_GRID_SEPARATE/SELL_MULTI.set;1C9CAF2A7F78371280CFDF421515506BCE21356705ACDD5E846AB82FCFFAD84D
05_US_Stocks_CFD;MMM;07_GRID_SEPARATE;SELL;ICHIMOKU;19;68976230400;FAST_GENETIC;689122635;HEDGE_ACCOUNT_REQUIRED;05_US_Stocks_CFD/MMM/07_GRID_SEPARATE/SELL_ICHIMOKU.set;C1CCA9362F625CDB06FB3B2244A12D5DFB2B0AC0DD1614C183E5D5E6B2893D35
05_US_Stocks_CFD;MMM;08_GRID_UNIFIED;BOTH;MULTI;21;15807052800000;FAST_GENETIC;619795315;HEDGE_ACCOUNT_REQUIRED;05_US_Stocks_CFD/MMM/08_GRID_UNIFIED/BOTH_MULTI.set;D4EF1EEA47D6F4A8D30E6CD0ED24923CAECD90C1E9D4633CE70336E67AF5D8A6
05_US_Stocks_CFD;MMM;08_GRID_UNIFIED;BOTH;ICHIMOKU;20;344881152000;FAST_GENETIC;626765888;HEDGE_ACCOUNT_REQUIRED;05_US_Stocks_CFD/MMM/08_GRID_UNIFIED/BOTH_ICHIMOKU.set;2C824C31482FA6CDDDD635DD06D6210E87C19B1AD22637869EDA9298815D5E7E
05_US_Stocks_CFD;MMM;09_MARTINGALE;BUY;MULTI;21;18359599104000;FAST_GENETIC;624761950;HIGH_RISK;05_US_Stocks_CFD/MMM/09_MARTINGALE/BUY_MULTI.set;80B999C0F0F4DBC1528E44654800B6EA376011D1C476C425BB06C1BB121BE303
05_US_Stocks_CFD;MMM;09_MARTINGALE;BUY;ICHIMOKU;20;400573071360;FAST_GENETIC;625675246;HIGH_RISK;05_US_Stocks_CFD/MMM/09_MARTINGALE/BUY_ICHIMOKU.set;491CCE5E46F3B880E35CB94F228145E5790C19855E5804FBBB69C6C97D4AD91D
05_US_Stocks_CFD;MMM;09_MARTINGALE;SELL;MULTI;21;18359599104000;FAST_GENETIC;620392602;HIGH_RISK;05_US_Stocks_CFD/MMM/09_MARTINGALE/SELL_MULTI.set;578775E189D44620E823A6E6786CB9313D00C55C0C16E8D7BA685078991CB13E
05_US_Stocks_CFD;MMM;09_MARTINGALE;SELL;ICHIMOKU;20;400573071360;FAST_GENETIC;699564016;HIGH_RISK;05_US_Stocks_CFD/MMM/09_MARTINGALE/SELL_ICHIMOKU.set;AA5FCA88688468D9CAB5008F4CD8F2E779B18608BFB73EF13584730427D6F743
05_US_Stocks_CFD;MMM;10_DALEMBERT;BUY;MULTI;21;13113999360000;FAST_GENETIC;626890794;HIGH_RISK;05_US_Stocks_CFD/MMM/10_DALEMBERT/BUY_MULTI.set;FA9E1FE48A4CC7A09C5FD0BEF493AF4DD2254BC8D3BEE72364FEC8DD14C2A1B3
05_US_Stocks_CFD;MMM;10_DALEMBERT;BUY;ICHIMOKU;20;286123622400;FAST_GENETIC;631771055;HIGH_RISK;05_US_Stocks_CFD/MMM/10_DALEMBERT/BUY_ICHIMOKU.set;9488F85A02FE0B2D6212845A842197B07FE8CAD569F3D356D957C143EC7DE871
05_US_Stocks_CFD;MMM;10_DALEMBERT;SELL;MULTI;21;13113999360000;FAST_GENETIC;679130297;HIGH_RISK;05_US_Stocks_CFD/MMM/10_DALEMBERT/SELL_MULTI.set;E2631F9D3BDD80735EF690E59D54485200DAD3F28ED883481ECC3BA1210CE820
05_US_Stocks_CFD;MMM;10_DALEMBERT;SELL;ICHIMOKU;20;286123622400;FAST_GENETIC;638089099;HIGH_RISK;05_US_Stocks_CFD/MMM/10_DALEMBERT/SELL_ICHIMOKU.set;F6724E13C48A684FC472E7C86300446E6E862026B293D58CEB5A30C4E3D4894C
05_US_Stocks_CFD;MMM;11_SIGNAL_ONLY;BUY;MULTI;16;354816000;FAST_GENETIC;643712902;HIGH_RISK_RESEARCH;05_US_Stocks_CFD/MMM/11_SIGNAL_ONLY/BUY_MULTI.set;A2E38A5716B508BEFA3FF82E2C90E16865DBA26749E65BB680C10D97A5513175
05_US_Stocks_CFD;MMM;11_SIGNAL_ONLY;BUY;ICHIMOKU;15;7741440;FAST_GENETIC;656389819;HIGH_RISK_RESEARCH;05_US_Stocks_CFD/MMM/11_SIGNAL_ONLY/BUY_ICHIMOKU.set;68ED8A68BF4E015B7494BDEB14F5EA115E6B90B620365428C093E0E26C9EE8E1
05_US_Stocks_CFD;MMM;11_SIGNAL_ONLY;SELL;MULTI;16;354816000;FAST_GENETIC;672954795;HIGH_RISK_RESEARCH;05_US_Stocks_CFD/MMM/11_SIGNAL_ONLY/SELL_MULTI.set;CCB06F7DE82CB7E890F498A1CBEDDB44A44D82804296F0E45D2617BF9152D520
05_US_Stocks_CFD;MMM;11_SIGNAL_ONLY;SELL;ICHIMOKU;15;7741440;FAST_GENETIC;610404420;HIGH_RISK_RESEARCH;05_US_Stocks_CFD/MMM/11_SIGNAL_ONLY/SELL_ICHIMOKU.set;2FB3EDD42ECBB9F497DDB88FB68A873EC25CB092E6FE4C25C66728A106869F36
05_US_Stocks_CFD;MSFT;01_SLTP;BUY;MULTI;19;655699968000;FAST_GENETIC;610706583;RESEARCH;05_US_Stocks_CFD/MSFT/01_SLTP/BUY_MULTI.set;B5CEE4BC3BD7AE866A4566C32116DCE626332505AFC1F011E0C509F86ACDD70B
05_US_Stocks_CFD;MSFT;01_SLTP;BUY;ICHIMOKU;18;14306181120;FAST_GENETIC;654965484;RESEARCH;05_US_Stocks_CFD/MSFT/01_SLTP/BUY_ICHIMOKU.set;EF7BB2EE54191402461387857C5C6FF819974F9FD43C0BB70CAC47445F154672
05_US_Stocks_CFD;MSFT;01_SLTP;SELL;MULTI;19;655699968000;FAST_GENETIC;640563934;RESEARCH;05_US_Stocks_CFD/MSFT/01_SLTP/SELL_MULTI.set;4040E9B87B1516A82FA010895C5E0D094A05763C980EEB02038FEA43249FAA36
05_US_Stocks_CFD;MSFT;01_SLTP;SELL;ICHIMOKU;18;14306181120;FAST_GENETIC;657056449;RESEARCH;05_US_Stocks_CFD/MSFT/01_SLTP/SELL_ICHIMOKU.set;D48FA15D57D68AE25E5BF4953ED699D95BE9DBA79F5BA44080EB2A756535D58F
05_US_Stocks_CFD;MSFT;02_SLTP_ORGANIC;BUY;MULTI;19;655699968000;FAST_GENETIC;641784081;RESEARCH;05_US_Stocks_CFD/MSFT/02_SLTP_ORGANIC/BUY_MULTI.set;841B709833828465FD3D92BBAFFFEBFD612463ED7C32704F7FA455FD0CE4FE36
05_US_Stocks_CFD;MSFT;02_SLTP_ORGANIC;BUY;ICHIMOKU;18;14306181120;FAST_GENETIC;640359406;RESEARCH;05_US_Stocks_CFD/MSFT/02_SLTP_ORGANIC/BUY_ICHIMOKU.set;C6C049835611519498FA43D5A3CDA30857301524B0C45C0554CEE3E0AA0B5BF2
05_US_Stocks_CFD;MSFT;02_SLTP_ORGANIC;SELL;MULTI;19;655699968000;FAST_GENETIC;637248115;RESEARCH;05_US_Stocks_CFD/MSFT/02_SLTP_ORGANIC/SELL_MULTI.set;20C449C053BF160E6A4910DB6E624F5E1411CB3962BAB5A2CF71306B90ACA35A
05_US_Stocks_CFD;MSFT;02_SLTP_ORGANIC;SELL;ICHIMOKU;18;14306181120;FAST_GENETIC;666838067;RESEARCH;05_US_Stocks_CFD/MSFT/02_SLTP_ORGANIC/SELL_ICHIMOKU.set;655A0C0B3A2EA54C5A577D230D8C2E5FFFF3926F86DB844699B9A71736FEE5E7
05_US_Stocks_CFD;MSFT;03_TRAIL_ONLY;BUY;MULTI;20;2086318080000;FAST_GENETIC;625456400;RESEARCH;05_US_Stocks_CFD/MSFT/03_TRAIL_ONLY/BUY_MULTI.set;66E42542EFE2EF7C41C65804C0AE5B2F8B2272351E789DD47F39E8B4C9B6F338
05_US_Stocks_CFD;MSFT;03_TRAIL_ONLY;BUY;ICHIMOKU;19;45519667200;FAST_GENETIC;669922728;RESEARCH;05_US_Stocks_CFD/MSFT/03_TRAIL_ONLY/BUY_ICHIMOKU.set;57E48099540F06B376861CC688F8F47C7F475716964E0FC54F816353F70B1F15
05_US_Stocks_CFD;MSFT;03_TRAIL_ONLY;SELL;MULTI;20;2086318080000;FAST_GENETIC;620541035;RESEARCH;05_US_Stocks_CFD/MSFT/03_TRAIL_ONLY/SELL_MULTI.set;A6CEC87041B2559ACBF6C2457F8A3DB35089F65D147C573FCE4C2F64372390D1
05_US_Stocks_CFD;MSFT;03_TRAIL_ONLY;SELL;ICHIMOKU;19;45519667200;FAST_GENETIC;687178671;RESEARCH;05_US_Stocks_CFD/MSFT/03_TRAIL_ONLY/SELL_ICHIMOKU.set;B9C989B135E1834B5258EE3D02D0AAE2F22B531CDB840399A519BE331D2466FC
05_US_Stocks_CFD;MSFT;04_SLTP_TRAIL;BUY;MULTI;20;9179799552000;FAST_GENETIC;682290874;RESEARCH;05_US_Stocks_CFD/MSFT/04_SLTP_TRAIL/BUY_MULTI.set;6FC9AF9D93710981D1E2B83EB4A4431C1535879F94A0DDBAA1EDA7457D8521FA
05_US_Stocks_CFD;MSFT;04_SLTP_TRAIL;BUY;ICHIMOKU;19;200286535680;FAST_GENETIC;653030708;RESEARCH;05_US_Stocks_CFD/MSFT/04_SLTP_TRAIL/BUY_ICHIMOKU.set;2BD309E1602172D5134C683405662B2C4C9ABAC66FE949DD17243467754EBE6A
05_US_Stocks_CFD;MSFT;04_SLTP_TRAIL;SELL;MULTI;20;9179799552000;FAST_GENETIC;610572418;RESEARCH;05_US_Stocks_CFD/MSFT/04_SLTP_TRAIL/SELL_MULTI.set;6E59625771A9888B165A9B81F556E9A4EAF5EF81679EC0FF81D716108DD503AB
05_US_Stocks_CFD;MSFT;04_SLTP_TRAIL;SELL;ICHIMOKU;19;200286535680;FAST_GENETIC;692481054;RESEARCH;05_US_Stocks_CFD/MSFT/04_SLTP_TRAIL/SELL_ICHIMOKU.set;DB8AE98FE533BB4E9F0E0CBE5800EA690A9BCFE64B25F4C4F8E799D587A8CC60
05_US_Stocks_CFD;MSFT;05_BE_TRAIL;BUY;MULTI;19;1043159040000;FAST_GENETIC;663658748;RESEARCH;05_US_Stocks_CFD/MSFT/05_BE_TRAIL/BUY_MULTI.set;A966ED5C69EF5CBA3982FC3BB5A65BE08C0C0C0657DC48F7807314F0E0BEDB69
05_US_Stocks_CFD;MSFT;05_BE_TRAIL;BUY;ICHIMOKU;18;22759833600;FAST_GENETIC;699619073;RESEARCH;05_US_Stocks_CFD/MSFT/05_BE_TRAIL/BUY_ICHIMOKU.set;1E89FB408F7571E583747745E2FB00CF60E99D745BB4AA0F01565AF4508D3A1D
05_US_Stocks_CFD;MSFT;05_BE_TRAIL;SELL;MULTI;19;1043159040000;FAST_GENETIC;640601470;RESEARCH;05_US_Stocks_CFD/MSFT/05_BE_TRAIL/SELL_MULTI.set;022164F9415A014DC6FEA871F1ADDDC2FCC3E1B2974EA33C74A7ECB6800CD65F
05_US_Stocks_CFD;MSFT;05_BE_TRAIL;SELL;ICHIMOKU;18;22759833600;FAST_GENETIC;666062797;RESEARCH;05_US_Stocks_CFD/MSFT/05_BE_TRAIL/SELL_ICHIMOKU.set;7E0E1295BF28CABC7A94F2F706132C3A3ECD7366D3C0E754C4AFC3E74FA54ED5
05_US_Stocks_CFD;MSFT;06_REVERSAL_EXIT;BUY;MULTI;21;1669054464000;FAST_GENETIC;665198005;RESEARCH;05_US_Stocks_CFD/MSFT/06_REVERSAL_EXIT/BUY_MULTI.set;21232453B8EC07E5C602558A79E33003880075AEB1124CA85A461D2334BEA921
05_US_Stocks_CFD;MSFT;06_REVERSAL_EXIT;BUY;ICHIMOKU;20;36415733760;FAST_GENETIC;672937210;RESEARCH;05_US_Stocks_CFD/MSFT/06_REVERSAL_EXIT/BUY_ICHIMOKU.set;1C2F6BEB5D95492D932A83EF24BF8F4FF7BD79745264D3382EEC7BEC27AE0FC2
05_US_Stocks_CFD;MSFT;06_REVERSAL_EXIT;SELL;MULTI;21;1669054464000;FAST_GENETIC;635003291;RESEARCH;05_US_Stocks_CFD/MSFT/06_REVERSAL_EXIT/SELL_MULTI.set;DB340C6CD56B57EDB3BCCFC5667EDFD8A6B9A615EA003DE0D577ADAE7F03CAA8
05_US_Stocks_CFD;MSFT;06_REVERSAL_EXIT;SELL;ICHIMOKU;20;36415733760;FAST_GENETIC;617226099;RESEARCH;05_US_Stocks_CFD/MSFT/06_REVERSAL_EXIT/SELL_ICHIMOKU.set;D17FA654C1D6C7E706DF4F76A04C26FE37BA94128601581E191AFADA231484CC
05_US_Stocks_CFD;MSFT;07_GRID_SEPARATE;BUY;MULTI;20;3161410560000;FAST_GENETIC;674795883;HEDGE_ACCOUNT_REQUIRED;05_US_Stocks_CFD/MSFT/07_GRID_SEPARATE/BUY_MULTI.set;E54F26856624AD6DCCAE12863ED14A69DA91D711805A500850BBADB9970D7C65
05_US_Stocks_CFD;MSFT;07_GRID_SEPARATE;BUY;ICHIMOKU;19;68976230400;FAST_GENETIC;659776119;HEDGE_ACCOUNT_REQUIRED;05_US_Stocks_CFD/MSFT/07_GRID_SEPARATE/BUY_ICHIMOKU.set;1A4600E0A84FCF0C18C3BF7E099C801EFFAC66BFD80003EC36D67763C6C976EE
05_US_Stocks_CFD;MSFT;07_GRID_SEPARATE;SELL;MULTI;20;3161410560000;FAST_GENETIC;634185913;HEDGE_ACCOUNT_REQUIRED;05_US_Stocks_CFD/MSFT/07_GRID_SEPARATE/SELL_MULTI.set;881F538958E154C768677B2B9C329BE6C95C105C1F7C52C616E62C37414856C8
05_US_Stocks_CFD;MSFT;07_GRID_SEPARATE;SELL;ICHIMOKU;19;68976230400;FAST_GENETIC;653742348;HEDGE_ACCOUNT_REQUIRED;05_US_Stocks_CFD/MSFT/07_GRID_SEPARATE/SELL_ICHIMOKU.set;FA05D597B733525ABC5A2CD12535B8F50BB4B306BC0C82D53FE86DDBFD672C9E
05_US_Stocks_CFD;MSFT;08_GRID_UNIFIED;BOTH;MULTI;21;15807052800000;FAST_GENETIC;617867500;HEDGE_ACCOUNT_REQUIRED;05_US_Stocks_CFD/MSFT/08_GRID_UNIFIED/BOTH_MULTI.set;A6D129A14CD5BAEB1387D8D7F888A681BEB98258F86569CF2668D83E5A5EDC25
05_US_Stocks_CFD;MSFT;08_GRID_UNIFIED;BOTH;ICHIMOKU;20;344881152000;FAST_GENETIC;619610549;HEDGE_ACCOUNT_REQUIRED;05_US_Stocks_CFD/MSFT/08_GRID_UNIFIED/BOTH_ICHIMOKU.set;5F16B597336FF85517B5BF72F01E5F5FA01A065429BFF9B77782A775DCB99304
05_US_Stocks_CFD;MSFT;09_MARTINGALE;BUY;MULTI;21;18359599104000;FAST_GENETIC;676971315;HIGH_RISK;05_US_Stocks_CFD/MSFT/09_MARTINGALE/BUY_MULTI.set;554DB729E86DD5FFE37454BFFA6AD3EBA8E15745112E80F1289F5ED14A2A0F21
05_US_Stocks_CFD;MSFT;09_MARTINGALE;BUY;ICHIMOKU;20;400573071360;FAST_GENETIC;676624767;HIGH_RISK;05_US_Stocks_CFD/MSFT/09_MARTINGALE/BUY_ICHIMOKU.set;B31FDF43E7E556E8A71B270E1882089233B10A7D8F6B99A2DF3EE4328A3A0C07
05_US_Stocks_CFD;MSFT;09_MARTINGALE;SELL;MULTI;21;18359599104000;FAST_GENETIC;677865161;HIGH_RISK;05_US_Stocks_CFD/MSFT/09_MARTINGALE/SELL_MULTI.set;A00BE65208BA94765890DB5A213008829F138CA07D1629603E8175F501361D27
05_US_Stocks_CFD;MSFT;09_MARTINGALE;SELL;ICHIMOKU;20;400573071360;FAST_GENETIC;673794461;HIGH_RISK;05_US_Stocks_CFD/MSFT/09_MARTINGALE/SELL_ICHIMOKU.set;4D09DDE451236F2825E5B832FA1B98AAC9D10DB1773839592F83EC496E58B144
05_US_Stocks_CFD;MSFT;10_DALEMBERT;BUY;MULTI;21;13113999360000;FAST_GENETIC;658193413;HIGH_RISK;05_US_Stocks_CFD/MSFT/10_DALEMBERT/BUY_MULTI.set;D43E3A87D8207C1C79601764EF8D8BB96B821262D091E7DE72D1526D79A0822E
05_US_Stocks_CFD;MSFT;10_DALEMBERT;BUY;ICHIMOKU;20;286123622400;FAST_GENETIC;679296848;HIGH_RISK;05_US_Stocks_CFD/MSFT/10_DALEMBERT/BUY_ICHIMOKU.set;E36507242A50F1969A0BFA1CC0DE61A60E4A730D092024EB7DF96641CC3F764B
05_US_Stocks_CFD;MSFT;10_DALEMBERT;SELL;MULTI;21;13113999360000;FAST_GENETIC;672555055;HIGH_RISK;05_US_Stocks_CFD/MSFT/10_DALEMBERT/SELL_MULTI.set;2320659A0E90F00C3625DAC7CF110871981D184C1B7EE182826DC85E6CFCD327
05_US_Stocks_CFD;MSFT;10_DALEMBERT;SELL;ICHIMOKU;20;286123622400;FAST_GENETIC;614863008;HIGH_RISK;05_US_Stocks_CFD/MSFT/10_DALEMBERT/SELL_ICHIMOKU.set;4F3E3A78751A525945DB1D84FDDF875EAECB92B593B10BB107C564D0ABA61A88
05_US_Stocks_CFD;MSFT;11_SIGNAL_ONLY;BUY;MULTI;16;354816000;FAST_GENETIC;650026561;HIGH_RISK_RESEARCH;05_US_Stocks_CFD/MSFT/11_SIGNAL_ONLY/BUY_MULTI.set;49CDCF4CB544355EAF2F4825006426DB2C1A1014506A2763C8AC2FD3077C6575
05_US_Stocks_CFD;MSFT;11_SIGNAL_ONLY;BUY;ICHIMOKU;15;7741440;FAST_GENETIC;663643765;HIGH_RISK_RESEARCH;05_US_Stocks_CFD/MSFT/11_SIGNAL_ONLY/BUY_ICHIMOKU.set;B171B8CE293A149CA0F4B806D241549CE2BE27475B13E79D4D02BA7C771DEEE0
05_US_Stocks_CFD;MSFT;11_SIGNAL_ONLY;SELL;MULTI;16;354816000;FAST_GENETIC;612912481;HIGH_RISK_RESEARCH;05_US_Stocks_CFD/MSFT/11_SIGNAL_ONLY/SELL_MULTI.set;E19644916AC0E2861BA1DC4C63108C5BC26FF79234BC11374F8CC2041DD634D7
05_US_Stocks_CFD;MSFT;11_SIGNAL_ONLY;SELL;ICHIMOKU;15;7741440;FAST_GENETIC;684460306;HIGH_RISK_RESEARCH;05_US_Stocks_CFD/MSFT/11_SIGNAL_ONLY/SELL_ICHIMOKU.set;E77B7B4704D569D672F50E5C5C3764937511194C4DC726738E95786047AACECC
05_US_Stocks_CFD;NEM;01_SLTP;BUY;MULTI;19;655699968000;FAST_GENETIC;688200173;RESEARCH;05_US_Stocks_CFD/NEM/01_SLTP/BUY_MULTI.set;8141A72A14E035EAA37D4C50C160B099CA6A80E29546BEB8E58071338D1FA4AE
05_US_Stocks_CFD;NEM;01_SLTP;BUY;ICHIMOKU;18;14306181120;FAST_GENETIC;683595450;RESEARCH;05_US_Stocks_CFD/NEM/01_SLTP/BUY_ICHIMOKU.set;F3ACF6F886DE279F0454DF474FC36DAE8E2C44151D42FF926EC5DB31156E00A9
05_US_Stocks_CFD;NEM;01_SLTP;SELL;MULTI;19;655699968000;FAST_GENETIC;625229565;RESEARCH;05_US_Stocks_CFD/NEM/01_SLTP/SELL_MULTI.set;EC97F76048B1D8C63F072E8A0707E683D6BE7D10060DB9D33774D3A102765CB2
05_US_Stocks_CFD;NEM;01_SLTP;SELL;ICHIMOKU;18;14306181120;FAST_GENETIC;668442987;RESEARCH;05_US_Stocks_CFD/NEM/01_SLTP/SELL_ICHIMOKU.set;0AD8EF9E0EC5E043BE7C772B724D25515015AB65865CBC21AC1322B5AE446CBF
05_US_Stocks_CFD;NEM;02_SLTP_ORGANIC;BUY;MULTI;19;655699968000;FAST_GENETIC;647120743;RESEARCH;05_US_Stocks_CFD/NEM/02_SLTP_ORGANIC/BUY_MULTI.set;99BA216CCF4CFFD2195DEE1DA8DACA785F0143203E708F84486CB0446AB1455C
05_US_Stocks_CFD;NEM;02_SLTP_ORGANIC;BUY;ICHIMOKU;18;14306181120;FAST_GENETIC;676168563;RESEARCH;05_US_Stocks_CFD/NEM/02_SLTP_ORGANIC/BUY_ICHIMOKU.set;8E7771AAF9C4092A13E41D11AB2D4FDF262653B4D5AAD70010E3E166B1DE39DC
05_US_Stocks_CFD;NEM;02_SLTP_ORGANIC;SELL;MULTI;19;655699968000;FAST_GENETIC;622425037;RESEARCH;05_US_Stocks_CFD/NEM/02_SLTP_ORGANIC/SELL_MULTI.set;AC6B80CD2DB31A305C5CF472AF32E60908935527C8D9D8A993A2E749A92309EE
05_US_Stocks_CFD;NEM;02_SLTP_ORGANIC;SELL;ICHIMOKU;18;14306181120;FAST_GENETIC;653418527;RESEARCH;05_US_Stocks_CFD/NEM/02_SLTP_ORGANIC/SELL_ICHIMOKU.set;CED505F2765833D0F6DE91FD50ABE53066CB1FAFC748856337FC388CCA340391
05_US_Stocks_CFD;NEM;03_TRAIL_ONLY;BUY;MULTI;20;2086318080000;FAST_GENETIC;686152382;RESEARCH;05_US_Stocks_CFD/NEM/03_TRAIL_ONLY/BUY_MULTI.set;F6AF5F7B6D1D8D2E153815D5DC3EBFFCF56CCC4A85013374FC430EE2279F367C
05_US_Stocks_CFD;NEM;03_TRAIL_ONLY;BUY;ICHIMOKU;19;45519667200;FAST_GENETIC;667430887;RESEARCH;05_US_Stocks_CFD/NEM/03_TRAIL_ONLY/BUY_ICHIMOKU.set;09614DE867E333775938424FE7EB5EA2A7BBBFA53012BFCADA4C91C644E1710D
05_US_Stocks_CFD;NEM;03_TRAIL_ONLY;SELL;MULTI;20;2086318080000;FAST_GENETIC;634391483;RESEARCH;05_US_Stocks_CFD/NEM/03_TRAIL_ONLY/SELL_MULTI.set;05A9D8017BD126C2F51A0C4FE33A2F7E996E81FBFB219C00E4E21277AC6598A5
05_US_Stocks_CFD;NEM;03_TRAIL_ONLY;SELL;ICHIMOKU;19;45519667200;FAST_GENETIC;635312363;RESEARCH;05_US_Stocks_CFD/NEM/03_TRAIL_ONLY/SELL_ICHIMOKU.set;45C3D42AE219A4490F99454FF8EB6BB20A300B2A8DB38E0E9DB4DF55D92655C3
05_US_Stocks_CFD;NEM;04_SLTP_TRAIL;BUY;MULTI;20;9179799552000;FAST_GENETIC;691274356;RESEARCH;05_US_Stocks_CFD/NEM/04_SLTP_TRAIL/BUY_MULTI.set;12FF2761B00CAF3755AA4A88B6A44E550B713D4C23EF45BA74274F82D799B038
05_US_Stocks_CFD;NEM;04_SLTP_TRAIL;BUY;ICHIMOKU;19;200286535680;FAST_GENETIC;638005512;RESEARCH;05_US_Stocks_CFD/NEM/04_SLTP_TRAIL/BUY_ICHIMOKU.set;32495CECFFB4940B8E528C8A2F1A4440525F7C7E4296CE2739A764FB7111188D
05_US_Stocks_CFD;NEM;04_SLTP_TRAIL;SELL;MULTI;20;9179799552000;FAST_GENETIC;681625681;RESEARCH;05_US_Stocks_CFD/NEM/04_SLTP_TRAIL/SELL_MULTI.set;278BD408A37F2CB40865EB329B03B2A0A87A301989DC7973E47617781AD7D0E7
05_US_Stocks_CFD;NEM;04_SLTP_TRAIL;SELL;ICHIMOKU;19;200286535680;FAST_GENETIC;670613064;RESEARCH;05_US_Stocks_CFD/NEM/04_SLTP_TRAIL/SELL_ICHIMOKU.set;8DFCD61FAB85B5EBDB2204956BE2982F132EF1F05F584B9FF27E52BAD23F3BBD
05_US_Stocks_CFD;NEM;05_BE_TRAIL;BUY;MULTI;19;1043159040000;FAST_GENETIC;694013580;RESEARCH;05_US_Stocks_CFD/NEM/05_BE_TRAIL/BUY_MULTI.set;318BF30921D8190560B9453E19B02063E892B2DE5119FBA01354663C34C0A789
05_US_Stocks_CFD;NEM;05_BE_TRAIL;BUY;ICHIMOKU;18;22759833600;FAST_GENETIC;641513565;RESEARCH;05_US_Stocks_CFD/NEM/05_BE_TRAIL/BUY_ICHIMOKU.set;5847FCD5CA859C85C4A404935B7A679F8C58713B7DF3B28D8C8AFF87A7529AC5
05_US_Stocks_CFD;NEM;05_BE_TRAIL;SELL;MULTI;19;1043159040000;FAST_GENETIC;657813428;RESEARCH;05_US_Stocks_CFD/NEM/05_BE_TRAIL/SELL_MULTI.set;E62CC7DBFAC98546C69A97EE987AD7F79DA8883DD44D9C4D8E019B8E468966D8
05_US_Stocks_CFD;NEM;05_BE_TRAIL;SELL;ICHIMOKU;18;22759833600;FAST_GENETIC;618300587;RESEARCH;05_US_Stocks_CFD/NEM/05_BE_TRAIL/SELL_ICHIMOKU.set;E40448CA93EB95A4A1746644D3E22147E37552ED6076D9955DA854DE3A5289DD
05_US_Stocks_CFD;NEM;06_REVERSAL_EXIT;BUY;MULTI;21;1669054464000;FAST_GENETIC;660064184;RESEARCH;05_US_Stocks_CFD/NEM/06_REVERSAL_EXIT/BUY_MULTI.set;555F79357D03223F1C56B5445B429925D56A11415DE377855802C57270C2B9FB
05_US_Stocks_CFD;NEM;06_REVERSAL_EXIT;BUY;ICHIMOKU;20;36415733760;FAST_GENETIC;659163059;RESEARCH;05_US_Stocks_CFD/NEM/06_REVERSAL_EXIT/BUY_ICHIMOKU.set;CA35A51F837F971F63589C70B4659E0865B630C484571C1EFDB8FA0641F30388
05_US_Stocks_CFD;NEM;06_REVERSAL_EXIT;SELL;MULTI;21;1669054464000;FAST_GENETIC;688664776;RESEARCH;05_US_Stocks_CFD/NEM/06_REVERSAL_EXIT/SELL_MULTI.set;A58566F2CF029530755A02F138501514BE4398B71A30153D5AC5DD2A430904F1
05_US_Stocks_CFD;NEM;06_REVERSAL_EXIT;SELL;ICHIMOKU;20;36415733760;FAST_GENETIC;643891452;RESEARCH;05_US_Stocks_CFD/NEM/06_REVERSAL_EXIT/SELL_ICHIMOKU.set;DE6FF70B95D657AB23C586E804562AA20D7AF60398C52623316398B3EF49D574
05_US_Stocks_CFD;NEM;07_GRID_SEPARATE;BUY;MULTI;20;3161410560000;FAST_GENETIC;624373469;HEDGE_ACCOUNT_REQUIRED;05_US_Stocks_CFD/NEM/07_GRID_SEPARATE/BUY_MULTI.set;F3673FB53CF0D73E87E0B00AB13ADFE0990B2AF124A2E5704C83ACE248B86A3A
05_US_Stocks_CFD;NEM;07_GRID_SEPARATE;BUY;ICHIMOKU;19;68976230400;FAST_GENETIC;631163667;HEDGE_ACCOUNT_REQUIRED;05_US_Stocks_CFD/NEM/07_GRID_SEPARATE/BUY_ICHIMOKU.set;F839F58A92441AC167516081FFD1944EB5205CC2BE23E58383CC3341B8D5E094
05_US_Stocks_CFD;NEM;07_GRID_SEPARATE;SELL;MULTI;20;3161410560000;FAST_GENETIC;657349423;HEDGE_ACCOUNT_REQUIRED;05_US_Stocks_CFD/NEM/07_GRID_SEPARATE/SELL_MULTI.set;0190890F4D39F0B78A77BC53B0B78BDF6ABD6B0D38DFC0B07530B25C29BAE73A
05_US_Stocks_CFD;NEM;07_GRID_SEPARATE;SELL;ICHIMOKU;19;68976230400;FAST_GENETIC;622835740;HEDGE_ACCOUNT_REQUIRED;05_US_Stocks_CFD/NEM/07_GRID_SEPARATE/SELL_ICHIMOKU.set;A5CEFDE2D4B2BD4864F51AF6C92A8C5B33EB796474E535583AED04F3C1C2DB30
05_US_Stocks_CFD;NEM;08_GRID_UNIFIED;BOTH;MULTI;21;15807052800000;FAST_GENETIC;676585523;HEDGE_ACCOUNT_REQUIRED;05_US_Stocks_CFD/NEM/08_GRID_UNIFIED/BOTH_MULTI.set;130BF72DEBC10CBDF106DFC622B7789C61224138DADDADCC20522E27BC22D1A3
05_US_Stocks_CFD;NEM;08_GRID_UNIFIED;BOTH;ICHIMOKU;20;344881152000;FAST_GENETIC;627518784;HEDGE_ACCOUNT_REQUIRED;05_US_Stocks_CFD/NEM/08_GRID_UNIFIED/BOTH_ICHIMOKU.set;1712DDD47597C356E1CC825A12209E7BB494C8950D96B59CB8FD8E0DD3F3F7F6
05_US_Stocks_CFD;NEM;09_MARTINGALE;BUY;MULTI;21;18359599104000;FAST_GENETIC;655218836;HIGH_RISK;05_US_Stocks_CFD/NEM/09_MARTINGALE/BUY_MULTI.set;E092F7E2E472B8717144CC9E5342E84713FA5AD72AB1DE22E2AA0D61E8C4EC22
05_US_Stocks_CFD;NEM;09_MARTINGALE;BUY;ICHIMOKU;20;400573071360;FAST_GENETIC;642335732;HIGH_RISK;05_US_Stocks_CFD/NEM/09_MARTINGALE/BUY_ICHIMOKU.set;8F03BBBF6F65B33A83FBFA1F68CB764FC7384C9A1AC1F805E50A6724D286FADC
05_US_Stocks_CFD;NEM;09_MARTINGALE;SELL;MULTI;21;18359599104000;FAST_GENETIC;615542930;HIGH_RISK;05_US_Stocks_CFD/NEM/09_MARTINGALE/SELL_MULTI.set;5544803B5662B0DF789782902F9F03AB32890C65E97E1348AC74DB659B92DC65
05_US_Stocks_CFD;NEM;09_MARTINGALE;SELL;ICHIMOKU;20;400573071360;FAST_GENETIC;635882352;HIGH_RISK;05_US_Stocks_CFD/NEM/09_MARTINGALE/SELL_ICHIMOKU.set;BBBE3CB937736F3FD18F7DACDCEF88D56E339D0841391B41D0900D16F22BB2DA
05_US_Stocks_CFD;NEM;10_DALEMBERT;BUY;MULTI;21;13113999360000;FAST_GENETIC;676539510;HIGH_RISK;05_US_Stocks_CFD/NEM/10_DALEMBERT/BUY_MULTI.set;7BA6510C9821CA4733A8E2EA86A84AE10E14C41A022A9F4C709C89A171E7A805
05_US_Stocks_CFD;NEM;10_DALEMBERT;BUY;ICHIMOKU;20;286123622400;FAST_GENETIC;679663486;HIGH_RISK;05_US_Stocks_CFD/NEM/10_DALEMBERT/BUY_ICHIMOKU.set;F20793D294F69AE73E6D91AEFC072AB5417AA0715EB3C584FAED71094791A6C9
05_US_Stocks_CFD;NEM;10_DALEMBERT;SELL;MULTI;21;13113999360000;FAST_GENETIC;682294051;HIGH_RISK;05_US_Stocks_CFD/NEM/10_DALEMBERT/SELL_MULTI.set;8DA279EF3040797EE8108007D052A2A8ABA5F27D12CDFF809B88996E47F50E17
05_US_Stocks_CFD;NEM;10_DALEMBERT;SELL;ICHIMOKU;20;286123622400;FAST_GENETIC;681675952;HIGH_RISK;05_US_Stocks_CFD/NEM/10_DALEMBERT/SELL_ICHIMOKU.set;D040F85AC20B0C767B3D2816182D01EEE28943B59B8174FBA25F76A9BFC98DEF
05_US_Stocks_CFD;NEM;11_SIGNAL_ONLY;BUY;MULTI;16;354816000;FAST_GENETIC;613235786;HIGH_RISK_RESEARCH;05_US_Stocks_CFD/NEM/11_SIGNAL_ONLY/BUY_MULTI.set;2E13E943CB50BDBBA9474B5F4F6F24F19700422CF119846AD39F8BF487F00690
05_US_Stocks_CFD;NEM;11_SIGNAL_ONLY;BUY;ICHIMOKU;15;7741440;FAST_GENETIC;633193124;HIGH_RISK_RESEARCH;05_US_Stocks_CFD/NEM/11_SIGNAL_ONLY/BUY_ICHIMOKU.set;674C9CFD4DB2A0240FB012CE2B1B959B250ED8E4EB4C63A2F94AC1878EB24720
05_US_Stocks_CFD;NEM;11_SIGNAL_ONLY;SELL;MULTI;16;354816000;FAST_GENETIC;654682763;HIGH_RISK_RESEARCH;05_US_Stocks_CFD/NEM/11_SIGNAL_ONLY/SELL_MULTI.set;4809B46D3D045BF21B9688B45AB86AF975CC2AC7708662630BF6E4FE88CE12A9
05_US_Stocks_CFD;NEM;11_SIGNAL_ONLY;SELL;ICHIMOKU;15;7741440;FAST_GENETIC;642977734;HIGH_RISK_RESEARCH;05_US_Stocks_CFD/NEM/11_SIGNAL_ONLY/SELL_ICHIMOKU.set;AF22EB7C2D1831CEA64C3E0BEC9E190BB7F52C64993FF99A4EA185745A692053
05_US_Stocks_CFD;NFLX;01_SLTP;BUY;MULTI;19;655699968000;FAST_GENETIC;665744782;RESEARCH;05_US_Stocks_CFD/NFLX/01_SLTP/BUY_MULTI.set;6954AEC411AEB8CFCE3B4C0A30BFD8A94F68E3B6B2637EE2F3F334CDF2035EE0
05_US_Stocks_CFD;NFLX;01_SLTP;BUY;ICHIMOKU;18;14306181120;FAST_GENETIC;635020099;RESEARCH;05_US_Stocks_CFD/NFLX/01_SLTP/BUY_ICHIMOKU.set;EABDBC70D98435D56F199160F1AD5729DFE5D00C569ED03D7FDDBA5B9CC0832A
05_US_Stocks_CFD;NFLX;01_SLTP;SELL;MULTI;19;655699968000;FAST_GENETIC;617052086;RESEARCH;05_US_Stocks_CFD/NFLX/01_SLTP/SELL_MULTI.set;1053E8CDE8C1A31957496CC2DF72356B17805DE67482D9CF8C0A5CCECF8E9422
05_US_Stocks_CFD;NFLX;01_SLTP;SELL;ICHIMOKU;18;14306181120;FAST_GENETIC;641004906;RESEARCH;05_US_Stocks_CFD/NFLX/01_SLTP/SELL_ICHIMOKU.set;030CB9DEDDE7B0B807788E0CB8BA77A76D0E54381FF482CEE26E7121301D8838
05_US_Stocks_CFD;NFLX;02_SLTP_ORGANIC;BUY;MULTI;19;655699968000;FAST_GENETIC;619283015;RESEARCH;05_US_Stocks_CFD/NFLX/02_SLTP_ORGANIC/BUY_MULTI.set;511787BC8144421E511AC5B166AE21CDABC2770ED0BD46F03A0BD57671A1E68A
05_US_Stocks_CFD;NFLX;02_SLTP_ORGANIC;BUY;ICHIMOKU;18;14306181120;FAST_GENETIC;662654042;RESEARCH;05_US_Stocks_CFD/NFLX/02_SLTP_ORGANIC/BUY_ICHIMOKU.set;E7936E759FD01A4CE21D552486A5855015C56E53B7D65DF5173E78BD074B2A87
05_US_Stocks_CFD;NFLX;02_SLTP_ORGANIC;SELL;MULTI;19;655699968000;FAST_GENETIC;612824256;RESEARCH;05_US_Stocks_CFD/NFLX/02_SLTP_ORGANIC/SELL_MULTI.set;3528E249CF0716833E62C0D4E6FD6BDD927787DEE200E1E129D1D044B93BDA3B
05_US_Stocks_CFD;NFLX;02_SLTP_ORGANIC;SELL;ICHIMOKU;18;14306181120;FAST_GENETIC;689188720;RESEARCH;05_US_Stocks_CFD/NFLX/02_SLTP_ORGANIC/SELL_ICHIMOKU.set;F2F648B41F3A20BD9F42134DFB6C0AAA560992F6D365D8DAEA521E28805C4274
05_US_Stocks_CFD;NFLX;03_TRAIL_ONLY;BUY;MULTI;20;2086318080000;FAST_GENETIC;617007593;RESEARCH;05_US_Stocks_CFD/NFLX/03_TRAIL_ONLY/BUY_MULTI.set;EE9244D6A68F03F9A142A22C58572F781D2E808CC47B41E8D4BD5FD4FFF07E20
05_US_Stocks_CFD;NFLX;03_TRAIL_ONLY;BUY;ICHIMOKU;19;45519667200;FAST_GENETIC;651131228;RESEARCH;05_US_Stocks_CFD/NFLX/03_TRAIL_ONLY/BUY_ICHIMOKU.set;157854FF44CE6956BE251FD3702DDBDE85DDF37A416650ABE5305C029F75315F
05_US_Stocks_CFD;NFLX;03_TRAIL_ONLY;SELL;MULTI;20;2086318080000;FAST_GENETIC;671507846;RESEARCH;05_US_Stocks_CFD/NFLX/03_TRAIL_ONLY/SELL_MULTI.set;6E85F90FCABC0CD2A0CC5DD785062FA7F93FE40C6116102781E6FC38D5A528F9
05_US_Stocks_CFD;NFLX;03_TRAIL_ONLY;SELL;ICHIMOKU;19;45519667200;FAST_GENETIC;681706179;RESEARCH;05_US_Stocks_CFD/NFLX/03_TRAIL_ONLY/SELL_ICHIMOKU.set;C2465255004C514727A7D3D512F1023E5FFE33428EE2EB12A10DCDD59C841B55
05_US_Stocks_CFD;NFLX;04_SLTP_TRAIL;BUY;MULTI;20;9179799552000;FAST_GENETIC;611090888;RESEARCH;05_US_Stocks_CFD/NFLX/04_SLTP_TRAIL/BUY_MULTI.set;74E61ABB20066BE07CC7C3778016C1AB56D02BB70AB1578DCCF0CEC0F61A1188
05_US_Stocks_CFD;NFLX;04_SLTP_TRAIL;BUY;ICHIMOKU;19;200286535680;FAST_GENETIC;618971566;RESEARCH;05_US_Stocks_CFD/NFLX/04_SLTP_TRAIL/BUY_ICHIMOKU.set;0681EF4161DE38E5B45E2570CE2238A9048CB603FEE00D2886A08A416CA19601
05_US_Stocks_CFD;NFLX;04_SLTP_TRAIL;SELL;MULTI;20;9179799552000;FAST_GENETIC;641051822;RESEARCH;05_US_Stocks_CFD/NFLX/04_SLTP_TRAIL/SELL_MULTI.set;AC98AF49000EFB2C23F2B8D36EB34C78F4639E742EC32AF51C4076AD98B26D8C
05_US_Stocks_CFD;NFLX;04_SLTP_TRAIL;SELL;ICHIMOKU;19;200286535680;FAST_GENETIC;647565817;RESEARCH;05_US_Stocks_CFD/NFLX/04_SLTP_TRAIL/SELL_ICHIMOKU.set;5BAD9C794FB6C0A37CB1DF42AF2AC706655EC7B7D927525A7EF847BF75C49AF6
05_US_Stocks_CFD;NFLX;05_BE_TRAIL;BUY;MULTI;19;1043159040000;FAST_GENETIC;660516868;RESEARCH;05_US_Stocks_CFD/NFLX/05_BE_TRAIL/BUY_MULTI.set;FAF8F96B26F54393B1C0D7E719718D302CDAE791CDADD4EB8C515BA544724DD8
05_US_Stocks_CFD;NFLX;05_BE_TRAIL;BUY;ICHIMOKU;18;22759833600;FAST_GENETIC;650318238;RESEARCH;05_US_Stocks_CFD/NFLX/05_BE_TRAIL/BUY_ICHIMOKU.set;807529631DBFE8DAC08D61B33AAFBB0AE4C411BEA7FE8B260175E2D28CEB4A04
05_US_Stocks_CFD;NFLX;05_BE_TRAIL;SELL;MULTI;19;1043159040000;FAST_GENETIC;691128121;RESEARCH;05_US_Stocks_CFD/NFLX/05_BE_TRAIL/SELL_MULTI.set;3CD6AA679B6DE5A3CA568F81D9EF68D0CD508F7C8F4ED31E094E7A115ED52955
05_US_Stocks_CFD;NFLX;05_BE_TRAIL;SELL;ICHIMOKU;18;22759833600;FAST_GENETIC;663910225;RESEARCH;05_US_Stocks_CFD/NFLX/05_BE_TRAIL/SELL_ICHIMOKU.set;E6CCA378A6F4FC083CE22814CF7A2CA114ADCC64AEACAED3A88D85DD8054DA5B
05_US_Stocks_CFD;NFLX;06_REVERSAL_EXIT;BUY;MULTI;21;1669054464000;FAST_GENETIC;629661815;RESEARCH;05_US_Stocks_CFD/NFLX/06_REVERSAL_EXIT/BUY_MULTI.set;6FBE084E9797FB3B521F9A3083A188A1C379F8C6EA1508494A62C7E26B7119DA
05_US_Stocks_CFD;NFLX;06_REVERSAL_EXIT;BUY;ICHIMOKU;20;36415733760;FAST_GENETIC;688135293;RESEARCH;05_US_Stocks_CFD/NFLX/06_REVERSAL_EXIT/BUY_ICHIMOKU.set;CD7EA11AAFCA59F50719DCBDC02DC2C3225116A590C0B9A6552DADB5616A95D4
05_US_Stocks_CFD;NFLX;06_REVERSAL_EXIT;SELL;MULTI;21;1669054464000;FAST_GENETIC;632192397;RESEARCH;05_US_Stocks_CFD/NFLX/06_REVERSAL_EXIT/SELL_MULTI.set;FEB82CB66CFAA6EE1CC383F5024D7060490FC2ED76A2295AAC18E2569A918333
05_US_Stocks_CFD;NFLX;06_REVERSAL_EXIT;SELL;ICHIMOKU;20;36415733760;FAST_GENETIC;612852742;RESEARCH;05_US_Stocks_CFD/NFLX/06_REVERSAL_EXIT/SELL_ICHIMOKU.set;693773ED7F30697AB3043B1E208BDCBC957D35EE42569910A21DEF2EF2642F3A
05_US_Stocks_CFD;NFLX;07_GRID_SEPARATE;BUY;MULTI;20;3161410560000;FAST_GENETIC;693185726;HEDGE_ACCOUNT_REQUIRED;05_US_Stocks_CFD/NFLX/07_GRID_SEPARATE/BUY_MULTI.set;C47C899FCB4DE73732E39321404BF72A76DD0B771FA360FD85C44A167DFD760C
05_US_Stocks_CFD;NFLX;07_GRID_SEPARATE;BUY;ICHIMOKU;19;68976230400;FAST_GENETIC;697778731;HEDGE_ACCOUNT_REQUIRED;05_US_Stocks_CFD/NFLX/07_GRID_SEPARATE/BUY_ICHIMOKU.set;15F843AE314BD4C7566BAA399A0E334F3B4FFB1C7C22B9DAA88B0BFC05C6282C
05_US_Stocks_CFD;NFLX;07_GRID_SEPARATE;SELL;MULTI;20;3161410560000;FAST_GENETIC;641087680;HEDGE_ACCOUNT_REQUIRED;05_US_Stocks_CFD/NFLX/07_GRID_SEPARATE/SELL_MULTI.set;F62CA0F500E930AFC8CDAB7DB828AB85DA6CB51946FFFA6A8901E72A716734C5
05_US_Stocks_CFD;NFLX;07_GRID_SEPARATE;SELL;ICHIMOKU;19;68976230400;FAST_GENETIC;680969603;HEDGE_ACCOUNT_REQUIRED;05_US_Stocks_CFD/NFLX/07_GRID_SEPARATE/SELL_ICHIMOKU.set;4DA871EF368037EE7C56804CF1336C29DAFC6EB303079265377D2C22887CC829
05_US_Stocks_CFD;NFLX;08_GRID_UNIFIED;BOTH;MULTI;21;15807052800000;FAST_GENETIC;623462263;HEDGE_ACCOUNT_REQUIRED;05_US_Stocks_CFD/NFLX/08_GRID_UNIFIED/BOTH_MULTI.set;589D0013F58C2BAAA7FC1F4FD128EE836012CB580A1429A0255CCD4DD42F05F2
05_US_Stocks_CFD;NFLX;08_GRID_UNIFIED;BOTH;ICHIMOKU;20;344881152000;FAST_GENETIC;665395502;HEDGE_ACCOUNT_REQUIRED;05_US_Stocks_CFD/NFLX/08_GRID_UNIFIED/BOTH_ICHIMOKU.set;7BEF08551FA252539E207C425152A2FCE888066B925475D405ED590DB3A6EA7B
05_US_Stocks_CFD;NFLX;09_MARTINGALE;BUY;MULTI;21;18359599104000;FAST_GENETIC;662113349;HIGH_RISK;05_US_Stocks_CFD/NFLX/09_MARTINGALE/BUY_MULTI.set;34EF927238E20ECB9D806E44506225EF5D77CA5D8EE3789E5AFA925964C8B884
05_US_Stocks_CFD;NFLX;09_MARTINGALE;BUY;ICHIMOKU;20;400573071360;FAST_GENETIC;660084856;HIGH_RISK;05_US_Stocks_CFD/NFLX/09_MARTINGALE/BUY_ICHIMOKU.set;98B5C57DB235D0A7704BF7C8EDCFBCAFB48E0956C2ED5588E35EB5373087939C
05_US_Stocks_CFD;NFLX;09_MARTINGALE;SELL;MULTI;21;18359599104000;FAST_GENETIC;684467519;HIGH_RISK;05_US_Stocks_CFD/NFLX/09_MARTINGALE/SELL_MULTI.set;EAB748F885A1D5EB7E192EA45289ACF3C2CC38592DCCE5636FC5D166E04A9D13
05_US_Stocks_CFD;NFLX;09_MARTINGALE;SELL;ICHIMOKU;20;400573071360;FAST_GENETIC;669917957;HIGH_RISK;05_US_Stocks_CFD/NFLX/09_MARTINGALE/SELL_ICHIMOKU.set;7CDB985C5648B5E989B0BA39B06D40DE0981B6CB939365A90A760068F458CEF4
05_US_Stocks_CFD;NFLX;10_DALEMBERT;BUY;MULTI;21;13113999360000;FAST_GENETIC;685557240;HIGH_RISK;05_US_Stocks_CFD/NFLX/10_DALEMBERT/BUY_MULTI.set;37495F47DE2E58E1767B26184FEEC07692BED363C992C2F71595AC61F65E7D3E
05_US_Stocks_CFD;NFLX;10_DALEMBERT;BUY;ICHIMOKU;20;286123622400;FAST_GENETIC;673546891;HIGH_RISK;05_US_Stocks_CFD/NFLX/10_DALEMBERT/BUY_ICHIMOKU.set;D87278AB845E9DC6A804DA4F97ADCDB6A08C8207D69753D212FE31BD04DD3385
05_US_Stocks_CFD;NFLX;10_DALEMBERT;SELL;MULTI;21;13113999360000;FAST_GENETIC;695276439;HIGH_RISK;05_US_Stocks_CFD/NFLX/10_DALEMBERT/SELL_MULTI.set;0D88F794D36C053A77FEDDEAF574135472E3E3C1DEFD202E57B821E40FC0C72F
05_US_Stocks_CFD;NFLX;10_DALEMBERT;SELL;ICHIMOKU;20;286123622400;FAST_GENETIC;626626622;HIGH_RISK;05_US_Stocks_CFD/NFLX/10_DALEMBERT/SELL_ICHIMOKU.set;FF50759AE951D2A33795A26F6783E81EFB0070AEB2BD7EA3D698551F07A39851
05_US_Stocks_CFD;NFLX;11_SIGNAL_ONLY;BUY;MULTI;16;354816000;FAST_GENETIC;656150812;HIGH_RISK_RESEARCH;05_US_Stocks_CFD/NFLX/11_SIGNAL_ONLY/BUY_MULTI.set;495D603A58C5BBD6B45B8551F06E873870E7B62B180AE0988A6D1A90F6835F20
05_US_Stocks_CFD;NFLX;11_SIGNAL_ONLY;BUY;ICHIMOKU;15;7741440;FAST_GENETIC;661875535;HIGH_RISK_RESEARCH;05_US_Stocks_CFD/NFLX/11_SIGNAL_ONLY/BUY_ICHIMOKU.set;A04C3E983CE6F4C11CBEDA75772D90BB632280A9F52B83880C9E9D6E9050DBA8
05_US_Stocks_CFD;NFLX;11_SIGNAL_ONLY;SELL;MULTI;16;354816000;FAST_GENETIC;652499760;HIGH_RISK_RESEARCH;05_US_Stocks_CFD/NFLX/11_SIGNAL_ONLY/SELL_MULTI.set;29F325715B3911BDEEAB95F19D4FB7423FE86511BD26E6C8BCEA571C52A55291
05_US_Stocks_CFD;NFLX;11_SIGNAL_ONLY;SELL;ICHIMOKU;15;7741440;FAST_GENETIC;648419814;HIGH_RISK_RESEARCH;05_US_Stocks_CFD/NFLX/11_SIGNAL_ONLY/SELL_ICHIMOKU.set;B7C01EEB182C2CFB6FB854CD5A8E13F102B5CB6DFA6BBCB054419E69ADD0D52D
05_US_Stocks_CFD;NKE;01_SLTP;BUY;MULTI;19;655699968000;FAST_GENETIC;620392905;RESEARCH;05_US_Stocks_CFD/NKE/01_SLTP/BUY_MULTI.set;19B08526ED893C182F068301D31F66F5B8D5DCEC598F7666FE0800DA52ADC8C9
05_US_Stocks_CFD;NKE;01_SLTP;BUY;ICHIMOKU;18;14306181120;FAST_GENETIC;664613603;RESEARCH;05_US_Stocks_CFD/NKE/01_SLTP/BUY_ICHIMOKU.set;8C10D950057054DD6CB72207C0665396386F116E4291D3D74F4386D1FF7AA5DC
05_US_Stocks_CFD;NKE;01_SLTP;SELL;MULTI;19;655699968000;FAST_GENETIC;627342158;RESEARCH;05_US_Stocks_CFD/NKE/01_SLTP/SELL_MULTI.set;095D5E16AECBE4B76739B7105AEAF05C7ACC3C85354C864D1AECA8934E86865B
05_US_Stocks_CFD;NKE;01_SLTP;SELL;ICHIMOKU;18;14306181120;FAST_GENETIC;640144935;RESEARCH;05_US_Stocks_CFD/NKE/01_SLTP/SELL_ICHIMOKU.set;28AE5937E5E0C3DA8C1A033646E2AFAA614C56805A7FD163C26C0CCA56651597
05_US_Stocks_CFD;NKE;02_SLTP_ORGANIC;BUY;MULTI;19;655699968000;FAST_GENETIC;637109977;RESEARCH;05_US_Stocks_CFD/NKE/02_SLTP_ORGANIC/BUY_MULTI.set;6B204CE9C692DFFA4A556D50430C3E9D72D576DAF7423023B14D6C30B9B8D869
05_US_Stocks_CFD;NKE;02_SLTP_ORGANIC;BUY;ICHIMOKU;18;14306181120;FAST_GENETIC;685666978;RESEARCH;05_US_Stocks_CFD/NKE/02_SLTP_ORGANIC/BUY_ICHIMOKU.set;B266382C2DB4FCFF3C701E4F7C72F1DF46548B21629ABCAC7F290F1112DEE68E
05_US_Stocks_CFD;NKE;02_SLTP_ORGANIC;SELL;MULTI;19;655699968000;FAST_GENETIC;611721661;RESEARCH;05_US_Stocks_CFD/NKE/02_SLTP_ORGANIC/SELL_MULTI.set;7887136629B8CCEDD1A8917BE2BCFCBB44AA3043453CE89BF8A62585D9B55C68
05_US_Stocks_CFD;NKE;02_SLTP_ORGANIC;SELL;ICHIMOKU;18;14306181120;FAST_GENETIC;682168420;RESEARCH;05_US_Stocks_CFD/NKE/02_SLTP_ORGANIC/SELL_ICHIMOKU.set;E8CF8FCFD4B02B2EB8D60321A4C2C060AEEB4AFD7495835DA99385B38ABAAF2F
05_US_Stocks_CFD;NKE;03_TRAIL_ONLY;BUY;MULTI;20;2086318080000;FAST_GENETIC;659508095;RESEARCH;05_US_Stocks_CFD/NKE/03_TRAIL_ONLY/BUY_MULTI.set;8059B05963A6BF4CB62BB9BDE7EB2E069BE03CC69BA5FD9187BBC6C70DE6AA8C
05_US_Stocks_CFD;NKE;03_TRAIL_ONLY;BUY;ICHIMOKU;19;45519667200;FAST_GENETIC;692599429;RESEARCH;05_US_Stocks_CFD/NKE/03_TRAIL_ONLY/BUY_ICHIMOKU.set;244BF2CF292B4D856316FC72B2175435EA7E446C8826C0B51B3797A1285AAD26
05_US_Stocks_CFD;NKE;03_TRAIL_ONLY;SELL;MULTI;20;2086318080000;FAST_GENETIC;610084534;RESEARCH;05_US_Stocks_CFD/NKE/03_TRAIL_ONLY/SELL_MULTI.set;9708B7BC0B59BF0D29A1AE4076F6AEFBB2DAE4DB9FE2AB297D35A311D5AB3367
05_US_Stocks_CFD;NKE;03_TRAIL_ONLY;SELL;ICHIMOKU;19;45519667200;FAST_GENETIC;640166811;RESEARCH;05_US_Stocks_CFD/NKE/03_TRAIL_ONLY/SELL_ICHIMOKU.set;032481FA0968CABD5D679F991266848B1F58EFFB288FC23644FBD4558BF69E24
05_US_Stocks_CFD;NKE;04_SLTP_TRAIL;BUY;MULTI;20;9179799552000;FAST_GENETIC;627869451;RESEARCH;05_US_Stocks_CFD/NKE/04_SLTP_TRAIL/BUY_MULTI.set;753D58DA920461EE842FDE9F95067EDBC0CEF99D5F7467216E84D05440D4F2A6
05_US_Stocks_CFD;NKE;04_SLTP_TRAIL;BUY;ICHIMOKU;19;200286535680;FAST_GENETIC;682523130;RESEARCH;05_US_Stocks_CFD/NKE/04_SLTP_TRAIL/BUY_ICHIMOKU.set;E5460BF8B3AA6AA7603F95012CF542509B145B1FC616465BCE5F2F7FB0CD189B
05_US_Stocks_CFD;NKE;04_SLTP_TRAIL;SELL;MULTI;20;9179799552000;FAST_GENETIC;676427684;RESEARCH;05_US_Stocks_CFD/NKE/04_SLTP_TRAIL/SELL_MULTI.set;388FDC1242043DDD54D8036999DCEB5AA6513F39582C190D3341B4EC2B17A5EF
05_US_Stocks_CFD;NKE;04_SLTP_TRAIL;SELL;ICHIMOKU;19;200286535680;FAST_GENETIC;625243705;RESEARCH;05_US_Stocks_CFD/NKE/04_SLTP_TRAIL/SELL_ICHIMOKU.set;F2CB99E9A68B735AC413204B568A1A4DD484C7802CC54D9941DE745206E73509
05_US_Stocks_CFD;NKE;05_BE_TRAIL;BUY;MULTI;19;1043159040000;FAST_GENETIC;690650420;RESEARCH;05_US_Stocks_CFD/NKE/05_BE_TRAIL/BUY_MULTI.set;505664E55BBDEC0489AFD7D1C870DB63D1AF14C9525C1B8C7CB1B270AE0529D8
05_US_Stocks_CFD;NKE;05_BE_TRAIL;BUY;ICHIMOKU;18;22759833600;FAST_GENETIC;647182802;RESEARCH;05_US_Stocks_CFD/NKE/05_BE_TRAIL/BUY_ICHIMOKU.set;B1BBB02E7B13ACB8507BAC74E5BD6D369E64298119EB781139C125E9B598DD3E
05_US_Stocks_CFD;NKE;05_BE_TRAIL;SELL;MULTI;19;1043159040000;FAST_GENETIC;644444944;RESEARCH;05_US_Stocks_CFD/NKE/05_BE_TRAIL/SELL_MULTI.set;F41B906A2D79E5CB96E373EF85D20714B151482F8DEC3F0C3AEB30C2F1D11F52
05_US_Stocks_CFD;NKE;05_BE_TRAIL;SELL;ICHIMOKU;18;22759833600;FAST_GENETIC;694145905;RESEARCH;05_US_Stocks_CFD/NKE/05_BE_TRAIL/SELL_ICHIMOKU.set;7AA59547D3BC5641F63534261FC762EC0103BBA58503A62BDA3309C142BEDA73
05_US_Stocks_CFD;NKE;06_REVERSAL_EXIT;BUY;MULTI;21;1669054464000;FAST_GENETIC;624645629;RESEARCH;05_US_Stocks_CFD/NKE/06_REVERSAL_EXIT/BUY_MULTI.set;8FB2CE5A9DEC93A68FC91C4895EADF6653DE0A04584C6A49A8E7D57620727521
05_US_Stocks_CFD;NKE;06_REVERSAL_EXIT;BUY;ICHIMOKU;20;36415733760;FAST_GENETIC;678518393;RESEARCH;05_US_Stocks_CFD/NKE/06_REVERSAL_EXIT/BUY_ICHIMOKU.set;C39DB6C09E2FFC9CD3DF1B8DC0A279F1FCE5D77D4E1986A31C4098A4CF529D2C
05_US_Stocks_CFD;NKE;06_REVERSAL_EXIT;SELL;MULTI;21;1669054464000;FAST_GENETIC;675759341;RESEARCH;05_US_Stocks_CFD/NKE/06_REVERSAL_EXIT/SELL_MULTI.set;F06D6EEE9F2A746A3C565C896CC42E9CB565801BA78E6B433CC08C94C7F1C39C
05_US_Stocks_CFD;NKE;06_REVERSAL_EXIT;SELL;ICHIMOKU;20;36415733760;FAST_GENETIC;658969905;RESEARCH;05_US_Stocks_CFD/NKE/06_REVERSAL_EXIT/SELL_ICHIMOKU.set;82FF7C4DC4A26C39854DA7DC881ADB53C8BBA53AC78B2970AE831C9E55B014EA
05_US_Stocks_CFD;NKE;07_GRID_SEPARATE;BUY;MULTI;20;3161410560000;FAST_GENETIC;660809643;HEDGE_ACCOUNT_REQUIRED;05_US_Stocks_CFD/NKE/07_GRID_SEPARATE/BUY_MULTI.set;7C92EC82AA2888061E06F46E30553CA07A2A7DCDFD62C9AE544CDCA8B99B8E13
05_US_Stocks_CFD;NKE;07_GRID_SEPARATE;BUY;ICHIMOKU;19;68976230400;FAST_GENETIC;625706017;HEDGE_ACCOUNT_REQUIRED;05_US_Stocks_CFD/NKE/07_GRID_SEPARATE/BUY_ICHIMOKU.set;875686995279DA33090121375397E224E321FD71830747C684778438CCAD8504
05_US_Stocks_CFD;NKE;07_GRID_SEPARATE;SELL;MULTI;20;3161410560000;FAST_GENETIC;691276126;HEDGE_ACCOUNT_REQUIRED;05_US_Stocks_CFD/NKE/07_GRID_SEPARATE/SELL_MULTI.set;7EA32314561FCEA5D8DB49570E01FE06F94682B381853CF3B3BE4A8CE96729B8
05_US_Stocks_CFD;NKE;07_GRID_SEPARATE;SELL;ICHIMOKU;19;68976230400;FAST_GENETIC;637917344;HEDGE_ACCOUNT_REQUIRED;05_US_Stocks_CFD/NKE/07_GRID_SEPARATE/SELL_ICHIMOKU.set;100F1064E8FA3D4BECB4CB2B4BA3F305949D8E0943AFD024A67C10CEEF6FE061
05_US_Stocks_CFD;NKE;08_GRID_UNIFIED;BOTH;MULTI;21;15807052800000;FAST_GENETIC;655637935;HEDGE_ACCOUNT_REQUIRED;05_US_Stocks_CFD/NKE/08_GRID_UNIFIED/BOTH_MULTI.set;145D9228DB9F9162734E9576D15160E05ABD3BBB23346CB61D267571C49E027D
05_US_Stocks_CFD;NKE;08_GRID_UNIFIED;BOTH;ICHIMOKU;20;344881152000;FAST_GENETIC;676191680;HEDGE_ACCOUNT_REQUIRED;05_US_Stocks_CFD/NKE/08_GRID_UNIFIED/BOTH_ICHIMOKU.set;C6ECCE4115321FE4BD8DBA4F7F2F9ABA1C356523527A796793976D75AC3ADC19
05_US_Stocks_CFD;NKE;09_MARTINGALE;BUY;MULTI;21;18359599104000;FAST_GENETIC;617627532;HIGH_RISK;05_US_Stocks_CFD/NKE/09_MARTINGALE/BUY_MULTI.set;E340FFB37E490CE6646DE4D9F8D62F2A11BE2F272F198D4A255469E221EE2B09
05_US_Stocks_CFD;NKE;09_MARTINGALE;BUY;ICHIMOKU;20;400573071360;FAST_GENETIC;698128930;HIGH_RISK;05_US_Stocks_CFD/NKE/09_MARTINGALE/BUY_ICHIMOKU.set;BBA0737914172A375619BD1B01E6682AA92E20663F4AC613CE28441F687A19D7
05_US_Stocks_CFD;NKE;09_MARTINGALE;SELL;MULTI;21;18359599104000;FAST_GENETIC;675616002;HIGH_RISK;05_US_Stocks_CFD/NKE/09_MARTINGALE/SELL_MULTI.set;620E6E7EC87458BE528E937F93E514DEE6717D7AED582496D2B9863303D629C5
05_US_Stocks_CFD;NKE;09_MARTINGALE;SELL;ICHIMOKU;20;400573071360;FAST_GENETIC;643167096;HIGH_RISK;05_US_Stocks_CFD/NKE/09_MARTINGALE/SELL_ICHIMOKU.set;EB6D7560C0199AFDD5B75B9E5A6E266D4186578D307A15D8F9520D67005EE45F
05_US_Stocks_CFD;NKE;10_DALEMBERT;BUY;MULTI;21;13113999360000;FAST_GENETIC;635591320;HIGH_RISK;05_US_Stocks_CFD/NKE/10_DALEMBERT/BUY_MULTI.set;0B8AB21A75244C5E13655BF4FB6E897BF4F21DF5E2B668FD088577E1EC62D1F1
05_US_Stocks_CFD;NKE;10_DALEMBERT;BUY;ICHIMOKU;20;286123622400;FAST_GENETIC;676116663;HIGH_RISK;05_US_Stocks_CFD/NKE/10_DALEMBERT/BUY_ICHIMOKU.set;688603682B6EBA75A9915DC701291098058686AA1DA137FFED7A93FC30FD6A10
05_US_Stocks_CFD;NKE;10_DALEMBERT;SELL;MULTI;21;13113999360000;FAST_GENETIC;661922730;HIGH_RISK;05_US_Stocks_CFD/NKE/10_DALEMBERT/SELL_MULTI.set;77430083D1B5D8040B9FD18D02F6838BCD32A183CB3584A370A4B16D55E1DA81
05_US_Stocks_CFD;NKE;10_DALEMBERT;SELL;ICHIMOKU;20;286123622400;FAST_GENETIC;683187135;HIGH_RISK;05_US_Stocks_CFD/NKE/10_DALEMBERT/SELL_ICHIMOKU.set;A12460ABAD67E5D02402013F47D51B099543FEFB42BED37E790DABC3AF901EDC
05_US_Stocks_CFD;NKE;11_SIGNAL_ONLY;BUY;MULTI;16;354816000;FAST_GENETIC;650661567;HIGH_RISK_RESEARCH;05_US_Stocks_CFD/NKE/11_SIGNAL_ONLY/BUY_MULTI.set;29BF8260D5F3C0049202B397F0F20804B46F1C39888396D887CABE478A227BE6
05_US_Stocks_CFD;NKE;11_SIGNAL_ONLY;BUY;ICHIMOKU;15;7741440;FAST_GENETIC;667303909;HIGH_RISK_RESEARCH;05_US_Stocks_CFD/NKE/11_SIGNAL_ONLY/BUY_ICHIMOKU.set;73B66DDDC4AC57DBA172DF15393862ADBFCE3C4E77BBFE4DDAA831FC12A25FE9
05_US_Stocks_CFD;NKE;11_SIGNAL_ONLY;SELL;MULTI;16;354816000;FAST_GENETIC;658364543;HIGH_RISK_RESEARCH;05_US_Stocks_CFD/NKE/11_SIGNAL_ONLY/SELL_MULTI.set;6537B78189528F8168AB2F28C59EAE6747AF74BB9E92D06587F94D8013977870
05_US_Stocks_CFD;NKE;11_SIGNAL_ONLY;SELL;ICHIMOKU;15;7741440;FAST_GENETIC;610368420;HIGH_RISK_RESEARCH;05_US_Stocks_CFD/NKE/11_SIGNAL_ONLY/SELL_ICHIMOKU.set;60A0A4DC42FB7E1F0060A247F8D24FA78653DB0C848B09CE5A78E048F8D1681E
05_US_Stocks_CFD;NVDA;01_SLTP;BUY;MULTI;19;655699968000;FAST_GENETIC;620617695;RESEARCH;05_US_Stocks_CFD/NVDA/01_SLTP/BUY_MULTI.set;B38CE082AD4AE47DA4460F7C66B4069107486434AD09429ED98A6AFC85AEEC2A
05_US_Stocks_CFD;NVDA;01_SLTP;BUY;ICHIMOKU;18;14306181120;FAST_GENETIC;644816447;RESEARCH;05_US_Stocks_CFD/NVDA/01_SLTP/BUY_ICHIMOKU.set;9B502517C108A532D1C05FF4AC845C1C4AE87C6F5458333FAD9BE7A3A897B86A
05_US_Stocks_CFD;NVDA;01_SLTP;SELL;MULTI;19;655699968000;FAST_GENETIC;644150825;RESEARCH;05_US_Stocks_CFD/NVDA/01_SLTP/SELL_MULTI.set;B695F26872CAECB1C21C46707712E623EF520D21CCF828C148FB38D9BD6323C7
05_US_Stocks_CFD;NVDA;01_SLTP;SELL;ICHIMOKU;18;14306181120;FAST_GENETIC;614204356;RESEARCH;05_US_Stocks_CFD/NVDA/01_SLTP/SELL_ICHIMOKU.set;055F265F984B8C1F800A2FB0F5DDD6389F7A282E9DC444746C458125885A1C10
05_US_Stocks_CFD;NVDA;02_SLTP_ORGANIC;BUY;MULTI;19;655699968000;FAST_GENETIC;663139438;RESEARCH;05_US_Stocks_CFD/NVDA/02_SLTP_ORGANIC/BUY_MULTI.set;31BAC0DD7A9C38FF70D036D2331A3B20E646E9AC6444901E0D754A243CDAAAD0
05_US_Stocks_CFD;NVDA;02_SLTP_ORGANIC;BUY;ICHIMOKU;18;14306181120;FAST_GENETIC;650993273;RESEARCH;05_US_Stocks_CFD/NVDA/02_SLTP_ORGANIC/BUY_ICHIMOKU.set;253FEEA74206B8EF21E6DC9E4A9CD1C5C53FE0E1BBCDC2FA8EE15A1AF617787F
05_US_Stocks_CFD;NVDA;02_SLTP_ORGANIC;SELL;MULTI;19;655699968000;FAST_GENETIC;695584555;RESEARCH;05_US_Stocks_CFD/NVDA/02_SLTP_ORGANIC/SELL_MULTI.set;0C1CF25E5BF41E5A430DFC1CC9A8CD4E1FD5E73BFEDBFA33EA7BB0B94DB0E13D
05_US_Stocks_CFD;NVDA;02_SLTP_ORGANIC;SELL;ICHIMOKU;18;14306181120;FAST_GENETIC;623418563;RESEARCH;05_US_Stocks_CFD/NVDA/02_SLTP_ORGANIC/SELL_ICHIMOKU.set;C7846AFAC50F71F10CD26707FB4DCFB1C3A379E0BC87369A9418FBC3C2E6EDAD
05_US_Stocks_CFD;NVDA;03_TRAIL_ONLY;BUY;MULTI;20;2086318080000;FAST_GENETIC;638544592;RESEARCH;05_US_Stocks_CFD/NVDA/03_TRAIL_ONLY/BUY_MULTI.set;80B8BA6979FC09A847D75A8D9011EDD000AF3486A18A5DB8B8A5450736211D84
05_US_Stocks_CFD;NVDA;03_TRAIL_ONLY;BUY;ICHIMOKU;19;45519667200;FAST_GENETIC;667152018;RESEARCH;05_US_Stocks_CFD/NVDA/03_TRAIL_ONLY/BUY_ICHIMOKU.set;78F63DA3830F998F27ED0B7E7F994B7D9072DE71FA5DE454640EDEB032C05118
05_US_Stocks_CFD;NVDA;03_TRAIL_ONLY;SELL;MULTI;20;2086318080000;FAST_GENETIC;627161349;RESEARCH;05_US_Stocks_CFD/NVDA/03_TRAIL_ONLY/SELL_MULTI.set;E6C8906F0D57442622334024A0F72EA7C8D05CD910CB9D304C2139B44DA57193
05_US_Stocks_CFD;NVDA;03_TRAIL_ONLY;SELL;ICHIMOKU;19;45519667200;FAST_GENETIC;672692138;RESEARCH;05_US_Stocks_CFD/NVDA/03_TRAIL_ONLY/SELL_ICHIMOKU.set;3596F81EFEF3E5DC7738D3A893EC3ACDC0A9EEF95E9AB2BADFC4136F1A5A9A3A
05_US_Stocks_CFD;NVDA;04_SLTP_TRAIL;BUY;MULTI;20;9179799552000;FAST_GENETIC;682988721;RESEARCH;05_US_Stocks_CFD/NVDA/04_SLTP_TRAIL/BUY_MULTI.set;A1010730975F4DBB8D9FCDC03CFF3B86A69ADD3D2DB775558B349B28A1503F64
05_US_Stocks_CFD;NVDA;04_SLTP_TRAIL;BUY;ICHIMOKU;19;200286535680;FAST_GENETIC;694930356;RESEARCH;05_US_Stocks_CFD/NVDA/04_SLTP_TRAIL/BUY_ICHIMOKU.set;91A976FBB779DCE34290A2666C8AE145E0844F7888D2C3E72A13DC6F168B1DCF
05_US_Stocks_CFD;NVDA;04_SLTP_TRAIL;SELL;MULTI;20;9179799552000;FAST_GENETIC;665708953;RESEARCH;05_US_Stocks_CFD/NVDA/04_SLTP_TRAIL/SELL_MULTI.set;18635348A063F6B15A45DF19C0A33B9AD02FDF9688791D4F32ACBAD8F2D474B7
05_US_Stocks_CFD;NVDA;04_SLTP_TRAIL;SELL;ICHIMOKU;19;200286535680;FAST_GENETIC;686045540;RESEARCH;05_US_Stocks_CFD/NVDA/04_SLTP_TRAIL/SELL_ICHIMOKU.set;C04D69D31C9C1EC41B489362A1B9F936A04E573BEE573223B7D287831DAFDF81
05_US_Stocks_CFD;NVDA;05_BE_TRAIL;BUY;MULTI;19;1043159040000;FAST_GENETIC;623763625;RESEARCH;05_US_Stocks_CFD/NVDA/05_BE_TRAIL/BUY_MULTI.set;8AE23B5D7AE99158121EEC9421AAA4C985D717D59484284BB640292998968F25
05_US_Stocks_CFD;NVDA;05_BE_TRAIL;BUY;ICHIMOKU;18;22759833600;FAST_GENETIC;637151294;RESEARCH;05_US_Stocks_CFD/NVDA/05_BE_TRAIL/BUY_ICHIMOKU.set;6D8051108EFF68E8F4984C752C51A0DB7F6AECEC4D6A0FCD16AFD3311FA9ECB7
05_US_Stocks_CFD;NVDA;05_BE_TRAIL;SELL;MULTI;19;1043159040000;FAST_GENETIC;663174230;RESEARCH;05_US_Stocks_CFD/NVDA/05_BE_TRAIL/SELL_MULTI.set;176DA9D062340A334D987A64849B7FD115AAEAF7B008C7BEAA25CC1D462DDCE1
05_US_Stocks_CFD;NVDA;05_BE_TRAIL;SELL;ICHIMOKU;18;22759833600;FAST_GENETIC;654288871;RESEARCH;05_US_Stocks_CFD/NVDA/05_BE_TRAIL/SELL_ICHIMOKU.set;E572C0F8797D22A2B67F84F5E1CD2DAAC8D3412964876A5086DABEF1374C38E4
05_US_Stocks_CFD;NVDA;06_REVERSAL_EXIT;BUY;MULTI;21;1669054464000;FAST_GENETIC;663471140;RESEARCH;05_US_Stocks_CFD/NVDA/06_REVERSAL_EXIT/BUY_MULTI.set;2F280AD69DA9866F78FD7D34E1CF129BC25DEE0EC8B7983C72EFD49CCA82706A
05_US_Stocks_CFD;NVDA;06_REVERSAL_EXIT;BUY;ICHIMOKU;20;36415733760;FAST_GENETIC;620661981;RESEARCH;05_US_Stocks_CFD/NVDA/06_REVERSAL_EXIT/BUY_ICHIMOKU.set;FF422294969B046FFBBC306FE076017E358A4DC1DF89C8F886946BE903EB2E93
05_US_Stocks_CFD;NVDA;06_REVERSAL_EXIT;SELL;MULTI;21;1669054464000;FAST_GENETIC;649858431;RESEARCH;05_US_Stocks_CFD/NVDA/06_REVERSAL_EXIT/SELL_MULTI.set;651FE8AACA45AA90ED38037D7D5CF6668D12BEB1111B931977F486F03A73291E
05_US_Stocks_CFD;NVDA;06_REVERSAL_EXIT;SELL;ICHIMOKU;20;36415733760;FAST_GENETIC;621779129;RESEARCH;05_US_Stocks_CFD/NVDA/06_REVERSAL_EXIT/SELL_ICHIMOKU.set;F17A2DAE9514F4CF7559962968B94C1109B044A637CE2D9088E74AAD9A4843F0
05_US_Stocks_CFD;NVDA;07_GRID_SEPARATE;BUY;MULTI;20;3161410560000;FAST_GENETIC;619679278;HEDGE_ACCOUNT_REQUIRED;05_US_Stocks_CFD/NVDA/07_GRID_SEPARATE/BUY_MULTI.set;5E4D02E0573400434D62193D7770E2D044171C30E320AB8B9386CECDFC209F14
05_US_Stocks_CFD;NVDA;07_GRID_SEPARATE;BUY;ICHIMOKU;19;68976230400;FAST_GENETIC;690647038;HEDGE_ACCOUNT_REQUIRED;05_US_Stocks_CFD/NVDA/07_GRID_SEPARATE/BUY_ICHIMOKU.set;445A25A3958F9BBD5318B772272D9EC7CC40B5D8BA949ACE6E16FA4A7353E2E3
05_US_Stocks_CFD;NVDA;07_GRID_SEPARATE;SELL;MULTI;20;3161410560000;FAST_GENETIC;685418992;HEDGE_ACCOUNT_REQUIRED;05_US_Stocks_CFD/NVDA/07_GRID_SEPARATE/SELL_MULTI.set;7EBC797C6E3FD222866F57B9AD2A13E3A48EF44EB0E463A44B93798D615EF22D
05_US_Stocks_CFD;NVDA;07_GRID_SEPARATE;SELL;ICHIMOKU;19;68976230400;FAST_GENETIC;688971448;HEDGE_ACCOUNT_REQUIRED;05_US_Stocks_CFD/NVDA/07_GRID_SEPARATE/SELL_ICHIMOKU.set;03B61CE14B0C6D8B15F000F2FC1D526A954C82D65DD6C86164D051E90134C09D
05_US_Stocks_CFD;NVDA;08_GRID_UNIFIED;BOTH;MULTI;21;15807052800000;FAST_GENETIC;678372244;HEDGE_ACCOUNT_REQUIRED;05_US_Stocks_CFD/NVDA/08_GRID_UNIFIED/BOTH_MULTI.set;EA9C689FB81A384DA02A5DB4F66E98E4E7C9E9258874CD1DAFAC34F4CD183764
05_US_Stocks_CFD;NVDA;08_GRID_UNIFIED;BOTH;ICHIMOKU;20;344881152000;FAST_GENETIC;689819591;HEDGE_ACCOUNT_REQUIRED;05_US_Stocks_CFD/NVDA/08_GRID_UNIFIED/BOTH_ICHIMOKU.set;5BDDD552EC3DD2356BBCEE13D2E3F35A2DBAE11BD75FA213E6D6EA28636B39CA
05_US_Stocks_CFD;NVDA;09_MARTINGALE;BUY;MULTI;21;18359599104000;FAST_GENETIC;675249699;HIGH_RISK;05_US_Stocks_CFD/NVDA/09_MARTINGALE/BUY_MULTI.set;15BA6D3272FC4A429852B4E071C778E445FCB877550C130824FA4A4D9625DC87
05_US_Stocks_CFD;NVDA;09_MARTINGALE;BUY;ICHIMOKU;20;400573071360;FAST_GENETIC;665659689;HIGH_RISK;05_US_Stocks_CFD/NVDA/09_MARTINGALE/BUY_ICHIMOKU.set;5099B076D6943BDBE3D9E007AB9CAD50F1801022AF29D26146811DFE8FE2B679
05_US_Stocks_CFD;NVDA;09_MARTINGALE;SELL;MULTI;21;18359599104000;FAST_GENETIC;624598566;HIGH_RISK;05_US_Stocks_CFD/NVDA/09_MARTINGALE/SELL_MULTI.set;9E9A2B9F6A6ECF9FB78AEE715ED649C1A079AF714A0A68AE455A425E0DBD3B84
05_US_Stocks_CFD;NVDA;09_MARTINGALE;SELL;ICHIMOKU;20;400573071360;FAST_GENETIC;616848591;HIGH_RISK;05_US_Stocks_CFD/NVDA/09_MARTINGALE/SELL_ICHIMOKU.set;502999B2083B1EF25228A876F4A6BC7D87C22210B4A6AED918647B127B55689F
05_US_Stocks_CFD;NVDA;10_DALEMBERT;BUY;MULTI;21;13113999360000;FAST_GENETIC;659246680;HIGH_RISK;05_US_Stocks_CFD/NVDA/10_DALEMBERT/BUY_MULTI.set;9611A6C3C33EBC7627B148C961F97E978B03BC95E577927AF598506268DAC95E
05_US_Stocks_CFD;NVDA;10_DALEMBERT;BUY;ICHIMOKU;20;286123622400;FAST_GENETIC;646926891;HIGH_RISK;05_US_Stocks_CFD/NVDA/10_DALEMBERT/BUY_ICHIMOKU.set;5A5B36078ADDA9B19CA80B3AEB81AE9298AEA0DE90CE7F9C0FA16663A9B115DA
05_US_Stocks_CFD;NVDA;10_DALEMBERT;SELL;MULTI;21;13113999360000;FAST_GENETIC;650236332;HIGH_RISK;05_US_Stocks_CFD/NVDA/10_DALEMBERT/SELL_MULTI.set;F4D30F6B8C09A15DF4E57A42BA03C84351395D39FCC06B62AB706FD208D72F52
05_US_Stocks_CFD;NVDA;10_DALEMBERT;SELL;ICHIMOKU;20;286123622400;FAST_GENETIC;644089178;HIGH_RISK;05_US_Stocks_CFD/NVDA/10_DALEMBERT/SELL_ICHIMOKU.set;446686D02A64B496CBA3A3C34E63BE4B7BFF69577C21BDF52149559A6C410A3A
05_US_Stocks_CFD;NVDA;11_SIGNAL_ONLY;BUY;MULTI;16;354816000;FAST_GENETIC;680634180;HIGH_RISK_RESEARCH;05_US_Stocks_CFD/NVDA/11_SIGNAL_ONLY/BUY_MULTI.set;1EEAAC23B62786EBF0E9C81AF34E2063FEB75E1AFC6E13787D1B272D0F8A853B
05_US_Stocks_CFD;NVDA;11_SIGNAL_ONLY;BUY;ICHIMOKU;15;7741440;FAST_GENETIC;626825447;HIGH_RISK_RESEARCH;05_US_Stocks_CFD/NVDA/11_SIGNAL_ONLY/BUY_ICHIMOKU.set;61C6866BFA588D11D5A87575C8EFE655C8A5D8CD93A4716097CF66ED618F99B8
05_US_Stocks_CFD;NVDA;11_SIGNAL_ONLY;SELL;MULTI;16;354816000;FAST_GENETIC;648865778;HIGH_RISK_RESEARCH;05_US_Stocks_CFD/NVDA/11_SIGNAL_ONLY/SELL_MULTI.set;B835EF58D037E9D5C3AA73E2032EC9D0512F449DC902F5FC25FF2B911FE72D19
05_US_Stocks_CFD;NVDA;11_SIGNAL_ONLY;SELL;ICHIMOKU;15;7741440;FAST_GENETIC;627622133;HIGH_RISK_RESEARCH;05_US_Stocks_CFD/NVDA/11_SIGNAL_ONLY/SELL_ICHIMOKU.set;8D97BD1DE124A92C480F25605B4813AC46E6AA0B2C0587F249295714A33B8249
05_US_Stocks_CFD;ORCL;01_SLTP;BUY;MULTI;19;655699968000;FAST_GENETIC;681125535;RESEARCH;05_US_Stocks_CFD/ORCL/01_SLTP/BUY_MULTI.set;3A7BCB2D18981E3CE6CA71B9D3EF8BCDE8F1EBA5A1B40F7EB3F5DEEC30AE3D42
05_US_Stocks_CFD;ORCL;01_SLTP;BUY;ICHIMOKU;18;14306181120;FAST_GENETIC;623011459;RESEARCH;05_US_Stocks_CFD/ORCL/01_SLTP/BUY_ICHIMOKU.set;AD65FBEA18139583DDCD31541424F36320FC4BB1330CC90B1FC585F4CA07BECC
05_US_Stocks_CFD;ORCL;01_SLTP;SELL;MULTI;19;655699968000;FAST_GENETIC;632202300;RESEARCH;05_US_Stocks_CFD/ORCL/01_SLTP/SELL_MULTI.set;9FD7F7AD26EFB3A0DBC835218FC665246758434E2950C792011A529BEF73FF9F
05_US_Stocks_CFD;ORCL;01_SLTP;SELL;ICHIMOKU;18;14306181120;FAST_GENETIC;619200852;RESEARCH;05_US_Stocks_CFD/ORCL/01_SLTP/SELL_ICHIMOKU.set;1048D918C9BF45914F2AFB36C92D5B6BB99F9503E42E5F112573E3691B954FF5
05_US_Stocks_CFD;ORCL;02_SLTP_ORGANIC;BUY;MULTI;19;655699968000;FAST_GENETIC;628987949;RESEARCH;05_US_Stocks_CFD/ORCL/02_SLTP_ORGANIC/BUY_MULTI.set;BB6D71709E6600836E4A111EFA61731DA08190128C00527468DD588212557A80
05_US_Stocks_CFD;ORCL;02_SLTP_ORGANIC;BUY;ICHIMOKU;18;14306181120;FAST_GENETIC;618168174;RESEARCH;05_US_Stocks_CFD/ORCL/02_SLTP_ORGANIC/BUY_ICHIMOKU.set;B9A94115142E19F4229A86A233359769323E218E164AD82315D452D8C9948CD2
05_US_Stocks_CFD;ORCL;02_SLTP_ORGANIC;SELL;MULTI;19;655699968000;FAST_GENETIC;662107674;RESEARCH;05_US_Stocks_CFD/ORCL/02_SLTP_ORGANIC/SELL_MULTI.set;CE89133A5A45D3E6F212775F94522B3B7F5AA71B6ED5E3F220DF170D4A7CBF03
05_US_Stocks_CFD;ORCL;02_SLTP_ORGANIC;SELL;ICHIMOKU;18;14306181120;FAST_GENETIC;626413415;RESEARCH;05_US_Stocks_CFD/ORCL/02_SLTP_ORGANIC/SELL_ICHIMOKU.set;86640E329A3589121C87E5EB7C9EA005C5F5E97934F97866ABB7820828A630FD
05_US_Stocks_CFD;ORCL;03_TRAIL_ONLY;BUY;MULTI;20;2086318080000;FAST_GENETIC;644909424;RESEARCH;05_US_Stocks_CFD/ORCL/03_TRAIL_ONLY/BUY_MULTI.set;DE349BBE6A104E6809F76AAD9C50B3B24376FAF6F848C68CB2F45206741F18F9
05_US_Stocks_CFD;ORCL;03_TRAIL_ONLY;BUY;ICHIMOKU;19;45519667200;FAST_GENETIC;672406804;RESEARCH;05_US_Stocks_CFD/ORCL/03_TRAIL_ONLY/BUY_ICHIMOKU.set;2EA7D12963B028ECF86A9C7D49C605EAE9AD7FCDC3FFF1B391349649D5B15750
05_US_Stocks_CFD;ORCL;03_TRAIL_ONLY;SELL;MULTI;20;2086318080000;FAST_GENETIC;664839397;RESEARCH;05_US_Stocks_CFD/ORCL/03_TRAIL_ONLY/SELL_MULTI.set;ACE00A9B2F98C6EAEEF4CF6159CA75807078E066AC5A9F0E9084E624A94DB32C
05_US_Stocks_CFD;ORCL;03_TRAIL_ONLY;SELL;ICHIMOKU;19;45519667200;FAST_GENETIC;693583393;RESEARCH;05_US_Stocks_CFD/ORCL/03_TRAIL_ONLY/SELL_ICHIMOKU.set;FFC723224F99388AB783768A6BAFBBAA6B8BBE29334F23DFFE198BD1C70E97DB
05_US_Stocks_CFD;ORCL;04_SLTP_TRAIL;BUY;MULTI;20;9179799552000;FAST_GENETIC;674470171;RESEARCH;05_US_Stocks_CFD/ORCL/04_SLTP_TRAIL/BUY_MULTI.set;D6B4DAC20196A4E616E597E293F3B83E4F2852BDB5C6CCA5F9E8A562A9FA1504
05_US_Stocks_CFD;ORCL;04_SLTP_TRAIL;BUY;ICHIMOKU;19;200286535680;FAST_GENETIC;613752893;RESEARCH;05_US_Stocks_CFD/ORCL/04_SLTP_TRAIL/BUY_ICHIMOKU.set;96007F84A245071E8A6A7971EC31762ACB309DFC6AF9593DBD46EC369841A6A5
05_US_Stocks_CFD;ORCL;04_SLTP_TRAIL;SELL;MULTI;20;9179799552000;FAST_GENETIC;619966727;RESEARCH;05_US_Stocks_CFD/ORCL/04_SLTP_TRAIL/SELL_MULTI.set;D1E529FC69BAF9FE49F486368DE7A1CCDB74272E105BB4D8205A645582A562CF
05_US_Stocks_CFD;ORCL;04_SLTP_TRAIL;SELL;ICHIMOKU;19;200286535680;FAST_GENETIC;655185219;RESEARCH;05_US_Stocks_CFD/ORCL/04_SLTP_TRAIL/SELL_ICHIMOKU.set;1B89288AA7E06DAABCA99CCB0FB0A0118CE7D3102C93D4C6FE093101DB381DDD
05_US_Stocks_CFD;ORCL;05_BE_TRAIL;BUY;MULTI;19;1043159040000;FAST_GENETIC;624820162;RESEARCH;05_US_Stocks_CFD/ORCL/05_BE_TRAIL/BUY_MULTI.set;03BF879BA36BB325069F49C4EB8C0B079B5DCD160A88CC49B3069E1D74DAC942
05_US_Stocks_CFD;ORCL;05_BE_TRAIL;BUY;ICHIMOKU;18;22759833600;FAST_GENETIC;614037285;RESEARCH;05_US_Stocks_CFD/ORCL/05_BE_TRAIL/BUY_ICHIMOKU.set;0158490542DB153405E71B17AE450B1CD55FB67F9BCBC2471A7DAE6974D61C2C
05_US_Stocks_CFD;ORCL;05_BE_TRAIL;SELL;MULTI;19;1043159040000;FAST_GENETIC;656794817;RESEARCH;05_US_Stocks_CFD/ORCL/05_BE_TRAIL/SELL_MULTI.set;AAC724D5BB27E06DFF02C86FB658AC5C605B804ADD445FEC0BE79961DE5252AA
05_US_Stocks_CFD;ORCL;05_BE_TRAIL;SELL;ICHIMOKU;18;22759833600;FAST_GENETIC;652372197;RESEARCH;05_US_Stocks_CFD/ORCL/05_BE_TRAIL/SELL_ICHIMOKU.set;200A1251E4588C4BB012D59C0A215054721BF96927C4E7DD75E1CDB9F936A961
05_US_Stocks_CFD;ORCL;06_REVERSAL_EXIT;BUY;MULTI;21;1669054464000;FAST_GENETIC;686970987;RESEARCH;05_US_Stocks_CFD/ORCL/06_REVERSAL_EXIT/BUY_MULTI.set;EAF6DCF9B014476F10DC56649A1F77B37407A820A006691B732FFAFA4057E109
05_US_Stocks_CFD;ORCL;06_REVERSAL_EXIT;BUY;ICHIMOKU;20;36415733760;FAST_GENETIC;649271231;RESEARCH;05_US_Stocks_CFD/ORCL/06_REVERSAL_EXIT/BUY_ICHIMOKU.set;AF44364891396AF41B1AF996181304F3E458F6B7C8A3C084E14C4961A9FBF5B5
05_US_Stocks_CFD;ORCL;06_REVERSAL_EXIT;SELL;MULTI;21;1669054464000;FAST_GENETIC;644577286;RESEARCH;05_US_Stocks_CFD/ORCL/06_REVERSAL_EXIT/SELL_MULTI.set;13E02F7DB72639DF9D061068D9D81629CE0F127E6C9BFC8A181F69A3BB125194
05_US_Stocks_CFD;ORCL;06_REVERSAL_EXIT;SELL;ICHIMOKU;20;36415733760;FAST_GENETIC;644569590;RESEARCH;05_US_Stocks_CFD/ORCL/06_REVERSAL_EXIT/SELL_ICHIMOKU.set;21F04F429E628F56D9FE2378B2699CA556C9F363FB7F12C3D055B2DD2EDFF9FA
05_US_Stocks_CFD;ORCL;07_GRID_SEPARATE;BUY;MULTI;20;3161410560000;FAST_GENETIC;625799454;HEDGE_ACCOUNT_REQUIRED;05_US_Stocks_CFD/ORCL/07_GRID_SEPARATE/BUY_MULTI.set;D62F34C7C79D517A8186ED7B6554163D797CFF770C1586E95CADCC37941300C1
05_US_Stocks_CFD;ORCL;07_GRID_SEPARATE;BUY;ICHIMOKU;19;68976230400;FAST_GENETIC;678820161;HEDGE_ACCOUNT_REQUIRED;05_US_Stocks_CFD/ORCL/07_GRID_SEPARATE/BUY_ICHIMOKU.set;962DE9E473DEC55277789A10786CB072B9E7887490924C0F3F5BC8893E995167
05_US_Stocks_CFD;ORCL;07_GRID_SEPARATE;SELL;MULTI;20;3161410560000;FAST_GENETIC;673941213;HEDGE_ACCOUNT_REQUIRED;05_US_Stocks_CFD/ORCL/07_GRID_SEPARATE/SELL_MULTI.set;7DC768FE6C944A703F621370CF80B8D3710385ABDC77A24A1712A35333CC3A68
05_US_Stocks_CFD;ORCL;07_GRID_SEPARATE;SELL;ICHIMOKU;19;68976230400;FAST_GENETIC;619981225;HEDGE_ACCOUNT_REQUIRED;05_US_Stocks_CFD/ORCL/07_GRID_SEPARATE/SELL_ICHIMOKU.set;BB582E7DF4EDCFFCDF3D63405D1F31D9E31BE7947F38CB8C58EFB778162CF46F
05_US_Stocks_CFD;ORCL;08_GRID_UNIFIED;BOTH;MULTI;21;15807052800000;FAST_GENETIC;678481637;HEDGE_ACCOUNT_REQUIRED;05_US_Stocks_CFD/ORCL/08_GRID_UNIFIED/BOTH_MULTI.set;375246FBD3559B99495BB749566531812BB9B06D05B41C031C83B97A95FF8FA5
05_US_Stocks_CFD;ORCL;08_GRID_UNIFIED;BOTH;ICHIMOKU;20;344881152000;FAST_GENETIC;681234607;HEDGE_ACCOUNT_REQUIRED;05_US_Stocks_CFD/ORCL/08_GRID_UNIFIED/BOTH_ICHIMOKU.set;68D5A82C411DD0BA77FD10062FEF69CAD0FEDE70E57EB93F2DF0021FB5C01727
05_US_Stocks_CFD;ORCL;09_MARTINGALE;BUY;MULTI;21;18359599104000;FAST_GENETIC;658842072;HIGH_RISK;05_US_Stocks_CFD/ORCL/09_MARTINGALE/BUY_MULTI.set;DF54BC1C06F4997896BB8065F3D4C9BD5374BDDD24AD70E0A58B4BF943642D2C
05_US_Stocks_CFD;ORCL;09_MARTINGALE;BUY;ICHIMOKU;20;400573071360;FAST_GENETIC;631696437;HIGH_RISK;05_US_Stocks_CFD/ORCL/09_MARTINGALE/BUY_ICHIMOKU.set;150C3A307545233956B8E5F7D18BE47D1A661B76958F9410186C044AB8A79147
05_US_Stocks_CFD;ORCL;09_MARTINGALE;SELL;MULTI;21;18359599104000;FAST_GENETIC;615140506;HIGH_RISK;05_US_Stocks_CFD/ORCL/09_MARTINGALE/SELL_MULTI.set;6706772B14AA39CA6D862035893FDCB028FD4EBACEBF66328AEC6D9762FA6A74
05_US_Stocks_CFD;ORCL;09_MARTINGALE;SELL;ICHIMOKU;20;400573071360;FAST_GENETIC;681904703;HIGH_RISK;05_US_Stocks_CFD/ORCL/09_MARTINGALE/SELL_ICHIMOKU.set;AF05C9A767B864F833D96572BB3F1C0B30FEFB49399B7F36ECC949A4B658800F
05_US_Stocks_CFD;ORCL;10_DALEMBERT;BUY;MULTI;21;13113999360000;FAST_GENETIC;610700526;HIGH_RISK;05_US_Stocks_CFD/ORCL/10_DALEMBERT/BUY_MULTI.set;D41D6F19AEAB79634A658CE8812E4EC161F03706EFE768922E12EF8346F9C9FD
05_US_Stocks_CFD;ORCL;10_DALEMBERT;BUY;ICHIMOKU;20;286123622400;FAST_GENETIC;630636960;HIGH_RISK;05_US_Stocks_CFD/ORCL/10_DALEMBERT/BUY_ICHIMOKU.set;9A7016294276BE027FE66CF143F4D074484031DAA623BBB90415FEC41DC57621
05_US_Stocks_CFD;ORCL;10_DALEMBERT;SELL;MULTI;21;13113999360000;FAST_GENETIC;661987820;HIGH_RISK;05_US_Stocks_CFD/ORCL/10_DALEMBERT/SELL_MULTI.set;FE3DA23D03E9F8E3C638A146DF2A03F6630D5BB54AC8A6BE9A1F0A2599116ACB
05_US_Stocks_CFD;ORCL;10_DALEMBERT;SELL;ICHIMOKU;20;286123622400;FAST_GENETIC;670899765;HIGH_RISK;05_US_Stocks_CFD/ORCL/10_DALEMBERT/SELL_ICHIMOKU.set;EBC1D307ED7413604A4A704CCEE4C66B0F23BC5B3F8B78BACE4AC6E6A3A24B8B
05_US_Stocks_CFD;ORCL;11_SIGNAL_ONLY;BUY;MULTI;16;354816000;FAST_GENETIC;660310840;HIGH_RISK_RESEARCH;05_US_Stocks_CFD/ORCL/11_SIGNAL_ONLY/BUY_MULTI.set;35B28A069586DBB34BFAD773B08CD426BDA488490D8A8770A24F9878BE1EB8DC
05_US_Stocks_CFD;ORCL;11_SIGNAL_ONLY;BUY;ICHIMOKU;15;7741440;FAST_GENETIC;642930207;HIGH_RISK_RESEARCH;05_US_Stocks_CFD/ORCL/11_SIGNAL_ONLY/BUY_ICHIMOKU.set;2BCE60634FBBD636B6C0A35C6A539373D68EE00D634C16A2765EE4A7E6D9A87D
05_US_Stocks_CFD;ORCL;11_SIGNAL_ONLY;SELL;MULTI;16;354816000;FAST_GENETIC;660219099;HIGH_RISK_RESEARCH;05_US_Stocks_CFD/ORCL/11_SIGNAL_ONLY/SELL_MULTI.set;C77E3B7F037113658B63901BBBEBF738C43762E3A18D93453384CAA07728DE65
05_US_Stocks_CFD;ORCL;11_SIGNAL_ONLY;SELL;ICHIMOKU;15;7741440;FAST_GENETIC;615768375;HIGH_RISK_RESEARCH;05_US_Stocks_CFD/ORCL/11_SIGNAL_ONLY/SELL_ICHIMOKU.set;956E243E9B5CD883A2E94E511671468D62CFE290B5BC8414E9733F3D05391AE5
05_US_Stocks_CFD;PEP;01_SLTP;BUY;MULTI;19;655699968000;FAST_GENETIC;676992187;RESEARCH;05_US_Stocks_CFD/PEP/01_SLTP/BUY_MULTI.set;19F00AC015E3F3DE637B01C0627441C6399701074CE14FD4653E19B885AA6149
05_US_Stocks_CFD;PEP;01_SLTP;BUY;ICHIMOKU;18;14306181120;FAST_GENETIC;661761471;RESEARCH;05_US_Stocks_CFD/PEP/01_SLTP/BUY_ICHIMOKU.set;41A2B49BF34ACEA5DC77A89B9564FA3EB86E4FE48FCF7BFD3C0C8AF1F8F671F8
05_US_Stocks_CFD;PEP;01_SLTP;SELL;MULTI;19;655699968000;FAST_GENETIC;677652539;RESEARCH;05_US_Stocks_CFD/PEP/01_SLTP/SELL_MULTI.set;2D244A90D2DC2A1D6875DA5F55053AA0D5F1DA89282B9727302A9B4221CB2DBB
05_US_Stocks_CFD;PEP;01_SLTP;SELL;ICHIMOKU;18;14306181120;FAST_GENETIC;689509212;RESEARCH;05_US_Stocks_CFD/PEP/01_SLTP/SELL_ICHIMOKU.set;E0E73C0A92E6D8EA38A414A5B8A4C6A35848A65E3D17317A88DF2B59CB335B41
05_US_Stocks_CFD;PEP;02_SLTP_ORGANIC;BUY;MULTI;19;655699968000;FAST_GENETIC;652806468;RESEARCH;05_US_Stocks_CFD/PEP/02_SLTP_ORGANIC/BUY_MULTI.set;C1950FA70B8D50128F8C606D70E2E7E02AE714A70322F9BAE4A9A4EDB9DE83F4
05_US_Stocks_CFD;PEP;02_SLTP_ORGANIC;BUY;ICHIMOKU;18;14306181120;FAST_GENETIC;664242946;RESEARCH;05_US_Stocks_CFD/PEP/02_SLTP_ORGANIC/BUY_ICHIMOKU.set;BA0654C093D14DFE731704C7779E4F4257D96D24D784D123CE49246A8E9A8097
05_US_Stocks_CFD;PEP;02_SLTP_ORGANIC;SELL;MULTI;19;655699968000;FAST_GENETIC;662686049;RESEARCH;05_US_Stocks_CFD/PEP/02_SLTP_ORGANIC/SELL_MULTI.set;6052CB525A62EB0988F23B9BB41964C20F9DF70963328BAB050329BC8B3C9F44
05_US_Stocks_CFD;PEP;02_SLTP_ORGANIC;SELL;ICHIMOKU;18;14306181120;FAST_GENETIC;629160782;RESEARCH;05_US_Stocks_CFD/PEP/02_SLTP_ORGANIC/SELL_ICHIMOKU.set;B90332344E17250748FF2E8C17A65A4CFFD3FF167D68D1FA315F6078A4D64550
05_US_Stocks_CFD;PEP;03_TRAIL_ONLY;BUY;MULTI;20;2086318080000;FAST_GENETIC;666255061;RESEARCH;05_US_Stocks_CFD/PEP/03_TRAIL_ONLY/BUY_MULTI.set;CC0202C70F7207F4C091C8FF367ADF1C8E2E493A82BAD28CF85E2247E032012F
05_US_Stocks_CFD;PEP;03_TRAIL_ONLY;BUY;ICHIMOKU;19;45519667200;FAST_GENETIC;658344125;RESEARCH;05_US_Stocks_CFD/PEP/03_TRAIL_ONLY/BUY_ICHIMOKU.set;EA2CAF528304E18FE252A4643C4D8E23A100B1F030E5BB6F4BEFFEB715F1CB2E
05_US_Stocks_CFD;PEP;03_TRAIL_ONLY;SELL;MULTI;20;2086318080000;FAST_GENETIC;612994091;RESEARCH;05_US_Stocks_CFD/PEP/03_TRAIL_ONLY/SELL_MULTI.set;0C6286EEFD9C169D4205438AE80DEE834C12F1E827DD5AA8B68773F519711544
05_US_Stocks_CFD;PEP;03_TRAIL_ONLY;SELL;ICHIMOKU;19;45519667200;FAST_GENETIC;694576066;RESEARCH;05_US_Stocks_CFD/PEP/03_TRAIL_ONLY/SELL_ICHIMOKU.set;0411E8E2C5521CAD03566433AED4B3DFBDD32DBF3645128F0DEEBC23F4BEFD72
05_US_Stocks_CFD;PEP;04_SLTP_TRAIL;BUY;MULTI;20;9179799552000;FAST_GENETIC;633853339;RESEARCH;05_US_Stocks_CFD/PEP/04_SLTP_TRAIL/BUY_MULTI.set;A48D25DF9552ED8515E52C8E249C5A9F9DED719DB6157274A28ACEAE98C6E898
05_US_Stocks_CFD;PEP;04_SLTP_TRAIL;BUY;ICHIMOKU;19;200286535680;FAST_GENETIC;685924754;RESEARCH;05_US_Stocks_CFD/PEP/04_SLTP_TRAIL/BUY_ICHIMOKU.set;EDEE062EC02878EB3B922EEBF9718454B77C1C4F95667F25F5F56594E003CAF6
05_US_Stocks_CFD;PEP;04_SLTP_TRAIL;SELL;MULTI;20;9179799552000;FAST_GENETIC;639335203;RESEARCH;05_US_Stocks_CFD/PEP/04_SLTP_TRAIL/SELL_MULTI.set;81941C583E7D1D611A712A77CF36CD11C044ED58553DE6B9241041ACA2D9ED55
05_US_Stocks_CFD;PEP;04_SLTP_TRAIL;SELL;ICHIMOKU;19;200286535680;FAST_GENETIC;650313717;RESEARCH;05_US_Stocks_CFD/PEP/04_SLTP_TRAIL/SELL_ICHIMOKU.set;C7515882A09641E57A2CCFCCDED71C22C908D3399186BEDDDC070D73282956E9
05_US_Stocks_CFD;PEP;05_BE_TRAIL;BUY;MULTI;19;1043159040000;FAST_GENETIC;666591589;RESEARCH;05_US_Stocks_CFD/PEP/05_BE_TRAIL/BUY_MULTI.set;9C6D5F18446B2261C4ADDD271ED13113974AF8AFDB74A8720711CA71EDBA943E
05_US_Stocks_CFD;PEP;05_BE_TRAIL;BUY;ICHIMOKU;18;22759833600;FAST_GENETIC;663503076;RESEARCH;05_US_Stocks_CFD/PEP/05_BE_TRAIL/BUY_ICHIMOKU.set;1D188099087FE8DD41405FD0694547A767559BF616F6180528283E18E5AB207E
05_US_Stocks_CFD;PEP;05_BE_TRAIL;SELL;MULTI;19;1043159040000;FAST_GENETIC;618966749;RESEARCH;05_US_Stocks_CFD/PEP/05_BE_TRAIL/SELL_MULTI.set;46E26C5637AA08E67C3C0E9C3F90F49045C9B900D75A268C997F841B83663BE0
05_US_Stocks_CFD;PEP;05_BE_TRAIL;SELL;ICHIMOKU;18;22759833600;FAST_GENETIC;696574835;RESEARCH;05_US_Stocks_CFD/PEP/05_BE_TRAIL/SELL_ICHIMOKU.set;12C5F19C05079E13320F986042F88C76887CF8F6ADE9DE2DE0C1247E373615A6
05_US_Stocks_CFD;PEP;06_REVERSAL_EXIT;BUY;MULTI;21;1669054464000;FAST_GENETIC;620741311;RESEARCH;05_US_Stocks_CFD/PEP/06_REVERSAL_EXIT/BUY_MULTI.set;BCD4329C568C8B8FA7135BD7CC278CF45FF49F1FB03CAB2B546B2690D33DB6C8
05_US_Stocks_CFD;PEP;06_REVERSAL_EXIT;BUY;ICHIMOKU;20;36415733760;FAST_GENETIC;675760861;RESEARCH;05_US_Stocks_CFD/PEP/06_REVERSAL_EXIT/BUY_ICHIMOKU.set;9DE36C7507BF156F3078F3492ED390BB2A9C7840C49CF7D99B98F9CBB257FD5D
05_US_Stocks_CFD;PEP;06_REVERSAL_EXIT;SELL;MULTI;21;1669054464000;FAST_GENETIC;652140992;RESEARCH;05_US_Stocks_CFD/PEP/06_REVERSAL_EXIT/SELL_MULTI.set;0ED1469C7272962954074D63B7140D27166EFA9597790B1F22C1A123740075FE
05_US_Stocks_CFD;PEP;06_REVERSAL_EXIT;SELL;ICHIMOKU;20;36415733760;FAST_GENETIC;675308645;RESEARCH;05_US_Stocks_CFD/PEP/06_REVERSAL_EXIT/SELL_ICHIMOKU.set;94D1F3A5809A2CBDBD4F6DFECAF88E72EBD76EA8CAB2ABDA9B0F0A78E3D98273
05_US_Stocks_CFD;PEP;07_GRID_SEPARATE;BUY;MULTI;20;3161410560000;FAST_GENETIC;639993693;HEDGE_ACCOUNT_REQUIRED;05_US_Stocks_CFD/PEP/07_GRID_SEPARATE/BUY_MULTI.set;A9B9DB876A590A2536E2D0BC731B106EEDF5A12DA5EC520B99B16FAA4438D48E
05_US_Stocks_CFD;PEP;07_GRID_SEPARATE;BUY;ICHIMOKU;19;68976230400;FAST_GENETIC;626346138;HEDGE_ACCOUNT_REQUIRED;05_US_Stocks_CFD/PEP/07_GRID_SEPARATE/BUY_ICHIMOKU.set;7A1F19DC8D6FEC824228A00C4FBE01966B4661A01D398C7566158E52003D0B05
05_US_Stocks_CFD;PEP;07_GRID_SEPARATE;SELL;MULTI;20;3161410560000;FAST_GENETIC;642646194;HEDGE_ACCOUNT_REQUIRED;05_US_Stocks_CFD/PEP/07_GRID_SEPARATE/SELL_MULTI.set;8ABDACE40C7981BAC0E5DB0BBD8F61853267C24FB8BC141CA7A99F933E34A938
05_US_Stocks_CFD;PEP;07_GRID_SEPARATE;SELL;ICHIMOKU;19;68976230400;FAST_GENETIC;651599596;HEDGE_ACCOUNT_REQUIRED;05_US_Stocks_CFD/PEP/07_GRID_SEPARATE/SELL_ICHIMOKU.set;F9A943A7A13142688BC6820918D34C596DE27EE514C49413AD9AEC3FFF6D5531
05_US_Stocks_CFD;PEP;08_GRID_UNIFIED;BOTH;MULTI;21;15807052800000;FAST_GENETIC;682689643;HEDGE_ACCOUNT_REQUIRED;05_US_Stocks_CFD/PEP/08_GRID_UNIFIED/BOTH_MULTI.set;AD937DFDA14AF9B9FFFF281F5FACCDEDFAEF9D347F4B039E80DE7578C61FC2FA
05_US_Stocks_CFD;PEP;08_GRID_UNIFIED;BOTH;ICHIMOKU;20;344881152000;FAST_GENETIC;650229445;HEDGE_ACCOUNT_REQUIRED;05_US_Stocks_CFD/PEP/08_GRID_UNIFIED/BOTH_ICHIMOKU.set;1C39B604D023596F9E2A30F8B26ED7143331ABA611E0570C966F48580F8CDBFB
05_US_Stocks_CFD;PEP;09_MARTINGALE;BUY;MULTI;21;18359599104000;FAST_GENETIC;696773841;HIGH_RISK;05_US_Stocks_CFD/PEP/09_MARTINGALE/BUY_MULTI.set;234DBB1A855033707C27CF557B84432364552434D5D58DA37945342477CEEA6B
05_US_Stocks_CFD;PEP;09_MARTINGALE;BUY;ICHIMOKU;20;400573071360;FAST_GENETIC;639365488;HIGH_RISK;05_US_Stocks_CFD/PEP/09_MARTINGALE/BUY_ICHIMOKU.set;EAAFAB03CF510EB82F9C60A1E66560A579A30C3117D3CAE7ADE27CD734E2134C
05_US_Stocks_CFD;PEP;09_MARTINGALE;SELL;MULTI;21;18359599104000;FAST_GENETIC;618348581;HIGH_RISK;05_US_Stocks_CFD/PEP/09_MARTINGALE/SELL_MULTI.set;C1E0462F224556A0ED8BEA89DD0B009CF2E4AFE3CA78A2156CDC6C149D9D921B
05_US_Stocks_CFD;PEP;09_MARTINGALE;SELL;ICHIMOKU;20;400573071360;FAST_GENETIC;667007455;HIGH_RISK;05_US_Stocks_CFD/PEP/09_MARTINGALE/SELL_ICHIMOKU.set;A30AC7956FEF38AACA5D8367025547175BA4A1F784D1B26DAFBCC15F568D7E73
05_US_Stocks_CFD;PEP;10_DALEMBERT;BUY;MULTI;21;13113999360000;FAST_GENETIC;675323747;HIGH_RISK;05_US_Stocks_CFD/PEP/10_DALEMBERT/BUY_MULTI.set;AB6402C2563759C783684FB26544DFFFB933CD52800B85D01BA06CB97F38E54F
05_US_Stocks_CFD;PEP;10_DALEMBERT;BUY;ICHIMOKU;20;286123622400;FAST_GENETIC;618434409;HIGH_RISK;05_US_Stocks_CFD/PEP/10_DALEMBERT/BUY_ICHIMOKU.set;5124A2D50242E4582876557EECBC343C7317409F3CB8294497F50D37CFC3626D
05_US_Stocks_CFD;PEP;10_DALEMBERT;SELL;MULTI;21;13113999360000;FAST_GENETIC;667418453;HIGH_RISK;05_US_Stocks_CFD/PEP/10_DALEMBERT/SELL_MULTI.set;7BD11DEE09743EEF8C7C95998DC732755B7D8EA793AF64F856966CDACCF5FE8B
05_US_Stocks_CFD;PEP;10_DALEMBERT;SELL;ICHIMOKU;20;286123622400;FAST_GENETIC;668637242;HIGH_RISK;05_US_Stocks_CFD/PEP/10_DALEMBERT/SELL_ICHIMOKU.set;D1763E91E5CBFE52BB7E30862F5BD51D416AFAD0C6C3EB87DC2B52E17C09FCF8
05_US_Stocks_CFD;PEP;11_SIGNAL_ONLY;BUY;MULTI;16;354816000;FAST_GENETIC;639219695;HIGH_RISK_RESEARCH;05_US_Stocks_CFD/PEP/11_SIGNAL_ONLY/BUY_MULTI.set;7350869F49A36C2CC3702F66AF1B71DF5165AFCB4F7233BBDB4DC08B8E49CAC6
05_US_Stocks_CFD;PEP;11_SIGNAL_ONLY;BUY;ICHIMOKU;15;7741440;FAST_GENETIC;697356898;HIGH_RISK_RESEARCH;05_US_Stocks_CFD/PEP/11_SIGNAL_ONLY/BUY_ICHIMOKU.set;A7B1005332E45ABC56030D633C4F8EA1485D8A0BD2BA674B942E3871B9242C65
05_US_Stocks_CFD;PEP;11_SIGNAL_ONLY;SELL;MULTI;16;354816000;FAST_GENETIC;687372815;HIGH_RISK_RESEARCH;05_US_Stocks_CFD/PEP/11_SIGNAL_ONLY/SELL_MULTI.set;E71E71CCA9B2DBDBDBF32D3451C08CA14B1E7E5980116F63EF74946CA4EF3C23
05_US_Stocks_CFD;PEP;11_SIGNAL_ONLY;SELL;ICHIMOKU;15;7741440;FAST_GENETIC;613932662;HIGH_RISK_RESEARCH;05_US_Stocks_CFD/PEP/11_SIGNAL_ONLY/SELL_ICHIMOKU.set;AFBCA453B8ED25B7A2AC29AA8F0EBFC5E4C0CF8C8028D2EBBE96DD70630CEB41
05_US_Stocks_CFD;PFE;01_SLTP;BUY;MULTI;19;655699968000;FAST_GENETIC;627959345;RESEARCH;05_US_Stocks_CFD/PFE/01_SLTP/BUY_MULTI.set;3294FEEB38755FF0311F9EFCC0B766A33681A83AD261DEE5036DE59DD4560552
05_US_Stocks_CFD;PFE;01_SLTP;BUY;ICHIMOKU;18;14306181120;FAST_GENETIC;663161593;RESEARCH;05_US_Stocks_CFD/PFE/01_SLTP/BUY_ICHIMOKU.set;AFAD6DAE841858959D31A2F29BC255E9ABF3F94F556D32F8700FA54715066BFF
05_US_Stocks_CFD;PFE;01_SLTP;SELL;MULTI;19;655699968000;FAST_GENETIC;689905321;RESEARCH;05_US_Stocks_CFD/PFE/01_SLTP/SELL_MULTI.set;7C3BEA87EA303E69BC831E3E17DFEEFEB14D1BB137303DC1EC0DD98FCB80EEA3
05_US_Stocks_CFD;PFE;01_SLTP;SELL;ICHIMOKU;18;14306181120;FAST_GENETIC;696624400;RESEARCH;05_US_Stocks_CFD/PFE/01_SLTP/SELL_ICHIMOKU.set;D2FFF25849542731D85C056FD9A181BB6772AE68EDBF8440E6BECC8BEDAAC06C
05_US_Stocks_CFD;PFE;02_SLTP_ORGANIC;BUY;MULTI;19;655699968000;FAST_GENETIC;638750204;RESEARCH;05_US_Stocks_CFD/PFE/02_SLTP_ORGANIC/BUY_MULTI.set;133DADDCB314E894DB1F43ABFF02DBDD857627E44F6E41A4BC33BF2506F1BCB9
05_US_Stocks_CFD;PFE;02_SLTP_ORGANIC;BUY;ICHIMOKU;18;14306181120;FAST_GENETIC;624296780;RESEARCH;05_US_Stocks_CFD/PFE/02_SLTP_ORGANIC/BUY_ICHIMOKU.set;B85D4C253A23F648AFD0F5AEB46CE4878D469BAEF99B49C4DA4D9EC5599D2F32
05_US_Stocks_CFD;PFE;02_SLTP_ORGANIC;SELL;MULTI;19;655699968000;FAST_GENETIC;686471455;RESEARCH;05_US_Stocks_CFD/PFE/02_SLTP_ORGANIC/SELL_MULTI.set;2CE655FCEB9C8704D9635AE29AF1AA2B74494D8DBD6367AB6F0DEAE087F5F947
05_US_Stocks_CFD;PFE;02_SLTP_ORGANIC;SELL;ICHIMOKU;18;14306181120;FAST_GENETIC;638687940;RESEARCH;05_US_Stocks_CFD/PFE/02_SLTP_ORGANIC/SELL_ICHIMOKU.set;799529486022DB92D837636F02481B13C4C8161A9C7B6A21AF9BD14350D5901D
05_US_Stocks_CFD;PFE;03_TRAIL_ONLY;BUY;MULTI;20;2086318080000;FAST_GENETIC;688958100;RESEARCH;05_US_Stocks_CFD/PFE/03_TRAIL_ONLY/BUY_MULTI.set;B76E208DC536CB58B0F8D7206F20045AEC679080A24179E5ADB861BEE35F2F2D
05_US_Stocks_CFD;PFE;03_TRAIL_ONLY;BUY;ICHIMOKU;19;45519667200;FAST_GENETIC;661968974;RESEARCH;05_US_Stocks_CFD/PFE/03_TRAIL_ONLY/BUY_ICHIMOKU.set;6268AAEF37569AAF922EA5E2CA66F46B920598274BFA77788A27FCD3224C3FAF
05_US_Stocks_CFD;PFE;03_TRAIL_ONLY;SELL;MULTI;20;2086318080000;FAST_GENETIC;684816121;RESEARCH;05_US_Stocks_CFD/PFE/03_TRAIL_ONLY/SELL_MULTI.set;82E07AAB964C615A678CD77FC085F2A9E90357525B2F2811E29AE8EFB38E1FC8
05_US_Stocks_CFD;PFE;03_TRAIL_ONLY;SELL;ICHIMOKU;19;45519667200;FAST_GENETIC;667188776;RESEARCH;05_US_Stocks_CFD/PFE/03_TRAIL_ONLY/SELL_ICHIMOKU.set;E296C7CDC575478B8FEDCF5DEBE806C492C0FD76F66F794579A9D5A89ED1BF26
05_US_Stocks_CFD;PFE;04_SLTP_TRAIL;BUY;MULTI;20;9179799552000;FAST_GENETIC;646288983;RESEARCH;05_US_Stocks_CFD/PFE/04_SLTP_TRAIL/BUY_MULTI.set;5A0A7AD178CC48F30EE61B09A27ECDBCC5480BC65FD0DF312492D9D0DE6CEFD5
05_US_Stocks_CFD;PFE;04_SLTP_TRAIL;BUY;ICHIMOKU;19;200286535680;FAST_GENETIC;652987529;RESEARCH;05_US_Stocks_CFD/PFE/04_SLTP_TRAIL/BUY_ICHIMOKU.set;44C56808351DFAF4A2DC9F54EBD76E6148F21FAABFF6F02EB1683B47A4D619CD
05_US_Stocks_CFD;PFE;04_SLTP_TRAIL;SELL;MULTI;20;9179799552000;FAST_GENETIC;672312090;RESEARCH;05_US_Stocks_CFD/PFE/04_SLTP_TRAIL/SELL_MULTI.set;C39065255A5D11A5E0AAAB00A5BF4FD49D40134BEEE8A27CD8BBCC5B442B0065
05_US_Stocks_CFD;PFE;04_SLTP_TRAIL;SELL;ICHIMOKU;19;200286535680;FAST_GENETIC;614875120;RESEARCH;05_US_Stocks_CFD/PFE/04_SLTP_TRAIL/SELL_ICHIMOKU.set;63555A36EE0E7E2AEEA5C97C13E30C558298BC6576225729EC0D305028F01535
05_US_Stocks_CFD;PFE;05_BE_TRAIL;BUY;MULTI;19;1043159040000;FAST_GENETIC;680656729;RESEARCH;05_US_Stocks_CFD/PFE/05_BE_TRAIL/BUY_MULTI.set;5E49AAAC31A94B7D78AE99C332007376BC10CE0187795D0F1E0A437D7F8BF641
05_US_Stocks_CFD;PFE;05_BE_TRAIL;BUY;ICHIMOKU;18;22759833600;FAST_GENETIC;650605353;RESEARCH;05_US_Stocks_CFD/PFE/05_BE_TRAIL/BUY_ICHIMOKU.set;9BF6D72020D6502AEC7FDF900EDDC2CCFB7C3D40FAAB051AF9D4F4197B42FD0D
05_US_Stocks_CFD;PFE;05_BE_TRAIL;SELL;MULTI;19;1043159040000;FAST_GENETIC;633582248;RESEARCH;05_US_Stocks_CFD/PFE/05_BE_TRAIL/SELL_MULTI.set;058DFAB7139F43C2921ADA0064034869546A7D56DD312FE40735CA1DE7CEA913
05_US_Stocks_CFD;PFE;05_BE_TRAIL;SELL;ICHIMOKU;18;22759833600;FAST_GENETIC;625134910;RESEARCH;05_US_Stocks_CFD/PFE/05_BE_TRAIL/SELL_ICHIMOKU.set;643BFC418AE0C162E21FF1BD9349C9038501CBD1EC3E085AF1112D1B54C75CB6
05_US_Stocks_CFD;PFE;06_REVERSAL_EXIT;BUY;MULTI;21;1669054464000;FAST_GENETIC;672900684;RESEARCH;05_US_Stocks_CFD/PFE/06_REVERSAL_EXIT/BUY_MULTI.set;171A03F73A3A58CC437AADCE950EB8D1C1BB9ABB263DA53B17334127469CA2C0
05_US_Stocks_CFD;PFE;06_REVERSAL_EXIT;BUY;ICHIMOKU;20;36415733760;FAST_GENETIC;612771890;RESEARCH;05_US_Stocks_CFD/PFE/06_REVERSAL_EXIT/BUY_ICHIMOKU.set;4476A68B0B80B559EBC2CDAC31F94281CD2ECCCE24AA8AE21BE5130C85E387F5
05_US_Stocks_CFD;PFE;06_REVERSAL_EXIT;SELL;MULTI;21;1669054464000;FAST_GENETIC;612321009;RESEARCH;05_US_Stocks_CFD/PFE/06_REVERSAL_EXIT/SELL_MULTI.set;86ACF4CBF8B4480BCA0F81215C43AAE3EB627A33AE6FFFA0B4C00DC2680D766A
05_US_Stocks_CFD;PFE;06_REVERSAL_EXIT;SELL;ICHIMOKU;20;36415733760;FAST_GENETIC;666317267;RESEARCH;05_US_Stocks_CFD/PFE/06_REVERSAL_EXIT/SELL_ICHIMOKU.set;81198741AEA538FB66B4F52CD3E32DBC9DA5A9C5923BD8DA8D8052C9B32C9FB8
05_US_Stocks_CFD;PFE;07_GRID_SEPARATE;BUY;MULTI;20;3161410560000;FAST_GENETIC;658438702;HEDGE_ACCOUNT_REQUIRED;05_US_Stocks_CFD/PFE/07_GRID_SEPARATE/BUY_MULTI.set;22AB8C6FAAF626E3D3D10ED75E3D9EBCE946CE7DE2F791EB5F0F1FBAC04A1633
05_US_Stocks_CFD;PFE;07_GRID_SEPARATE;BUY;ICHIMOKU;19;68976230400;FAST_GENETIC;614026615;HEDGE_ACCOUNT_REQUIRED;05_US_Stocks_CFD/PFE/07_GRID_SEPARATE/BUY_ICHIMOKU.set;3501E11ABE9F7631C59DB6297C7A397BFCA30DA63AFA0E9A30A96ACE829BFE9E
05_US_Stocks_CFD;PFE;07_GRID_SEPARATE;SELL;MULTI;20;3161410560000;FAST_GENETIC;612145508;HEDGE_ACCOUNT_REQUIRED;05_US_Stocks_CFD/PFE/07_GRID_SEPARATE/SELL_MULTI.set;70D17E8FFE4FB7725BC1A5816064BE63276CD508643974EE85B7FA120E900F7A
05_US_Stocks_CFD;PFE;07_GRID_SEPARATE;SELL;ICHIMOKU;19;68976230400;FAST_GENETIC;674452213;HEDGE_ACCOUNT_REQUIRED;05_US_Stocks_CFD/PFE/07_GRID_SEPARATE/SELL_ICHIMOKU.set;E287733F41370263FCC7B261CED20A3C2ADB7A84A593FDDACEE32D92FC645F51
05_US_Stocks_CFD;PFE;08_GRID_UNIFIED;BOTH;MULTI;21;15807052800000;FAST_GENETIC;613416113;HEDGE_ACCOUNT_REQUIRED;05_US_Stocks_CFD/PFE/08_GRID_UNIFIED/BOTH_MULTI.set;A0F7226B04AE4DF9FA7A5A0C8D3E1263A4BDBC5A91EE3657708A881D09EDA1A4
05_US_Stocks_CFD;PFE;08_GRID_UNIFIED;BOTH;ICHIMOKU;20;344881152000;FAST_GENETIC;643836503;HEDGE_ACCOUNT_REQUIRED;05_US_Stocks_CFD/PFE/08_GRID_UNIFIED/BOTH_ICHIMOKU.set;CF277CFBB6F6DD17843D0F6B787435550691C15CF0C2E883092DD1E52840ECA8
05_US_Stocks_CFD;PFE;09_MARTINGALE;BUY;MULTI;21;18359599104000;FAST_GENETIC;635625089;HIGH_RISK;05_US_Stocks_CFD/PFE/09_MARTINGALE/BUY_MULTI.set;81C33ACDEB20C7392FA8448A79FE8B3F6C442E1F0EAAB56AAC8889C0BF9310E9
05_US_Stocks_CFD;PFE;09_MARTINGALE;BUY;ICHIMOKU;20;400573071360;FAST_GENETIC;611164369;HIGH_RISK;05_US_Stocks_CFD/PFE/09_MARTINGALE/BUY_ICHIMOKU.set;1A00F4B274F3C4C6B30D0CDE9B9A69E55E82889094BD7D77DE7B70FF9F8249D1
05_US_Stocks_CFD;PFE;09_MARTINGALE;SELL;MULTI;21;18359599104000;FAST_GENETIC;630967912;HIGH_RISK;05_US_Stocks_CFD/PFE/09_MARTINGALE/SELL_MULTI.set;D7908EE2C20E03F27D1A8EE15E7BABFAFCDEC7FEF503F6CA2DC4FFAD219899A9
05_US_Stocks_CFD;PFE;09_MARTINGALE;SELL;ICHIMOKU;20;400573071360;FAST_GENETIC;638837933;HIGH_RISK;05_US_Stocks_CFD/PFE/09_MARTINGALE/SELL_ICHIMOKU.set;B0A5485555D8D9DC100461104E1BB63E77933775E6ABD16B5175CC3D3D7C5ACC
05_US_Stocks_CFD;PFE;10_DALEMBERT;BUY;MULTI;21;13113999360000;FAST_GENETIC;629417301;HIGH_RISK;05_US_Stocks_CFD/PFE/10_DALEMBERT/BUY_MULTI.set;E3655D9C96DBD692A111EFA44FC6D438FB5DCBF6CB07292BB2579B6B148DAC03
05_US_Stocks_CFD;PFE;10_DALEMBERT;BUY;ICHIMOKU;20;286123622400;FAST_GENETIC;626249695;HIGH_RISK;05_US_Stocks_CFD/PFE/10_DALEMBERT/BUY_ICHIMOKU.set;EDFB6E4344106A1610D81CD3B82F8DA8FE2697A99F11B17F756F62052065CA67
05_US_Stocks_CFD;PFE;10_DALEMBERT;SELL;MULTI;21;13113999360000;FAST_GENETIC;633706995;HIGH_RISK;05_US_Stocks_CFD/PFE/10_DALEMBERT/SELL_MULTI.set;59E693CD227F111CBD4EE4995754C6C2456983C2146FA1C068507F46F15DCAE6
05_US_Stocks_CFD;PFE;10_DALEMBERT;SELL;ICHIMOKU;20;286123622400;FAST_GENETIC;688592507;HIGH_RISK;05_US_Stocks_CFD/PFE/10_DALEMBERT/SELL_ICHIMOKU.set;B2825A89209AC22CB4D9009C2D43C1ED9189A47DB8017A1B04A5586E4DBAD0DE
05_US_Stocks_CFD;PFE;11_SIGNAL_ONLY;BUY;MULTI;16;354816000;FAST_GENETIC;690164160;HIGH_RISK_RESEARCH;05_US_Stocks_CFD/PFE/11_SIGNAL_ONLY/BUY_MULTI.set;179CDE0BA1DE7E14FAF9F3231D18420C76A33D5977C960D36A76B9B78267065B
05_US_Stocks_CFD;PFE;11_SIGNAL_ONLY;BUY;ICHIMOKU;15;7741440;FAST_GENETIC;656453870;HIGH_RISK_RESEARCH;05_US_Stocks_CFD/PFE/11_SIGNAL_ONLY/BUY_ICHIMOKU.set;71AC63B815968841E9858B76D575B55FADF3335685214DA1392E0DB11EBD3A48
05_US_Stocks_CFD;PFE;11_SIGNAL_ONLY;SELL;MULTI;16;354816000;FAST_GENETIC;628328280;HIGH_RISK_RESEARCH;05_US_Stocks_CFD/PFE/11_SIGNAL_ONLY/SELL_MULTI.set;4521D27D9AF7EFBB404B9E42C3FFFF69747FE9350A9E8D1886466D489E3A06D3
05_US_Stocks_CFD;PFE;11_SIGNAL_ONLY;SELL;ICHIMOKU;15;7741440;FAST_GENETIC;669505445;HIGH_RISK_RESEARCH;05_US_Stocks_CFD/PFE/11_SIGNAL_ONLY/SELL_ICHIMOKU.set;B97440D71573A9ACBCB09ECBA5EB958F38232C11B17C3C4D4DBED5B54B66E8AC
05_US_Stocks_CFD;PG;01_SLTP;BUY;MULTI;19;655699968000;FAST_GENETIC;642887901;RESEARCH;05_US_Stocks_CFD/PG/01_SLTP/BUY_MULTI.set;381BCCC7F76126E51365BE5BDC21E56A7D8E3FA7522414DFAE12E628DECB74E2
05_US_Stocks_CFD;PG;01_SLTP;BUY;ICHIMOKU;18;14306181120;FAST_GENETIC;692430592;RESEARCH;05_US_Stocks_CFD/PG/01_SLTP/BUY_ICHIMOKU.set;3F18ABF0AA6A978D6A27E170326AB6C2F2F6536E7EF30DC840C7F4BE471DB655
05_US_Stocks_CFD;PG;01_SLTP;SELL;MULTI;19;655699968000;FAST_GENETIC;674110274;RESEARCH;05_US_Stocks_CFD/PG/01_SLTP/SELL_MULTI.set;99D945D0259F59865B42AAA252F6ADA2E19F1B5B90958F0306ED2C1DE1A6AF7F
05_US_Stocks_CFD;PG;01_SLTP;SELL;ICHIMOKU;18;14306181120;FAST_GENETIC;663418240;RESEARCH;05_US_Stocks_CFD/PG/01_SLTP/SELL_ICHIMOKU.set;1C15D4AFF10D19B7C793F2C113622561C2935CD03DAA80B514B32107BB1A284A
05_US_Stocks_CFD;PG;02_SLTP_ORGANIC;BUY;MULTI;19;655699968000;FAST_GENETIC;619704421;RESEARCH;05_US_Stocks_CFD/PG/02_SLTP_ORGANIC/BUY_MULTI.set;FC45C3573C915952FF1CD6071EE62000CC6B050F0A7DA153E6CAEF93DF20BBFA
05_US_Stocks_CFD;PG;02_SLTP_ORGANIC;BUY;ICHIMOKU;18;14306181120;FAST_GENETIC;640955396;RESEARCH;05_US_Stocks_CFD/PG/02_SLTP_ORGANIC/BUY_ICHIMOKU.set;2CE688377A58EA29FE43DF3B04280755BEAF60CCA07A1B8AAB38FCF5BD56E681
05_US_Stocks_CFD;PG;02_SLTP_ORGANIC;SELL;MULTI;19;655699968000;FAST_GENETIC;635801735;RESEARCH;05_US_Stocks_CFD/PG/02_SLTP_ORGANIC/SELL_MULTI.set;6AA92E3693487A3E571BB6AFE80F792227F840DAF6F061B9CB8636D915244043
05_US_Stocks_CFD;PG;02_SLTP_ORGANIC;SELL;ICHIMOKU;18;14306181120;FAST_GENETIC;655538746;RESEARCH;05_US_Stocks_CFD/PG/02_SLTP_ORGANIC/SELL_ICHIMOKU.set;00B2016676577FDD05BF934842D13F942ABAA45FBD30EB069B75E6849D9199BE
05_US_Stocks_CFD;PG;03_TRAIL_ONLY;BUY;MULTI;20;2086318080000;FAST_GENETIC;640512370;RESEARCH;05_US_Stocks_CFD/PG/03_TRAIL_ONLY/BUY_MULTI.set;479304F47113FF430950A95F25CA9D6AACB48F53E34AB9B5313069C2FA9EDA58
05_US_Stocks_CFD;PG;03_TRAIL_ONLY;BUY;ICHIMOKU;19;45519667200;FAST_GENETIC;689180339;RESEARCH;05_US_Stocks_CFD/PG/03_TRAIL_ONLY/BUY_ICHIMOKU.set;DC093B9B166BF2A4DDF2476E91426A02741995269802FE7150560EEC73EE2BEA
05_US_Stocks_CFD;PG;03_TRAIL_ONLY;SELL;MULTI;20;2086318080000;FAST_GENETIC;657896426;RESEARCH;05_US_Stocks_CFD/PG/03_TRAIL_ONLY/SELL_MULTI.set;0519B15172CECCDCC80B5107057D3202116122CD704D153A907E5ACCFCB92CDE
05_US_Stocks_CFD;PG;03_TRAIL_ONLY;SELL;ICHIMOKU;19;45519667200;FAST_GENETIC;695904414;RESEARCH;05_US_Stocks_CFD/PG/03_TRAIL_ONLY/SELL_ICHIMOKU.set;C7E0DD369EFC3CA231CF3660D318D3A9E4E4C0CA6C055E01A80C0E5FF8FCE911
05_US_Stocks_CFD;PG;04_SLTP_TRAIL;BUY;MULTI;20;9179799552000;FAST_GENETIC;668671850;RESEARCH;05_US_Stocks_CFD/PG/04_SLTP_TRAIL/BUY_MULTI.set;E4F7B33E407CC6303FE62FEAD9DA1BA0E753C7D4428906885BF24D8D673DEBF6
05_US_Stocks_CFD;PG;04_SLTP_TRAIL;BUY;ICHIMOKU;19;200286535680;FAST_GENETIC;644453011;RESEARCH;05_US_Stocks_CFD/PG/04_SLTP_TRAIL/BUY_ICHIMOKU.set;8984D6840C1834A27747137BD3B5370194B098B0725E4FCBA6E146B09C93BA16
05_US_Stocks_CFD;PG;04_SLTP_TRAIL;SELL;MULTI;20;9179799552000;FAST_GENETIC;649811611;RESEARCH;05_US_Stocks_CFD/PG/04_SLTP_TRAIL/SELL_MULTI.set;C36F4DB6B52C59DE2B4D47B39286A6865A80DCC6AB3729C0678299CAE3B46C52
05_US_Stocks_CFD;PG;04_SLTP_TRAIL;SELL;ICHIMOKU;19;200286535680;FAST_GENETIC;645141348;RESEARCH;05_US_Stocks_CFD/PG/04_SLTP_TRAIL/SELL_ICHIMOKU.set;247746842366E5CA8E4E1722D4A8DC70B987FE846773F66C6327EC2A9E7C0A53
05_US_Stocks_CFD;PG;05_BE_TRAIL;BUY;MULTI;19;1043159040000;FAST_GENETIC;660844013;RESEARCH;05_US_Stocks_CFD/PG/05_BE_TRAIL/BUY_MULTI.set;BCB16397BE669972944261B24ED4B79816FC7BC0CEE40AA12C6EA3E8317EB05E
05_US_Stocks_CFD;PG;05_BE_TRAIL;BUY;ICHIMOKU;18;22759833600;FAST_GENETIC;647281118;RESEARCH;05_US_Stocks_CFD/PG/05_BE_TRAIL/BUY_ICHIMOKU.set;AD8B2EC8F5ECC781FF69BAD1A652E9D722E3C94B95949FD4DD6AA23323D7463C
05_US_Stocks_CFD;PG;05_BE_TRAIL;SELL;MULTI;19;1043159040000;FAST_GENETIC;681060731;RESEARCH;05_US_Stocks_CFD/PG/05_BE_TRAIL/SELL_MULTI.set;B597F690FB7112DC102D8FC4492A23FC117FF24838A64FD310D0D67AC0BB9B3A
05_US_Stocks_CFD;PG;05_BE_TRAIL;SELL;ICHIMOKU;18;22759833600;FAST_GENETIC;644974307;RESEARCH;05_US_Stocks_CFD/PG/05_BE_TRAIL/SELL_ICHIMOKU.set;F3ACA91D0A7EB4A659A63C45AEA030582BDE2C93C73E322C5EB63AF7D0B16FC9
05_US_Stocks_CFD;PG;06_REVERSAL_EXIT;BUY;MULTI;21;1669054464000;FAST_GENETIC;644391443;RESEARCH;05_US_Stocks_CFD/PG/06_REVERSAL_EXIT/BUY_MULTI.set;B57FA27D3F1813D556C0207AFFCF553419849B78DDD4ABD4FF11782A7A94A588
05_US_Stocks_CFD;PG;06_REVERSAL_EXIT;BUY;ICHIMOKU;20;36415733760;FAST_GENETIC;624185022;RESEARCH;05_US_Stocks_CFD/PG/06_REVERSAL_EXIT/BUY_ICHIMOKU.set;731E499B7831A6BA50BF4773846641BAAA052C686BD4138D58DE74B55573AF49
05_US_Stocks_CFD;PG;06_REVERSAL_EXIT;SELL;MULTI;21;1669054464000;FAST_GENETIC;686816669;RESEARCH;05_US_Stocks_CFD/PG/06_REVERSAL_EXIT/SELL_MULTI.set;3033ABB9C278D09D72574055210158528B9995620004EEE544E342C869B717A7
05_US_Stocks_CFD;PG;06_REVERSAL_EXIT;SELL;ICHIMOKU;20;36415733760;FAST_GENETIC;690440373;RESEARCH;05_US_Stocks_CFD/PG/06_REVERSAL_EXIT/SELL_ICHIMOKU.set;464C035713F0744B0B1EA1E62883DBCF6FDD878E8D9DC88B6B2A02F232F78A72
05_US_Stocks_CFD;PG;07_GRID_SEPARATE;BUY;MULTI;20;3161410560000;FAST_GENETIC;680928074;HEDGE_ACCOUNT_REQUIRED;05_US_Stocks_CFD/PG/07_GRID_SEPARATE/BUY_MULTI.set;6F941AEFCB36146DD5BC486108457EAAA18F749B8CD68E7F96B3D11D400FF65A
05_US_Stocks_CFD;PG;07_GRID_SEPARATE;BUY;ICHIMOKU;19;68976230400;FAST_GENETIC;642838977;HEDGE_ACCOUNT_REQUIRED;05_US_Stocks_CFD/PG/07_GRID_SEPARATE/BUY_ICHIMOKU.set;A02DFED67C08FBC2BE0F8EE75AD4A6125914B4E3776958FF5EF91C94FFACE653
05_US_Stocks_CFD;PG;07_GRID_SEPARATE;SELL;MULTI;20;3161410560000;FAST_GENETIC;655026467;HEDGE_ACCOUNT_REQUIRED;05_US_Stocks_CFD/PG/07_GRID_SEPARATE/SELL_MULTI.set;5275042F09B64B7FC6940C710E7A0F5AE3F2CC3652C710D5942BB85F0A0FA92B
05_US_Stocks_CFD;PG;07_GRID_SEPARATE;SELL;ICHIMOKU;19;68976230400;FAST_GENETIC;619086128;HEDGE_ACCOUNT_REQUIRED;05_US_Stocks_CFD/PG/07_GRID_SEPARATE/SELL_ICHIMOKU.set;134CCD9B0F41062E81C3B473F07535B2480E943426F0D4DB9E79E393B6147D1D
05_US_Stocks_CFD;PG;08_GRID_UNIFIED;BOTH;MULTI;21;15807052800000;FAST_GENETIC;661127025;HEDGE_ACCOUNT_REQUIRED;05_US_Stocks_CFD/PG/08_GRID_UNIFIED/BOTH_MULTI.set;0B9FEFDAF359FEBE6972C914309A868295CC1957AB54C15806879840C8ECB80D
05_US_Stocks_CFD;PG;08_GRID_UNIFIED;BOTH;ICHIMOKU;20;344881152000;FAST_GENETIC;626183973;HEDGE_ACCOUNT_REQUIRED;05_US_Stocks_CFD/PG/08_GRID_UNIFIED/BOTH_ICHIMOKU.set;5056CFCC98C3AAA9E512794CFDCFBB9EC01EE84A54AF1314262E22FEAA5082C6
05_US_Stocks_CFD;PG;09_MARTINGALE;BUY;MULTI;21;18359599104000;FAST_GENETIC;674185629;HIGH_RISK;05_US_Stocks_CFD/PG/09_MARTINGALE/BUY_MULTI.set;0567C06F9310A1BEF4675D5D48F1EEBE83D4484206476AFE88336E8678269157
05_US_Stocks_CFD;PG;09_MARTINGALE;BUY;ICHIMOKU;20;400573071360;FAST_GENETIC;671353482;HIGH_RISK;05_US_Stocks_CFD/PG/09_MARTINGALE/BUY_ICHIMOKU.set;C0C3288566D8E92943B05CEA4BA0929B3D7F78B0433629FC827474A8C287AC49
05_US_Stocks_CFD;PG;09_MARTINGALE;SELL;MULTI;21;18359599104000;FAST_GENETIC;666398935;HIGH_RISK;05_US_Stocks_CFD/PG/09_MARTINGALE/SELL_MULTI.set;B87290BF7480D62DD3367574578628E2863BB8D8FDFA38B9BF4326F43FDA69D0
05_US_Stocks_CFD;PG;09_MARTINGALE;SELL;ICHIMOKU;20;400573071360;FAST_GENETIC;692326968;HIGH_RISK;05_US_Stocks_CFD/PG/09_MARTINGALE/SELL_ICHIMOKU.set;4E2AE53DAF51412F62750765C27A2EC725B7BD36624F58FF1779702C26E22E92
05_US_Stocks_CFD;PG;10_DALEMBERT;BUY;MULTI;21;13113999360000;FAST_GENETIC;671585164;HIGH_RISK;05_US_Stocks_CFD/PG/10_DALEMBERT/BUY_MULTI.set;BB05C73F6207105354539DD1BC3B77C18E03DF10DE6EE7759830D63DCE0E1A20
05_US_Stocks_CFD;PG;10_DALEMBERT;BUY;ICHIMOKU;20;286123622400;FAST_GENETIC;658584477;HIGH_RISK;05_US_Stocks_CFD/PG/10_DALEMBERT/BUY_ICHIMOKU.set;9F01EA8AB43B2B1B6FBC6DBB3D26A2A1E9AA4B960A8500D55D3D73FCF7B1E226
05_US_Stocks_CFD;PG;10_DALEMBERT;SELL;MULTI;21;13113999360000;FAST_GENETIC;663895662;HIGH_RISK;05_US_Stocks_CFD/PG/10_DALEMBERT/SELL_MULTI.set;8BE34FAD49C0458741F4B397347AF485DE152EB9D531BAA93763189E087053F7
05_US_Stocks_CFD;PG;10_DALEMBERT;SELL;ICHIMOKU;20;286123622400;FAST_GENETIC;612408786;HIGH_RISK;05_US_Stocks_CFD/PG/10_DALEMBERT/SELL_ICHIMOKU.set;E34187AF243766796612C12500E1E6C3D23926D30D3EA2FB033C5F5FB3FED605
05_US_Stocks_CFD;PG;11_SIGNAL_ONLY;BUY;MULTI;16;354816000;FAST_GENETIC;687803588;HIGH_RISK_RESEARCH;05_US_Stocks_CFD/PG/11_SIGNAL_ONLY/BUY_MULTI.set;5B8041DA60B58FE07E4DF745220C6ACEDE30CF23EBBB47C20524FCC12E1710BC
05_US_Stocks_CFD;PG;11_SIGNAL_ONLY;BUY;ICHIMOKU;15;7741440;FAST_GENETIC;611485290;HIGH_RISK_RESEARCH;05_US_Stocks_CFD/PG/11_SIGNAL_ONLY/BUY_ICHIMOKU.set;935D37B5EAC6C29F8CCB2B7DC267A45B616275A88D0C910F8326004303412731
05_US_Stocks_CFD;PG;11_SIGNAL_ONLY;SELL;MULTI;16;354816000;FAST_GENETIC;639813282;HIGH_RISK_RESEARCH;05_US_Stocks_CFD/PG/11_SIGNAL_ONLY/SELL_MULTI.set;20B1FDDF4B6AB79E199AD98FF6A7204B4CDAD3425F568F72A679C0D15D9A67A4
05_US_Stocks_CFD;PG;11_SIGNAL_ONLY;SELL;ICHIMOKU;15;7741440;FAST_GENETIC;679976514;HIGH_RISK_RESEARCH;05_US_Stocks_CFD/PG/11_SIGNAL_ONLY/SELL_ICHIMOKU.set;252F4B2AEAD4AD53F4B8C7DEB00A7BE09D8C069CEBDB1884B80E7E1D96179164
05_US_Stocks_CFD;PM;01_SLTP;BUY;MULTI;19;655699968000;FAST_GENETIC;620724192;RESEARCH;05_US_Stocks_CFD/PM/01_SLTP/BUY_MULTI.set;2CEC00609A1D4F9F28EA638B9EA03504BBDB57B9E5E43DE05456AD9C4700E00B
05_US_Stocks_CFD;PM;01_SLTP;BUY;ICHIMOKU;18;14306181120;FAST_GENETIC;622779585;RESEARCH;05_US_Stocks_CFD/PM/01_SLTP/BUY_ICHIMOKU.set;8DAC309587A863F975361C9B70CDF58B8D03F82F954ED5D248013D082603C8F4
05_US_Stocks_CFD;PM;01_SLTP;SELL;MULTI;19;655699968000;FAST_GENETIC;673899966;RESEARCH;05_US_Stocks_CFD/PM/01_SLTP/SELL_MULTI.set;9BB4A339E33A60ECD458752820C411B4E03410B71336596509F2A1F0748A0D27
05_US_Stocks_CFD;PM;01_SLTP;SELL;ICHIMOKU;18;14306181120;FAST_GENETIC;613936231;RESEARCH;05_US_Stocks_CFD/PM/01_SLTP/SELL_ICHIMOKU.set;917CC2E0ACBDBD037E11681370C43A8C547F9970933B2B9407940D56B90D358F
05_US_Stocks_CFD;PM;02_SLTP_ORGANIC;BUY;MULTI;19;655699968000;FAST_GENETIC;684997432;RESEARCH;05_US_Stocks_CFD/PM/02_SLTP_ORGANIC/BUY_MULTI.set;B4E6CBA9EBA2F30A8E00DD5E6051BFA6D39F4E10E4ED2CA315F99CFBF699A12C
05_US_Stocks_CFD;PM;02_SLTP_ORGANIC;BUY;ICHIMOKU;18;14306181120;FAST_GENETIC;691440401;RESEARCH;05_US_Stocks_CFD/PM/02_SLTP_ORGANIC/BUY_ICHIMOKU.set;C43D60593A9BB9986EF856B00EFB8FB025738E2D0BABA1438B827334FF734AEE
05_US_Stocks_CFD;PM;02_SLTP_ORGANIC;SELL;MULTI;19;655699968000;FAST_GENETIC;654246527;RESEARCH;05_US_Stocks_CFD/PM/02_SLTP_ORGANIC/SELL_MULTI.set;24B0513981173C00FC9BEF32CD0523F6760055F4C7B5ED544F176075D45EE684
05_US_Stocks_CFD;PM;02_SLTP_ORGANIC;SELL;ICHIMOKU;18;14306181120;FAST_GENETIC;698719583;RESEARCH;05_US_Stocks_CFD/PM/02_SLTP_ORGANIC/SELL_ICHIMOKU.set;0D8A40D16E01C412DAB5FE4555AB244EC486065F6521AC04614D968E9F1CA29B
05_US_Stocks_CFD;PM;03_TRAIL_ONLY;BUY;MULTI;20;2086318080000;FAST_GENETIC;687392074;RESEARCH;05_US_Stocks_CFD/PM/03_TRAIL_ONLY/BUY_MULTI.set;6F24C1F3C2024974CC6983F3DFADA7F53B885016EB179F3765289C45BE1C9B13
05_US_Stocks_CFD;PM;03_TRAIL_ONLY;BUY;ICHIMOKU;19;45519667200;FAST_GENETIC;694308205;RESEARCH;05_US_Stocks_CFD/PM/03_TRAIL_ONLY/BUY_ICHIMOKU.set;F7E8EBE382B998A4FB237BFD89A6063D300DB507ED581C4B37593CCA363AA60F
05_US_Stocks_CFD;PM;03_TRAIL_ONLY;SELL;MULTI;20;2086318080000;FAST_GENETIC;659025287;RESEARCH;05_US_Stocks_CFD/PM/03_TRAIL_ONLY/SELL_MULTI.set;5D4895E4D155FDBF747D02B9A3C257E1D2F7CF1D2734DC3D72979EB912DF89AF
05_US_Stocks_CFD;PM;03_TRAIL_ONLY;SELL;ICHIMOKU;19;45519667200;FAST_GENETIC;677283783;RESEARCH;05_US_Stocks_CFD/PM/03_TRAIL_ONLY/SELL_ICHIMOKU.set;3DB64D5DFCA097443287636AD6B5B176714857BF6E39F023ABC160148BB5FD97
05_US_Stocks_CFD;PM;04_SLTP_TRAIL;BUY;MULTI;20;9179799552000;FAST_GENETIC;616197684;RESEARCH;05_US_Stocks_CFD/PM/04_SLTP_TRAIL/BUY_MULTI.set;8063E5BE9D0A5D48DF9A84095AC97F5753F2F5714EAF969D80BEA3AA7579A682
05_US_Stocks_CFD;PM;04_SLTP_TRAIL;BUY;ICHIMOKU;19;200286535680;FAST_GENETIC;657533514;RESEARCH;05_US_Stocks_CFD/PM/04_SLTP_TRAIL/BUY_ICHIMOKU.set;DFF84AE52DA6A4B13103E5237045AD03345E5CDB6899FB8DECED90FF1D9616D2
05_US_Stocks_CFD;PM;04_SLTP_TRAIL;SELL;MULTI;20;9179799552000;FAST_GENETIC;668435075;RESEARCH;05_US_Stocks_CFD/PM/04_SLTP_TRAIL/SELL_MULTI.set;C09BF403F2060385A5EDBE03E5C8A3B78FE38528F83D1627C382D89F3CA78599
05_US_Stocks_CFD;PM;04_SLTP_TRAIL;SELL;ICHIMOKU;19;200286535680;FAST_GENETIC;697488870;RESEARCH;05_US_Stocks_CFD/PM/04_SLTP_TRAIL/SELL_ICHIMOKU.set;B965E85756F3F0AC7EAFD87715A24C7ABCB06AD23481C8CF71C76D925219AB3D
05_US_Stocks_CFD;PM;05_BE_TRAIL;BUY;MULTI;19;1043159040000;FAST_GENETIC;646217949;RESEARCH;05_US_Stocks_CFD/PM/05_BE_TRAIL/BUY_MULTI.set;09FDC7C8261FDB7F1BB2BA3E3B4C89CECC58F9636F4F5D95805FD61D55808817
05_US_Stocks_CFD;PM;05_BE_TRAIL;BUY;ICHIMOKU;18;22759833600;FAST_GENETIC;632722407;RESEARCH;05_US_Stocks_CFD/PM/05_BE_TRAIL/BUY_ICHIMOKU.set;6A21FFEFC62D5F371B332C7BEAB9D81CB662443469039ABAE561B114AAF872A1
05_US_Stocks_CFD;PM;05_BE_TRAIL;SELL;MULTI;19;1043159040000;FAST_GENETIC;691157910;RESEARCH;05_US_Stocks_CFD/PM/05_BE_TRAIL/SELL_MULTI.set;CDCF214BF51AD9D80DACF12B2A3DED69EA955873BD8C4804B8D8B6C41E1DF1F9
05_US_Stocks_CFD;PM;05_BE_TRAIL;SELL;ICHIMOKU;18;22759833600;FAST_GENETIC;688342855;RESEARCH;05_US_Stocks_CFD/PM/05_BE_TRAIL/SELL_ICHIMOKU.set;B474A35EEE5F236620F23629F4F828120F572E611CB61307FB2B835E801853CB
05_US_Stocks_CFD;PM;06_REVERSAL_EXIT;BUY;MULTI;21;1669054464000;FAST_GENETIC;667783169;RESEARCH;05_US_Stocks_CFD/PM/06_REVERSAL_EXIT/BUY_MULTI.set;3AA7A89603FF65DDCF98186E33BF43E50758F7943F73818DB8BE57FB6CD2EA3D
05_US_Stocks_CFD;PM;06_REVERSAL_EXIT;BUY;ICHIMOKU;20;36415733760;FAST_GENETIC;669128342;RESEARCH;05_US_Stocks_CFD/PM/06_REVERSAL_EXIT/BUY_ICHIMOKU.set;0543D2793176EB016D6D9CB60259631F57C1F21437D0CDD44F1AEEBD4D5B25B0
05_US_Stocks_CFD;PM;06_REVERSAL_EXIT;SELL;MULTI;21;1669054464000;FAST_GENETIC;625197833;RESEARCH;05_US_Stocks_CFD/PM/06_REVERSAL_EXIT/SELL_MULTI.set;E93A6D5434B7C55D139E7D07A2603B97359B2594EB3EBD26BDBA6706850B9FE4
05_US_Stocks_CFD;PM;06_REVERSAL_EXIT;SELL;ICHIMOKU;20;36415733760;FAST_GENETIC;657323779;RESEARCH;05_US_Stocks_CFD/PM/06_REVERSAL_EXIT/SELL_ICHIMOKU.set;BCCA303F69F3D2BF642959EE38DC3E11E2E67B9E2BA75913778F8880A7075740
05_US_Stocks_CFD;PM;07_GRID_SEPARATE;BUY;MULTI;20;3161410560000;FAST_GENETIC;628214218;HEDGE_ACCOUNT_REQUIRED;05_US_Stocks_CFD/PM/07_GRID_SEPARATE/BUY_MULTI.set;2263EF15654A21A903B6B0E6BE5BD8F9E48DE24F6B8BF05F1BC6492A22EE44DC
05_US_Stocks_CFD;PM;07_GRID_SEPARATE;BUY;ICHIMOKU;19;68976230400;FAST_GENETIC;659265486;HEDGE_ACCOUNT_REQUIRED;05_US_Stocks_CFD/PM/07_GRID_SEPARATE/BUY_ICHIMOKU.set;6E49EBF7B303D91F4697815962D0C9804B626DC48EC2DD96DDABB4F65D1B2F54
05_US_Stocks_CFD;PM;07_GRID_SEPARATE;SELL;MULTI;20;3161410560000;FAST_GENETIC;639108878;HEDGE_ACCOUNT_REQUIRED;05_US_Stocks_CFD/PM/07_GRID_SEPARATE/SELL_MULTI.set;2C8BF35F1F2A0725DFEA5C50B460611521B26E3A25F564313FC63AE2FE3B8B17
05_US_Stocks_CFD;PM;07_GRID_SEPARATE;SELL;ICHIMOKU;19;68976230400;FAST_GENETIC;681306792;HEDGE_ACCOUNT_REQUIRED;05_US_Stocks_CFD/PM/07_GRID_SEPARATE/SELL_ICHIMOKU.set;4E83951B4A5D6920222EAEC75C6BDE82A871F0BBC91659D7AEFCAB3187CB23EB
05_US_Stocks_CFD;PM;08_GRID_UNIFIED;BOTH;MULTI;21;15807052800000;FAST_GENETIC;648543799;HEDGE_ACCOUNT_REQUIRED;05_US_Stocks_CFD/PM/08_GRID_UNIFIED/BOTH_MULTI.set;51542484C6304446A605918FAE78472C459E43A9B6262C94598F16819DBE3719
05_US_Stocks_CFD;PM;08_GRID_UNIFIED;BOTH;ICHIMOKU;20;344881152000;FAST_GENETIC;643344839;HEDGE_ACCOUNT_REQUIRED;05_US_Stocks_CFD/PM/08_GRID_UNIFIED/BOTH_ICHIMOKU.set;975530BE3B338D99187A57B18D3CD51543B9B3CE08B51A8A577DC9CD58D6E807
05_US_Stocks_CFD;PM;09_MARTINGALE;BUY;MULTI;21;18359599104000;FAST_GENETIC;698269141;HIGH_RISK;05_US_Stocks_CFD/PM/09_MARTINGALE/BUY_MULTI.set;0F3F450584846380B89FB816DF437ABA96625A2F7456277D666709A259BC7535
05_US_Stocks_CFD;PM;09_MARTINGALE;BUY;ICHIMOKU;20;400573071360;FAST_GENETIC;678389719;HIGH_RISK;05_US_Stocks_CFD/PM/09_MARTINGALE/BUY_ICHIMOKU.set;C22EE2986E15F0E7807FF5AC39271806B0130D8EEEBEC0348A051E97BEA824D4
05_US_Stocks_CFD;PM;09_MARTINGALE;SELL;MULTI;21;18359599104000;FAST_GENETIC;640613893;HIGH_RISK;05_US_Stocks_CFD/PM/09_MARTINGALE/SELL_MULTI.set;DF4DE4BBB8CB85D686960778EF3DECA69DAB6C884DA652B85AA77A344DC444AF
05_US_Stocks_CFD;PM;09_MARTINGALE;SELL;ICHIMOKU;20;400573071360;FAST_GENETIC;691826559;HIGH_RISK;05_US_Stocks_CFD/PM/09_MARTINGALE/SELL_ICHIMOKU.set;7AF3E2ACBA62125A68FDC1FDBD1D1D6AD01360528F1496FE3600C879E1AD76EC
05_US_Stocks_CFD;PM;10_DALEMBERT;BUY;MULTI;21;13113999360000;FAST_GENETIC;628138512;HIGH_RISK;05_US_Stocks_CFD/PM/10_DALEMBERT/BUY_MULTI.set;F67FE3F968AA01E7B474CC44BC01DC8A180249A8B97EBC7A684CD7AD5313252B
05_US_Stocks_CFD;PM;10_DALEMBERT;BUY;ICHIMOKU;20;286123622400;FAST_GENETIC;651744838;HIGH_RISK;05_US_Stocks_CFD/PM/10_DALEMBERT/BUY_ICHIMOKU.set;C059165AAC3E0F62DBDD1C3468DADA91DB2EEE6703634D32A7417524B11EF274
05_US_Stocks_CFD;PM;10_DALEMBERT;SELL;MULTI;21;13113999360000;FAST_GENETIC;619432809;HIGH_RISK;05_US_Stocks_CFD/PM/10_DALEMBERT/SELL_MULTI.set;CDE8B3D307D138905A63D82C91074760A5193DE6D2D754386C18A02EC62D1A1C
05_US_Stocks_CFD;PM;10_DALEMBERT;SELL;ICHIMOKU;20;286123622400;FAST_GENETIC;618478778;HIGH_RISK;05_US_Stocks_CFD/PM/10_DALEMBERT/SELL_ICHIMOKU.set;3E793C347B7AD1A30D10009079F5CD2968EB37D7C60CFD4C56CDEDE8CA90D1CB
05_US_Stocks_CFD;PM;11_SIGNAL_ONLY;BUY;MULTI;16;354816000;FAST_GENETIC;639297478;HIGH_RISK_RESEARCH;05_US_Stocks_CFD/PM/11_SIGNAL_ONLY/BUY_MULTI.set;B01226EAD44F643362600CECADA7DD55B64F3F7E0C0A94726AF3D8EBCAD4FFCB
05_US_Stocks_CFD;PM;11_SIGNAL_ONLY;BUY;ICHIMOKU;15;7741440;FAST_GENETIC;697810501;HIGH_RISK_RESEARCH;05_US_Stocks_CFD/PM/11_SIGNAL_ONLY/BUY_ICHIMOKU.set;82AF9BE78F6AE2D29BA7DA8BF35A25E8063D9AC30CA3B0C0CC96E393A02468C0
05_US_Stocks_CFD;PM;11_SIGNAL_ONLY;SELL;MULTI;16;354816000;FAST_GENETIC;650122472;HIGH_RISK_RESEARCH;05_US_Stocks_CFD/PM/11_SIGNAL_ONLY/SELL_MULTI.set;9B3E665F45AB42BCE92C15B9042D611953EC9DDEBB7763F49F962A60FA95E73C
05_US_Stocks_CFD;PM;11_SIGNAL_ONLY;SELL;ICHIMOKU;15;7741440;FAST_GENETIC;629431168;HIGH_RISK_RESEARCH;05_US_Stocks_CFD/PM/11_SIGNAL_ONLY/SELL_ICHIMOKU.set;CBB263B53C07BF02D7DD97EC9087A4B39D97DC7E74787DD3D9A2008466E31E9D
05_US_Stocks_CFD;PRU;01_SLTP;BUY;MULTI;19;655699968000;FAST_GENETIC;629044181;RESEARCH;05_US_Stocks_CFD/PRU/01_SLTP/BUY_MULTI.set;A72B0521BBD2EAD9E8B38891C98CBA6028DD9AB7735E487D41EDB7B6B458716E
05_US_Stocks_CFD;PRU;01_SLTP;BUY;ICHIMOKU;18;14306181120;FAST_GENETIC;659831403;RESEARCH;05_US_Stocks_CFD/PRU/01_SLTP/BUY_ICHIMOKU.set;D07A696C1F578C7499199FBBF354F489E6858D65260E063DC86B0606AFE1233B
05_US_Stocks_CFD;PRU;01_SLTP;SELL;MULTI;19;655699968000;FAST_GENETIC;692185249;RESEARCH;05_US_Stocks_CFD/PRU/01_SLTP/SELL_MULTI.set;6283A443D49F4DCEE1870624050C5CC72CB2EA222DDDF028FC189DE9B27131E7
05_US_Stocks_CFD;PRU;01_SLTP;SELL;ICHIMOKU;18;14306181120;FAST_GENETIC;649880958;RESEARCH;05_US_Stocks_CFD/PRU/01_SLTP/SELL_ICHIMOKU.set;B574CC45AB94684F7B6778A109A44E1C3DB91715EC01A38F8D7EF603928DE6B9
05_US_Stocks_CFD;PRU;02_SLTP_ORGANIC;BUY;MULTI;19;655699968000;FAST_GENETIC;661810916;RESEARCH;05_US_Stocks_CFD/PRU/02_SLTP_ORGANIC/BUY_MULTI.set;46F861016557616A534318ECBFAA9802D107CE5E02E9F473183F30E80E3A981B
05_US_Stocks_CFD;PRU;02_SLTP_ORGANIC;BUY;ICHIMOKU;18;14306181120;FAST_GENETIC;660877267;RESEARCH;05_US_Stocks_CFD/PRU/02_SLTP_ORGANIC/BUY_ICHIMOKU.set;EC0CFE29F175E47188FEE3BAE8066A361E44728E6B2E142FA49F94A5E0E2B1A7
05_US_Stocks_CFD;PRU;02_SLTP_ORGANIC;SELL;MULTI;19;655699968000;FAST_GENETIC;612120033;RESEARCH;05_US_Stocks_CFD/PRU/02_SLTP_ORGANIC/SELL_MULTI.set;0C1F411F7C02719F1606A637386097A0539AA67C088E335E08EF3652D366FD57
05_US_Stocks_CFD;PRU;02_SLTP_ORGANIC;SELL;ICHIMOKU;18;14306181120;FAST_GENETIC;639329507;RESEARCH;05_US_Stocks_CFD/PRU/02_SLTP_ORGANIC/SELL_ICHIMOKU.set;9462D16E85BAF787AFB311AE11CD25A8960393B1A1589910B66132948D9433CA
05_US_Stocks_CFD;PRU;03_TRAIL_ONLY;BUY;MULTI;20;2086318080000;FAST_GENETIC;663870164;RESEARCH;05_US_Stocks_CFD/PRU/03_TRAIL_ONLY/BUY_MULTI.set;4416B3B19E9A857AA4D7804179BC17A4D188A4C04D474F1F5581BAF5F8A4B4F3
05_US_Stocks_CFD;PRU;03_TRAIL_ONLY;BUY;ICHIMOKU;19;45519667200;FAST_GENETIC;633305541;RESEARCH;05_US_Stocks_CFD/PRU/03_TRAIL_ONLY/BUY_ICHIMOKU.set;2D0C01EBF5D1859474C669153F2CA63BCF83FE6F5E8F4FB49AEBD4C41947DFCE
05_US_Stocks_CFD;PRU;03_TRAIL_ONLY;SELL;MULTI;20;2086318080000;FAST_GENETIC;634692093;RESEARCH;05_US_Stocks_CFD/PRU/03_TRAIL_ONLY/SELL_MULTI.set;75700465494CAF6CCF4D60344AD6C5673211CF0CFEFFF384A1E987D720F8CE15
05_US_Stocks_CFD;PRU;03_TRAIL_ONLY;SELL;ICHIMOKU;19;45519667200;FAST_GENETIC;624427968;RESEARCH;05_US_Stocks_CFD/PRU/03_TRAIL_ONLY/SELL_ICHIMOKU.set;3A3D79F7FF98E7038E09DA144F43CF6EB4648F997E139D5F96A885B9DD59CA23
05_US_Stocks_CFD;PRU;04_SLTP_TRAIL;BUY;MULTI;20;9179799552000;FAST_GENETIC;683068497;RESEARCH;05_US_Stocks_CFD/PRU/04_SLTP_TRAIL/BUY_MULTI.set;D74F3F17ACDD7B0C90C8A2DF0953347CE34881A25226BA2923050E88EB9B9C23
05_US_Stocks_CFD;PRU;04_SLTP_TRAIL;BUY;ICHIMOKU;19;200286535680;FAST_GENETIC;631448997;RESEARCH;05_US_Stocks_CFD/PRU/04_SLTP_TRAIL/BUY_ICHIMOKU.set;503A7033AA92F58E5A962F4F7D9372F007A864B471FC63BDDFC58415AF87A983
05_US_Stocks_CFD;PRU;04_SLTP_TRAIL;SELL;MULTI;20;9179799552000;FAST_GENETIC;626066891;RESEARCH;05_US_Stocks_CFD/PRU/04_SLTP_TRAIL/SELL_MULTI.set;B29E382A13AC09DF5802005DED9EFB111DE3E07A273EB3AAE3430681E95832E3
05_US_Stocks_CFD;PRU;04_SLTP_TRAIL;SELL;ICHIMOKU;19;200286535680;FAST_GENETIC;641119538;RESEARCH;05_US_Stocks_CFD/PRU/04_SLTP_TRAIL/SELL_ICHIMOKU.set;716F93E12059BCA5A218154CAC3163B75DC0C25D7B79CDAEFDCC9B488AE8B006
05_US_Stocks_CFD;PRU;05_BE_TRAIL;BUY;MULTI;19;1043159040000;FAST_GENETIC;623432135;RESEARCH;05_US_Stocks_CFD/PRU/05_BE_TRAIL/BUY_MULTI.set;40ECD03363D242E17925C05D9EFDF7D6FD1430008C05E1CB31F174E2E629BF37
05_US_Stocks_CFD;PRU;05_BE_TRAIL;BUY;ICHIMOKU;18;22759833600;FAST_GENETIC;621672216;RESEARCH;05_US_Stocks_CFD/PRU/05_BE_TRAIL/BUY_ICHIMOKU.set;ED3E35E08550CA7196657C55401ADBC07984B3C945600F3659ACFB725C203D5B
05_US_Stocks_CFD;PRU;05_BE_TRAIL;SELL;MULTI;19;1043159040000;FAST_GENETIC;693971977;RESEARCH;05_US_Stocks_CFD/PRU/05_BE_TRAIL/SELL_MULTI.set;2B9AB3074775E7B92A11C2CE5214273365EACA919BAADF1ABAB8A1BB60B404CB
05_US_Stocks_CFD;PRU;05_BE_TRAIL;SELL;ICHIMOKU;18;22759833600;FAST_GENETIC;622147340;RESEARCH;05_US_Stocks_CFD/PRU/05_BE_TRAIL/SELL_ICHIMOKU.set;C4A96F25DC517283ED0DDCE1A804946D70AA84930EF4FAB91B14C4761220BE74
05_US_Stocks_CFD;PRU;06_REVERSAL_EXIT;BUY;MULTI;21;1669054464000;FAST_GENETIC;660600630;RESEARCH;05_US_Stocks_CFD/PRU/06_REVERSAL_EXIT/BUY_MULTI.set;A56E84EC918CF18E7A20935CAB3CEBB1F55C06224ECDA2C7AA653E24C035D2DB
05_US_Stocks_CFD;PRU;06_REVERSAL_EXIT;BUY;ICHIMOKU;20;36415733760;FAST_GENETIC;628015362;RESEARCH;05_US_Stocks_CFD/PRU/06_REVERSAL_EXIT/BUY_ICHIMOKU.set;5E78CCC7E439E312456E37D922357B6B3044257DECAFA0EF51FB64D8FA0168DB
05_US_Stocks_CFD;PRU;06_REVERSAL_EXIT;SELL;MULTI;21;1669054464000;FAST_GENETIC;682609418;RESEARCH;05_US_Stocks_CFD/PRU/06_REVERSAL_EXIT/SELL_MULTI.set;76782DFFD6D9AFBD2609CE5D762F30496F2186FA4D78FE31CDCBBFE3DB69210D
05_US_Stocks_CFD;PRU;06_REVERSAL_EXIT;SELL;ICHIMOKU;20;36415733760;FAST_GENETIC;680335106;RESEARCH;05_US_Stocks_CFD/PRU/06_REVERSAL_EXIT/SELL_ICHIMOKU.set;EE13AE04C0836E9DACF6966E0B1D459A46E623C6BAA2DC0B08CF70742C6101B1
05_US_Stocks_CFD;PRU;07_GRID_SEPARATE;BUY;MULTI;20;3161410560000;FAST_GENETIC;655756456;HEDGE_ACCOUNT_REQUIRED;05_US_Stocks_CFD/PRU/07_GRID_SEPARATE/BUY_MULTI.set;42B8CADC51C881E709D87E0E8910D3FC0A05D3FA14221320BA70D9372818909A
05_US_Stocks_CFD;PRU;07_GRID_SEPARATE;BUY;ICHIMOKU;19;68976230400;FAST_GENETIC;656711328;HEDGE_ACCOUNT_REQUIRED;05_US_Stocks_CFD/PRU/07_GRID_SEPARATE/BUY_ICHIMOKU.set;B4AE1BB996BE7740E985F018A7138E446F65C307D380036166A01B6E8C51FD77
05_US_Stocks_CFD;PRU;07_GRID_SEPARATE;SELL;MULTI;20;3161410560000;FAST_GENETIC;611039398;HEDGE_ACCOUNT_REQUIRED;05_US_Stocks_CFD/PRU/07_GRID_SEPARATE/SELL_MULTI.set;7DFFE8BABDA408E7EBF00D63886266B7A739461B22B2B8EDC346C2DF8E0A1F5A
05_US_Stocks_CFD;PRU;07_GRID_SEPARATE;SELL;ICHIMOKU;19;68976230400;FAST_GENETIC;664074557;HEDGE_ACCOUNT_REQUIRED;05_US_Stocks_CFD/PRU/07_GRID_SEPARATE/SELL_ICHIMOKU.set;326F4E84EE68B2C99C3187904D467DE8189FAF29D50DE77D564464CF51EDCA68
05_US_Stocks_CFD;PRU;08_GRID_UNIFIED;BOTH;MULTI;21;15807052800000;FAST_GENETIC;640397798;HEDGE_ACCOUNT_REQUIRED;05_US_Stocks_CFD/PRU/08_GRID_UNIFIED/BOTH_MULTI.set;044C9DF3A9762E8DCDC4CF2A7DF461AD65B5F401B2448086825E72636D8FE237
05_US_Stocks_CFD;PRU;08_GRID_UNIFIED;BOTH;ICHIMOKU;20;344881152000;FAST_GENETIC;623785617;HEDGE_ACCOUNT_REQUIRED;05_US_Stocks_CFD/PRU/08_GRID_UNIFIED/BOTH_ICHIMOKU.set;C4BB269656D9A0E96FFBC6093C7C0FE8F99047CD9A5E9766AAD2A210334472E6
05_US_Stocks_CFD;PRU;09_MARTINGALE;BUY;MULTI;21;18359599104000;FAST_GENETIC;689462159;HIGH_RISK;05_US_Stocks_CFD/PRU/09_MARTINGALE/BUY_MULTI.set;BB841DD32BAE3759852995281E20535463FFAF902F2B2B09985B74DDB27F5CCF
05_US_Stocks_CFD;PRU;09_MARTINGALE;BUY;ICHIMOKU;20;400573071360;FAST_GENETIC;637308149;HIGH_RISK;05_US_Stocks_CFD/PRU/09_MARTINGALE/BUY_ICHIMOKU.set;A3194292378A1708FF3A50789025BADD5ACB57BCCAE2B44F9D3B6BE626B595A7
05_US_Stocks_CFD;PRU;09_MARTINGALE;SELL;MULTI;21;18359599104000;FAST_GENETIC;699344111;HIGH_RISK;05_US_Stocks_CFD/PRU/09_MARTINGALE/SELL_MULTI.set;42355DD8A510AF52D979A2DFBB4B9A4DB70217870625AC8139AD1EB4C2963135
05_US_Stocks_CFD;PRU;09_MARTINGALE;SELL;ICHIMOKU;20;400573071360;FAST_GENETIC;610791176;HIGH_RISK;05_US_Stocks_CFD/PRU/09_MARTINGALE/SELL_ICHIMOKU.set;D6400F0F650B3D2C0A403FDB1A95B35E9CFA11CD2CECF39532D43D27E9D09185
05_US_Stocks_CFD;PRU;10_DALEMBERT;BUY;MULTI;21;13113999360000;FAST_GENETIC;688293363;HIGH_RISK;05_US_Stocks_CFD/PRU/10_DALEMBERT/BUY_MULTI.set;89393A010ECCFF50628D63965D5DEA35ADE6402CFDEBB242366AC4B671566A4A
05_US_Stocks_CFD;PRU;10_DALEMBERT;BUY;ICHIMOKU;20;286123622400;FAST_GENETIC;635616150;HIGH_RISK;05_US_Stocks_CFD/PRU/10_DALEMBERT/BUY_ICHIMOKU.set;7BACE7794FC099DC108C3AE7984C7152DEDB5C920046224FC39178675697992B
05_US_Stocks_CFD;PRU;10_DALEMBERT;SELL;MULTI;21;13113999360000;FAST_GENETIC;649657699;HIGH_RISK;05_US_Stocks_CFD/PRU/10_DALEMBERT/SELL_MULTI.set;D42CBB7C7522B63C93BD969B7AFC0B3EAF4830CE30B20E36D2C3557B1E8066FF
05_US_Stocks_CFD;PRU;10_DALEMBERT;SELL;ICHIMOKU;20;286123622400;FAST_GENETIC;652873590;HIGH_RISK;05_US_Stocks_CFD/PRU/10_DALEMBERT/SELL_ICHIMOKU.set;EF28228CB002BD75F45176FC64E97BDA177E7B1D6E89AAF497E4D524762D33B9
05_US_Stocks_CFD;PRU;11_SIGNAL_ONLY;BUY;MULTI;16;354816000;FAST_GENETIC;621890080;HIGH_RISK_RESEARCH;05_US_Stocks_CFD/PRU/11_SIGNAL_ONLY/BUY_MULTI.set;217A0BC480E6A5FB997D2F90276A1EC8DBA64384774983AE2E0AB5D829B4C2D1
05_US_Stocks_CFD;PRU;11_SIGNAL_ONLY;BUY;ICHIMOKU;15;7741440;FAST_GENETIC;660031020;HIGH_RISK_RESEARCH;05_US_Stocks_CFD/PRU/11_SIGNAL_ONLY/BUY_ICHIMOKU.set;ADA672701964826EA50FEC8DF36DC1DB9C52B95B62D7D2D3E67E005B8B6888E5
05_US_Stocks_CFD;PRU;11_SIGNAL_ONLY;SELL;MULTI;16;354816000;FAST_GENETIC;682584840;HIGH_RISK_RESEARCH;05_US_Stocks_CFD/PRU/11_SIGNAL_ONLY/SELL_MULTI.set;68A43C192F35795CBE926BE32C2A2A40869DCB7432765810AFDE223DE8904164
05_US_Stocks_CFD;PRU;11_SIGNAL_ONLY;SELL;ICHIMOKU;15;7741440;FAST_GENETIC;641104181;HIGH_RISK_RESEARCH;05_US_Stocks_CFD/PRU/11_SIGNAL_ONLY/SELL_ICHIMOKU.set;17FF99FD0909BCBE92C69AE224004C327B5F4D4599965C4AA8284F2C0436F1EB
05_US_Stocks_CFD;PYPL;01_SLTP;BUY;MULTI;19;655699968000;FAST_GENETIC;651511741;RESEARCH;05_US_Stocks_CFD/PYPL/01_SLTP/BUY_MULTI.set;814B01F2629AA3530158719728DE19DE9A8C6D528571EDBE81F234432B163380
05_US_Stocks_CFD;PYPL;01_SLTP;BUY;ICHIMOKU;18;14306181120;FAST_GENETIC;627301009;RESEARCH;05_US_Stocks_CFD/PYPL/01_SLTP/BUY_ICHIMOKU.set;01B4B96AE4661C3F35DDCB0844E6DCAC1E4A56B81C0569F10CE52A7D95A1C752
05_US_Stocks_CFD;PYPL;01_SLTP;SELL;MULTI;19;655699968000;FAST_GENETIC;668699695;RESEARCH;05_US_Stocks_CFD/PYPL/01_SLTP/SELL_MULTI.set;4269B2507BD2242D1330779EA9325893437D6913E14DBF68F117F11457EC0BA2
05_US_Stocks_CFD;PYPL;01_SLTP;SELL;ICHIMOKU;18;14306181120;FAST_GENETIC;691690145;RESEARCH;05_US_Stocks_CFD/PYPL/01_SLTP/SELL_ICHIMOKU.set;12B657038380C647BAF4D3E4CFD4BF9CA5A666B31AE9BA14B8922E0D8229DFC1
05_US_Stocks_CFD;PYPL;02_SLTP_ORGANIC;BUY;MULTI;19;655699968000;FAST_GENETIC;695431886;RESEARCH;05_US_Stocks_CFD/PYPL/02_SLTP_ORGANIC/BUY_MULTI.set;67501508EFDD482AA2407283F02C131129EF40CD8D6D52DE5C9805759194FA3E
05_US_Stocks_CFD;PYPL;02_SLTP_ORGANIC;BUY;ICHIMOKU;18;14306181120;FAST_GENETIC;637563398;RESEARCH;05_US_Stocks_CFD/PYPL/02_SLTP_ORGANIC/BUY_ICHIMOKU.set;761D35F3525C4723A82F8C4983D441EBD2D2E1A90C7A65AE5B48FC5C854A28B9
05_US_Stocks_CFD;PYPL;02_SLTP_ORGANIC;SELL;MULTI;19;655699968000;FAST_GENETIC;649527280;RESEARCH;05_US_Stocks_CFD/PYPL/02_SLTP_ORGANIC/SELL_MULTI.set;06BEBB6B227F48F720432393D2ADC280EE2207B0121699CBE4FBF20C23D4A94D
05_US_Stocks_CFD;PYPL;02_SLTP_ORGANIC;SELL;ICHIMOKU;18;14306181120;FAST_GENETIC;610516904;RESEARCH;05_US_Stocks_CFD/PYPL/02_SLTP_ORGANIC/SELL_ICHIMOKU.set;A30EA4E04EDE13AD3A1BEFF7463DE6C86EB4C89CFCCF266BD9626A6164753492
05_US_Stocks_CFD;PYPL;03_TRAIL_ONLY;BUY;MULTI;20;2086318080000;FAST_GENETIC;686315236;RESEARCH;05_US_Stocks_CFD/PYPL/03_TRAIL_ONLY/BUY_MULTI.set;2E33241C086FC5C7E8C56E3CF17A6897B585E47E65D083A29BCB2F14CBF03382
05_US_Stocks_CFD;PYPL;03_TRAIL_ONLY;BUY;ICHIMOKU;19;45519667200;FAST_GENETIC;653942527;RESEARCH;05_US_Stocks_CFD/PYPL/03_TRAIL_ONLY/BUY_ICHIMOKU.set;022D933A129832870A6C07438AA8B0C6FA5D9D220254E082BF6734020D992F8B
05_US_Stocks_CFD;PYPL;03_TRAIL_ONLY;SELL;MULTI;20;2086318080000;FAST_GENETIC;624502516;RESEARCH;05_US_Stocks_CFD/PYPL/03_TRAIL_ONLY/SELL_MULTI.set;EF5974FBE8F2258F7051DF563A580AE563FE07604D9A0C90D6B98518BDE91559
05_US_Stocks_CFD;PYPL;03_TRAIL_ONLY;SELL;ICHIMOKU;19;45519667200;FAST_GENETIC;698393674;RESEARCH;05_US_Stocks_CFD/PYPL/03_TRAIL_ONLY/SELL_ICHIMOKU.set;487086CF2E9EF2E5555B8F742F87624F78A87337094F1F25AE99E3FE52B81511
05_US_Stocks_CFD;PYPL;04_SLTP_TRAIL;BUY;MULTI;20;9179799552000;FAST_GENETIC;624286712;RESEARCH;05_US_Stocks_CFD/PYPL/04_SLTP_TRAIL/BUY_MULTI.set;906B2E8B0E58D08E98A084F7AB8B3A6716B6E3597437C3DBCD47A088C50442B7
05_US_Stocks_CFD;PYPL;04_SLTP_TRAIL;BUY;ICHIMOKU;19;200286535680;FAST_GENETIC;663267529;RESEARCH;05_US_Stocks_CFD/PYPL/04_SLTP_TRAIL/BUY_ICHIMOKU.set;BBF8E48A91F66789B4DF5FB69180716D45E1150D41603900AC1CA23F86730684
05_US_Stocks_CFD;PYPL;04_SLTP_TRAIL;SELL;MULTI;20;9179799552000;FAST_GENETIC;674523802;RESEARCH;05_US_Stocks_CFD/PYPL/04_SLTP_TRAIL/SELL_MULTI.set;99BF733F8A74A7772A8CF3147B0CE0F8587263E5E079461AD19270EF1F763C4C
05_US_Stocks_CFD;PYPL;04_SLTP_TRAIL;SELL;ICHIMOKU;19;200286535680;FAST_GENETIC;654326748;RESEARCH;05_US_Stocks_CFD/PYPL/04_SLTP_TRAIL/SELL_ICHIMOKU.set;EDFC4CFC40AF1A985217C100E9F4EB59A491554F04020BE372BF8016DD14C37D
05_US_Stocks_CFD;PYPL;05_BE_TRAIL;BUY;MULTI;19;1043159040000;FAST_GENETIC;686945613;RESEARCH;05_US_Stocks_CFD/PYPL/05_BE_TRAIL/BUY_MULTI.set;72BC4C83B3D6EDDF17EA2D804E3AC6A189C264BC7C298A58A2DAB88121906883
05_US_Stocks_CFD;PYPL;05_BE_TRAIL;BUY;ICHIMOKU;18;22759833600;FAST_GENETIC;643567069;RESEARCH;05_US_Stocks_CFD/PYPL/05_BE_TRAIL/BUY_ICHIMOKU.set;6A416F9781DA7AA6CDEE9DF02E8157978A377A06610B6EC353B56E9F3039DFDC
05_US_Stocks_CFD;PYPL;05_BE_TRAIL;SELL;MULTI;19;1043159040000;FAST_GENETIC;635303255;RESEARCH;05_US_Stocks_CFD/PYPL/05_BE_TRAIL/SELL_MULTI.set;FBDF423DAA467FFF2F103B544AE51FBBE238516081F68B1BB68B57698390ECD4
05_US_Stocks_CFD;PYPL;05_BE_TRAIL;SELL;ICHIMOKU;18;22759833600;FAST_GENETIC;672546075;RESEARCH;05_US_Stocks_CFD/PYPL/05_BE_TRAIL/SELL_ICHIMOKU.set;AD0A1A9F917D0E33D27C57490863AC1910830C14FF33A9B35FE20E8D6459517D
05_US_Stocks_CFD;PYPL;06_REVERSAL_EXIT;BUY;MULTI;21;1669054464000;FAST_GENETIC;681974932;RESEARCH;05_US_Stocks_CFD/PYPL/06_REVERSAL_EXIT/BUY_MULTI.set;661EDAF870DF9FC75397B6F89B16F5DAE554BD3D7A00A8A18AE3B3EA4B9C2B67
05_US_Stocks_CFD;PYPL;06_REVERSAL_EXIT;BUY;ICHIMOKU;20;36415733760;FAST_GENETIC;645557589;RESEARCH;05_US_Stocks_CFD/PYPL/06_REVERSAL_EXIT/BUY_ICHIMOKU.set;DC83E70F7B9A9D699DB1CDECD2F5AE43AC50E5400DA055EED058F8C8381C14F1
05_US_Stocks_CFD;PYPL;06_REVERSAL_EXIT;SELL;MULTI;21;1669054464000;FAST_GENETIC;632197542;RESEARCH;05_US_Stocks_CFD/PYPL/06_REVERSAL_EXIT/SELL_MULTI.set;B560AD07DC9DC25E9BBE6ED936CEBE615355558793F6FA79672D9E34BF48F88C
05_US_Stocks_CFD;PYPL;06_REVERSAL_EXIT;SELL;ICHIMOKU;20;36415733760;FAST_GENETIC;638878275;RESEARCH;05_US_Stocks_CFD/PYPL/06_REVERSAL_EXIT/SELL_ICHIMOKU.set;CEF8C1C6D6294BE74229A58E0A46FB1A3A0E2D2E9038B011839EC4C856C803C8
05_US_Stocks_CFD;PYPL;07_GRID_SEPARATE;BUY;MULTI;20;3161410560000;FAST_GENETIC;650822324;HEDGE_ACCOUNT_REQUIRED;05_US_Stocks_CFD/PYPL/07_GRID_SEPARATE/BUY_MULTI.set;EBFC515744F71753627743DD42D3BD77C33A8152AE7943172AECF478280F6392
05_US_Stocks_CFD;PYPL;07_GRID_SEPARATE;BUY;ICHIMOKU;19;68976230400;FAST_GENETIC;615921752;HEDGE_ACCOUNT_REQUIRED;05_US_Stocks_CFD/PYPL/07_GRID_SEPARATE/BUY_ICHIMOKU.set;4330C2B923BB48FEEDD29ED41DBF962CD9E9424DC32164CEC2B48A48C4939270
05_US_Stocks_CFD;PYPL;07_GRID_SEPARATE;SELL;MULTI;20;3161410560000;FAST_GENETIC;690366707;HEDGE_ACCOUNT_REQUIRED;05_US_Stocks_CFD/PYPL/07_GRID_SEPARATE/SELL_MULTI.set;4FE91100B29EFD73D32EE4BC4E26ADF2491041320C6E072FFAD52C5702827611
05_US_Stocks_CFD;PYPL;07_GRID_SEPARATE;SELL;ICHIMOKU;19;68976230400;FAST_GENETIC;633073049;HEDGE_ACCOUNT_REQUIRED;05_US_Stocks_CFD/PYPL/07_GRID_SEPARATE/SELL_ICHIMOKU.set;7CF772B268FE903CAB738C44F4CA939CAA7007196BE581B0EB8770ECC22F2A34
05_US_Stocks_CFD;PYPL;08_GRID_UNIFIED;BOTH;MULTI;21;15807052800000;FAST_GENETIC;637024658;HEDGE_ACCOUNT_REQUIRED;05_US_Stocks_CFD/PYPL/08_GRID_UNIFIED/BOTH_MULTI.set;DE7E54A1A4FE2EA93D9423295AE8128A1427C5727924B8A6DB6B7BFA0090736B
05_US_Stocks_CFD;PYPL;08_GRID_UNIFIED;BOTH;ICHIMOKU;20;344881152000;FAST_GENETIC;641529989;HEDGE_ACCOUNT_REQUIRED;05_US_Stocks_CFD/PYPL/08_GRID_UNIFIED/BOTH_ICHIMOKU.set;94C1ABC87BD0E3441080956EFA0CB8ADE07E99D2CD42D6D7259ECB69F9FE0891
05_US_Stocks_CFD;PYPL;09_MARTINGALE;BUY;MULTI;21;18359599104000;FAST_GENETIC;658200222;HIGH_RISK;05_US_Stocks_CFD/PYPL/09_MARTINGALE/BUY_MULTI.set;4361F764CA28926DFEDE265F965D0E68B3EA145ABFF3A493744BA533629D0257
05_US_Stocks_CFD;PYPL;09_MARTINGALE;BUY;ICHIMOKU;20;400573071360;FAST_GENETIC;636160066;HIGH_RISK;05_US_Stocks_CFD/PYPL/09_MARTINGALE/BUY_ICHIMOKU.set;98CFB2246F7148334C5D9BD998FE2D15BCF50087A8C2F600C149A832D11013FD
05_US_Stocks_CFD;PYPL;09_MARTINGALE;SELL;MULTI;21;18359599104000;FAST_GENETIC;620123408;HIGH_RISK;05_US_Stocks_CFD/PYPL/09_MARTINGALE/SELL_MULTI.set;B54E2B4B69811A45B449F966DE0D711F531CF6A50027622EA96EC3012A591C10
05_US_Stocks_CFD;PYPL;09_MARTINGALE;SELL;ICHIMOKU;20;400573071360;FAST_GENETIC;670065894;HIGH_RISK;05_US_Stocks_CFD/PYPL/09_MARTINGALE/SELL_ICHIMOKU.set;9747AD2DF3129AA1BE36259282656C383B98D9F85E2574ABE5BA9227449BC5A0
05_US_Stocks_CFD;PYPL;10_DALEMBERT;BUY;MULTI;21;13113999360000;FAST_GENETIC;653984244;HIGH_RISK;05_US_Stocks_CFD/PYPL/10_DALEMBERT/BUY_MULTI.set;55675E792F2018B615B98D4F3185E4037A2BE526750F6FA90529B04E58DFE2E3
05_US_Stocks_CFD;PYPL;10_DALEMBERT;BUY;ICHIMOKU;20;286123622400;FAST_GENETIC;681485818;HIGH_RISK;05_US_Stocks_CFD/PYPL/10_DALEMBERT/BUY_ICHIMOKU.set;8A62F0F24E175E8B8EA9A4B58BD02F00DC3DCF569D26BDB48CBF0CE2907F9D75
05_US_Stocks_CFD;PYPL;10_DALEMBERT;SELL;MULTI;21;13113999360000;FAST_GENETIC;698408606;HIGH_RISK;05_US_Stocks_CFD/PYPL/10_DALEMBERT/SELL_MULTI.set;528945CF8614027A2E8D5D9C06590E10BF6C4AFF0BE2C81144C82C09A742CB43
05_US_Stocks_CFD;PYPL;10_DALEMBERT;SELL;ICHIMOKU;20;286123622400;FAST_GENETIC;651565092;HIGH_RISK;05_US_Stocks_CFD/PYPL/10_DALEMBERT/SELL_ICHIMOKU.set;A7AA639D0E0415717203F0A88BA77D011C768C36909C87BC4C7436A46735A83E
05_US_Stocks_CFD;PYPL;11_SIGNAL_ONLY;BUY;MULTI;16;354816000;FAST_GENETIC;629906465;HIGH_RISK_RESEARCH;05_US_Stocks_CFD/PYPL/11_SIGNAL_ONLY/BUY_MULTI.set;99A8AC4183B0273AF199EDF944D6BA5AF551DC6A1697DFD850F956A7C0ECABB7
05_US_Stocks_CFD;PYPL;11_SIGNAL_ONLY;BUY;ICHIMOKU;15;7741440;FAST_GENETIC;611054171;HIGH_RISK_RESEARCH;05_US_Stocks_CFD/PYPL/11_SIGNAL_ONLY/BUY_ICHIMOKU.set;797DC610CC4C071B1807A88E961B66A3F858FF25101137296976BAF1E428B0E5
05_US_Stocks_CFD;PYPL;11_SIGNAL_ONLY;SELL;MULTI;16;354816000;FAST_GENETIC;622412611;HIGH_RISK_RESEARCH;05_US_Stocks_CFD/PYPL/11_SIGNAL_ONLY/SELL_MULTI.set;1FA8CD45ADE0E526A8474FDB219B7ADE8102718E99ADCB50D1C1EF65EAAB6CEF
05_US_Stocks_CFD;PYPL;11_SIGNAL_ONLY;SELL;ICHIMOKU;15;7741440;FAST_GENETIC;622517516;HIGH_RISK_RESEARCH;05_US_Stocks_CFD/PYPL/11_SIGNAL_ONLY/SELL_ICHIMOKU.set;AADE8D38FFE429B7EE3BCF75F69B8C199DAEF8CE7421A9C80D0ACC808DE96C36
05_US_Stocks_CFD;SBUX;01_SLTP;BUY;MULTI;19;655699968000;FAST_GENETIC;667047928;RESEARCH;05_US_Stocks_CFD/SBUX/01_SLTP/BUY_MULTI.set;BB11DC4FC1DB7B760D0AB4D2B8E9973DEC455A75E9A4DF9AB989239E9F0F5FB5
05_US_Stocks_CFD;SBUX;01_SLTP;BUY;ICHIMOKU;18;14306181120;FAST_GENETIC;629436717;RESEARCH;05_US_Stocks_CFD/SBUX/01_SLTP/BUY_ICHIMOKU.set;326F5DF49B3023F3940CAD9E4F74D673E504CB69DD213379308EB37D2FDBA6DB
05_US_Stocks_CFD;SBUX;01_SLTP;SELL;MULTI;19;655699968000;FAST_GENETIC;663420876;RESEARCH;05_US_Stocks_CFD/SBUX/01_SLTP/SELL_MULTI.set;F5CCAB152CC6374D61E9B91C44E0805D5FC18CFAAAEE2DF30A4ED73430C60D9A
05_US_Stocks_CFD;SBUX;01_SLTP;SELL;ICHIMOKU;18;14306181120;FAST_GENETIC;680378746;RESEARCH;05_US_Stocks_CFD/SBUX/01_SLTP/SELL_ICHIMOKU.set;AC99085E9C35AEAF741841CF10A227074F6F41991E5460A71B2276493509328A
05_US_Stocks_CFD;SBUX;02_SLTP_ORGANIC;BUY;MULTI;19;655699968000;FAST_GENETIC;622967177;RESEARCH;05_US_Stocks_CFD/SBUX/02_SLTP_ORGANIC/BUY_MULTI.set;5F09937A57E6FE70CD62918A92C76D16C3BDCD909B49325E44855D481100CE0B
05_US_Stocks_CFD;SBUX;02_SLTP_ORGANIC;BUY;ICHIMOKU;18;14306181120;FAST_GENETIC;629441063;RESEARCH;05_US_Stocks_CFD/SBUX/02_SLTP_ORGANIC/BUY_ICHIMOKU.set;5FD6D96C30C1DB15626EE7E3E01687DDEB8806DD0A9F50B4A474D926A83D82C3
05_US_Stocks_CFD;SBUX;02_SLTP_ORGANIC;SELL;MULTI;19;655699968000;FAST_GENETIC;692629614;RESEARCH;05_US_Stocks_CFD/SBUX/02_SLTP_ORGANIC/SELL_MULTI.set;A913F014DB6EDB9C1B461E6E6BAB698FAC1620A3E206272FEBEEDA11E136461C
05_US_Stocks_CFD;SBUX;02_SLTP_ORGANIC;SELL;ICHIMOKU;18;14306181120;FAST_GENETIC;639494757;RESEARCH;05_US_Stocks_CFD/SBUX/02_SLTP_ORGANIC/SELL_ICHIMOKU.set;A72033467088CF010F778433449A92C92F170C4DEA233C903C3489628B742F80
05_US_Stocks_CFD;SBUX;03_TRAIL_ONLY;BUY;MULTI;20;2086318080000;FAST_GENETIC;654781868;RESEARCH;05_US_Stocks_CFD/SBUX/03_TRAIL_ONLY/BUY_MULTI.set;FF89C6858B69AB16926E596A44E1B021726F66E5773851160F220FBB5A6DE7C6
05_US_Stocks_CFD;SBUX;03_TRAIL_ONLY;BUY;ICHIMOKU;19;45519667200;FAST_GENETIC;649030042;RESEARCH;05_US_Stocks_CFD/SBUX/03_TRAIL_ONLY/BUY_ICHIMOKU.set;61F385AB557341AC9576875652D54891BF25547C269C801DBBF44BC5C4CCB3AC
05_US_Stocks_CFD;SBUX;03_TRAIL_ONLY;SELL;MULTI;20;2086318080000;FAST_GENETIC;618985956;RESEARCH;05_US_Stocks_CFD/SBUX/03_TRAIL_ONLY/SELL_MULTI.set;AF7E8DA7A96EEBFBD95AACDE7D20130D24B6205EDB7D3AA1E872DA7F528018F4
05_US_Stocks_CFD;SBUX;03_TRAIL_ONLY;SELL;ICHIMOKU;19;45519667200;FAST_GENETIC;620676229;RESEARCH;05_US_Stocks_CFD/SBUX/03_TRAIL_ONLY/SELL_ICHIMOKU.set;110B46DFB0A7676E25B18F5CD3AC9BB426388E3E3760B0DDEF5FE19F5BF2AC44
05_US_Stocks_CFD;SBUX;04_SLTP_TRAIL;BUY;MULTI;20;9179799552000;FAST_GENETIC;610816602;RESEARCH;05_US_Stocks_CFD/SBUX/04_SLTP_TRAIL/BUY_MULTI.set;0E08FDE09E313507283579CD4CD4FCCD267B6D8819750B262E092A1C9759E2A5
05_US_Stocks_CFD;SBUX;04_SLTP_TRAIL;BUY;ICHIMOKU;19;200286535680;FAST_GENETIC;694814139;RESEARCH;05_US_Stocks_CFD/SBUX/04_SLTP_TRAIL/BUY_ICHIMOKU.set;2E0C32AEA6088E63CE69726F2DE58ECBC94B8873C08FDC791517B8B1E5200209
05_US_Stocks_CFD;SBUX;04_SLTP_TRAIL;SELL;MULTI;20;9179799552000;FAST_GENETIC;646117088;RESEARCH;05_US_Stocks_CFD/SBUX/04_SLTP_TRAIL/SELL_MULTI.set;0A0DAC5A53CD83745240321CCFB5A96132013E03B4E06F56A09BF3AF5A117115
05_US_Stocks_CFD;SBUX;04_SLTP_TRAIL;SELL;ICHIMOKU;19;200286535680;FAST_GENETIC;613259187;RESEARCH;05_US_Stocks_CFD/SBUX/04_SLTP_TRAIL/SELL_ICHIMOKU.set;7CAE2191E95F7F0A2BBE0E537DF5CEC4942C273FDE0C4DEA07B6389F193DB2F1
05_US_Stocks_CFD;SBUX;05_BE_TRAIL;BUY;MULTI;19;1043159040000;FAST_GENETIC;612966235;RESEARCH;05_US_Stocks_CFD/SBUX/05_BE_TRAIL/BUY_MULTI.set;C59383DA007220B7AA6BB42674453E82B2E6C8E421F09AEDB8A2BCD6B2798F37
05_US_Stocks_CFD;SBUX;05_BE_TRAIL;BUY;ICHIMOKU;18;22759833600;FAST_GENETIC;671280859;RESEARCH;05_US_Stocks_CFD/SBUX/05_BE_TRAIL/BUY_ICHIMOKU.set;FEA3A3D534722616376A0BD5D9057F10F21A2912AD221DAF697FC8A36EA7B951
05_US_Stocks_CFD;SBUX;05_BE_TRAIL;SELL;MULTI;19;1043159040000;FAST_GENETIC;689822760;RESEARCH;05_US_Stocks_CFD/SBUX/05_BE_TRAIL/SELL_MULTI.set;748700C02406AAADB069FC909D19AF6FC51B67D5018EFA7FE60347A774B1F2CD
05_US_Stocks_CFD;SBUX;05_BE_TRAIL;SELL;ICHIMOKU;18;22759833600;FAST_GENETIC;699179204;RESEARCH;05_US_Stocks_CFD/SBUX/05_BE_TRAIL/SELL_ICHIMOKU.set;E10764D61C20F609C1816EED643DCEE1D4E16029511307BE5FCABC7A4B96703D
05_US_Stocks_CFD;SBUX;06_REVERSAL_EXIT;BUY;MULTI;21;1669054464000;FAST_GENETIC;690692709;RESEARCH;05_US_Stocks_CFD/SBUX/06_REVERSAL_EXIT/BUY_MULTI.set;830307EBC4FF803180BA4C2B4E99107FFC0BF3A7C541FFF612AB52C8749B402F
05_US_Stocks_CFD;SBUX;06_REVERSAL_EXIT;BUY;ICHIMOKU;20;36415733760;FAST_GENETIC;645475267;RESEARCH;05_US_Stocks_CFD/SBUX/06_REVERSAL_EXIT/BUY_ICHIMOKU.set;80E1D1B82AA93A3C3BF1FC2CC16CBDBEC8F328CB095139C986134B895DEB4DF9
05_US_Stocks_CFD;SBUX;06_REVERSAL_EXIT;SELL;MULTI;21;1669054464000;FAST_GENETIC;658159275;RESEARCH;05_US_Stocks_CFD/SBUX/06_REVERSAL_EXIT/SELL_MULTI.set;8F701AB47FACDEB9166E413F971A4DA7AFCCF4258459CC6832A820AF878FE2EE
05_US_Stocks_CFD;SBUX;06_REVERSAL_EXIT;SELL;ICHIMOKU;20;36415733760;FAST_GENETIC;660690113;RESEARCH;05_US_Stocks_CFD/SBUX/06_REVERSAL_EXIT/SELL_ICHIMOKU.set;0B61D79EEEB7BA496015BFC2D0BBD5EA7669E3836DF05AEB09B57C2DE39618A1
05_US_Stocks_CFD;SBUX;07_GRID_SEPARATE;BUY;MULTI;20;3161410560000;FAST_GENETIC;657581291;HEDGE_ACCOUNT_REQUIRED;05_US_Stocks_CFD/SBUX/07_GRID_SEPARATE/BUY_MULTI.set;475F84086B6F133E967DC8CA9F987C5667734B6F88BB3453FA99CC6F6CD0EA13
05_US_Stocks_CFD;SBUX;07_GRID_SEPARATE;BUY;ICHIMOKU;19;68976230400;FAST_GENETIC;667749160;HEDGE_ACCOUNT_REQUIRED;05_US_Stocks_CFD/SBUX/07_GRID_SEPARATE/BUY_ICHIMOKU.set;4F08A1953660C99E79C0166F6892AD193BBE4186A84B40A15FC94F62EC14D9BA
05_US_Stocks_CFD;SBUX;07_GRID_SEPARATE;SELL;MULTI;20;3161410560000;FAST_GENETIC;646544463;HEDGE_ACCOUNT_REQUIRED;05_US_Stocks_CFD/SBUX/07_GRID_SEPARATE/SELL_MULTI.set;7E749EF21F691DE434B2E173D67360B74DF7A6950A8EB95C21D16B26887E5DE1
05_US_Stocks_CFD;SBUX;07_GRID_SEPARATE;SELL;ICHIMOKU;19;68976230400;FAST_GENETIC;661969349;HEDGE_ACCOUNT_REQUIRED;05_US_Stocks_CFD/SBUX/07_GRID_SEPARATE/SELL_ICHIMOKU.set;2E843CF3C683C6CF1AC6576FF7116BB9EA8C396A09E5BC72F293D5078C34C099
05_US_Stocks_CFD;SBUX;08_GRID_UNIFIED;BOTH;MULTI;21;15807052800000;FAST_GENETIC;667487008;HEDGE_ACCOUNT_REQUIRED;05_US_Stocks_CFD/SBUX/08_GRID_UNIFIED/BOTH_MULTI.set;3A9DC31052610E31EFC0A23FF7DF32116F49E3AC54582FE119529E1C395D43DE
05_US_Stocks_CFD;SBUX;08_GRID_UNIFIED;BOTH;ICHIMOKU;20;344881152000;FAST_GENETIC;695647703;HEDGE_ACCOUNT_REQUIRED;05_US_Stocks_CFD/SBUX/08_GRID_UNIFIED/BOTH_ICHIMOKU.set;351716C1FCFA4C95E1209FC8F9E00FD1C22EDE7F3979577E9AC85347B983EB1E
05_US_Stocks_CFD;SBUX;09_MARTINGALE;BUY;MULTI;21;18359599104000;FAST_GENETIC;625953823;HIGH_RISK;05_US_Stocks_CFD/SBUX/09_MARTINGALE/BUY_MULTI.set;41A5AAC492A61D7735C4C4713E8419DA653EED8A0D7150968DEF5D7A2F5DE962
05_US_Stocks_CFD;SBUX;09_MARTINGALE;BUY;ICHIMOKU;20;400573071360;FAST_GENETIC;637034662;HIGH_RISK;05_US_Stocks_CFD/SBUX/09_MARTINGALE/BUY_ICHIMOKU.set;FBE65C39DBF2E1188134942F1D20FDE562A11812F58A72CF45313EE0634257F3
05_US_Stocks_CFD;SBUX;09_MARTINGALE;SELL;MULTI;21;18359599104000;FAST_GENETIC;656550228;HIGH_RISK;05_US_Stocks_CFD/SBUX/09_MARTINGALE/SELL_MULTI.set;535932A6EE259B0C05298C6113F3F6337B61DBC27F52FFBB0537492DB183C6BC
05_US_Stocks_CFD;SBUX;09_MARTINGALE;SELL;ICHIMOKU;20;400573071360;FAST_GENETIC;666862899;HIGH_RISK;05_US_Stocks_CFD/SBUX/09_MARTINGALE/SELL_ICHIMOKU.set;D91FBBD80870687E080CC723F599ECD7DA98615ACC03BF636CB79CA5829BE9C0
05_US_Stocks_CFD;SBUX;10_DALEMBERT;BUY;MULTI;21;13113999360000;FAST_GENETIC;668064741;HIGH_RISK;05_US_Stocks_CFD/SBUX/10_DALEMBERT/BUY_MULTI.set;DEF1D4DB5A266503CE87753ECF3C84FA6B9130066A5CC105496B025633FF990C
05_US_Stocks_CFD;SBUX;10_DALEMBERT;BUY;ICHIMOKU;20;286123622400;FAST_GENETIC;632936893;HIGH_RISK;05_US_Stocks_CFD/SBUX/10_DALEMBERT/BUY_ICHIMOKU.set;A3FF2FAF411EFD844894BFA5DC19B9E86C30C4374F1A10E7D31999AFC132015A
05_US_Stocks_CFD;SBUX;10_DALEMBERT;SELL;MULTI;21;13113999360000;FAST_GENETIC;610362762;HIGH_RISK;05_US_Stocks_CFD/SBUX/10_DALEMBERT/SELL_MULTI.set;5601B212AD9EA1B44C1C8CE73762AF88F74F7623846F78C6AA7DE37625AB7EA0
05_US_Stocks_CFD;SBUX;10_DALEMBERT;SELL;ICHIMOKU;20;286123622400;FAST_GENETIC;654405198;HIGH_RISK;05_US_Stocks_CFD/SBUX/10_DALEMBERT/SELL_ICHIMOKU.set;08619E10A1F5D03795A33BC8F7885485A822272D0DC389C207B865D96BF0EB14
05_US_Stocks_CFD;SBUX;11_SIGNAL_ONLY;BUY;MULTI;16;354816000;FAST_GENETIC;647571992;HIGH_RISK_RESEARCH;05_US_Stocks_CFD/SBUX/11_SIGNAL_ONLY/BUY_MULTI.set;FB10640C2085CF03204BE91CDA6B07E8DED2C23C16A56B966EB87D83C55F6EF2
05_US_Stocks_CFD;SBUX;11_SIGNAL_ONLY;BUY;ICHIMOKU;15;7741440;FAST_GENETIC;657910141;HIGH_RISK_RESEARCH;05_US_Stocks_CFD/SBUX/11_SIGNAL_ONLY/BUY_ICHIMOKU.set;B1734CD59351245D0912484C4819DBCC81286B3BEBB84052A179CE8BFE591830
05_US_Stocks_CFD;SBUX;11_SIGNAL_ONLY;SELL;MULTI;16;354816000;FAST_GENETIC;698964937;HIGH_RISK_RESEARCH;05_US_Stocks_CFD/SBUX/11_SIGNAL_ONLY/SELL_MULTI.set;A5A1FE33C777F431059D7F12D1A68EBED96959F828C51754B3E9DA91BDB27B46
05_US_Stocks_CFD;SBUX;11_SIGNAL_ONLY;SELL;ICHIMOKU;15;7741440;FAST_GENETIC;648705293;HIGH_RISK_RESEARCH;05_US_Stocks_CFD/SBUX/11_SIGNAL_ONLY/SELL_ICHIMOKU.set;BC1841D62FEFB95B7DF6D54CB28F62EF9ECB614AD6DE94132656C1983C573DAC
05_US_Stocks_CFD;TSLA;01_SLTP;BUY;MULTI;19;655699968000;FAST_GENETIC;684166134;RESEARCH;05_US_Stocks_CFD/TSLA/01_SLTP/BUY_MULTI.set;9AA7B50E66D69B22E3425A1EF1AF527F78166BEB749302CDFC35762FA855119F
05_US_Stocks_CFD;TSLA;01_SLTP;BUY;ICHIMOKU;18;14306181120;FAST_GENETIC;632285452;RESEARCH;05_US_Stocks_CFD/TSLA/01_SLTP/BUY_ICHIMOKU.set;98146B1667E33B7EC66B9BFDB1963B8326E3FC657E1CCBE9A90506953993C8D0
05_US_Stocks_CFD;TSLA;01_SLTP;SELL;MULTI;19;655699968000;FAST_GENETIC;616753850;RESEARCH;05_US_Stocks_CFD/TSLA/01_SLTP/SELL_MULTI.set;7045AE16BCD566B09259C6D2C8E863CF45068B03412A49F21A5CD7A957357002
05_US_Stocks_CFD;TSLA;01_SLTP;SELL;ICHIMOKU;18;14306181120;FAST_GENETIC;675468706;RESEARCH;05_US_Stocks_CFD/TSLA/01_SLTP/SELL_ICHIMOKU.set;C2744C0BB07F87E412AC6E0146F0CCDC2AD7745418DC74E04276E38CFC6871A8
05_US_Stocks_CFD;TSLA;02_SLTP_ORGANIC;BUY;MULTI;19;655699968000;FAST_GENETIC;679846793;RESEARCH;05_US_Stocks_CFD/TSLA/02_SLTP_ORGANIC/BUY_MULTI.set;4950932377223DE912C0FDAD8F551CB06A37E0DD63DCD68890A9B95525938AE7
05_US_Stocks_CFD;TSLA;02_SLTP_ORGANIC;BUY;ICHIMOKU;18;14306181120;FAST_GENETIC;638181674;RESEARCH;05_US_Stocks_CFD/TSLA/02_SLTP_ORGANIC/BUY_ICHIMOKU.set;DCC12741C0C9982C347A73D527253590F181DDBF6EE2EABCFBC14A4D511B285E
05_US_Stocks_CFD;TSLA;02_SLTP_ORGANIC;SELL;MULTI;19;655699968000;FAST_GENETIC;688434063;RESEARCH;05_US_Stocks_CFD/TSLA/02_SLTP_ORGANIC/SELL_MULTI.set;AFD92B91D83A2FB94D6A4DF8DCE8DBD60D39FE717C93106EE953DC60A8DE8A7E
05_US_Stocks_CFD;TSLA;02_SLTP_ORGANIC;SELL;ICHIMOKU;18;14306181120;FAST_GENETIC;679719930;RESEARCH;05_US_Stocks_CFD/TSLA/02_SLTP_ORGANIC/SELL_ICHIMOKU.set;925AC09B3F93A6976ED194774E64F92F0F68BD6CECB2A0C77EBF274E44A4C9EA
05_US_Stocks_CFD;TSLA;03_TRAIL_ONLY;BUY;MULTI;20;2086318080000;FAST_GENETIC;613669331;RESEARCH;05_US_Stocks_CFD/TSLA/03_TRAIL_ONLY/BUY_MULTI.set;015CF013B3E9DD39DA7E975561E36547E362CA9EEBD7199D019D9E0B6383BF53
05_US_Stocks_CFD;TSLA;03_TRAIL_ONLY;BUY;ICHIMOKU;19;45519667200;FAST_GENETIC;670077384;RESEARCH;05_US_Stocks_CFD/TSLA/03_TRAIL_ONLY/BUY_ICHIMOKU.set;89F1567197DCA3B79CB157348AAF95C4BA5F333B36164EEDCA2FA43426691A98
05_US_Stocks_CFD;TSLA;03_TRAIL_ONLY;SELL;MULTI;20;2086318080000;FAST_GENETIC;688635374;RESEARCH;05_US_Stocks_CFD/TSLA/03_TRAIL_ONLY/SELL_MULTI.set;8EB812FA27BAEBB8F9CDA4C88F740DB3B6AB2CF1A9CF61C230E6B9572BA18D73
05_US_Stocks_CFD;TSLA;03_TRAIL_ONLY;SELL;ICHIMOKU;19;45519667200;FAST_GENETIC;642032620;RESEARCH;05_US_Stocks_CFD/TSLA/03_TRAIL_ONLY/SELL_ICHIMOKU.set;73AAC839E878E35A386C4CF5DC4C9083ABF5B6930C83C06EE0689BB55C4083D2
05_US_Stocks_CFD;TSLA;04_SLTP_TRAIL;BUY;MULTI;20;9179799552000;FAST_GENETIC;633918560;RESEARCH;05_US_Stocks_CFD/TSLA/04_SLTP_TRAIL/BUY_MULTI.set;C387D6155A717BD6E70D370675EEAF1DBA6F5AF613EAFCFEE946D266C33106DE
05_US_Stocks_CFD;TSLA;04_SLTP_TRAIL;BUY;ICHIMOKU;19;200286535680;FAST_GENETIC;673392898;RESEARCH;05_US_Stocks_CFD/TSLA/04_SLTP_TRAIL/BUY_ICHIMOKU.set;45BF8B78C0775447E92046301A7B03D991A630AFD4B0B95C9F4CF91BE0CF5BC3
05_US_Stocks_CFD;TSLA;04_SLTP_TRAIL;SELL;MULTI;20;9179799552000;FAST_GENETIC;617323587;RESEARCH;05_US_Stocks_CFD/TSLA/04_SLTP_TRAIL/SELL_MULTI.set;46D169ED34CCBE2DC87F4496656BD1B07DBA1E9F2C8BCB3E2B948E5D4ECEF061
05_US_Stocks_CFD;TSLA;04_SLTP_TRAIL;SELL;ICHIMOKU;19;200286535680;FAST_GENETIC;692928784;RESEARCH;05_US_Stocks_CFD/TSLA/04_SLTP_TRAIL/SELL_ICHIMOKU.set;BC4559F5E28A47FDEEEE628F3A90A784FDB9AE0DDC64E1BF74DEF2FBFB4117AC
05_US_Stocks_CFD;TSLA;05_BE_TRAIL;BUY;MULTI;19;1043159040000;FAST_GENETIC;699634460;RESEARCH;05_US_Stocks_CFD/TSLA/05_BE_TRAIL/BUY_MULTI.set;22C0D45D0E2F22FBF5B33B46AB3D206AC2AFBA8417B76CC14917E09FE5081C46
05_US_Stocks_CFD;TSLA;05_BE_TRAIL;BUY;ICHIMOKU;18;22759833600;FAST_GENETIC;613219867;RESEARCH;05_US_Stocks_CFD/TSLA/05_BE_TRAIL/BUY_ICHIMOKU.set;BF8F3BAF37BA702A33373C4D69E64B0636138FE298E9F8E190BB189132FC7CD5
05_US_Stocks_CFD;TSLA;05_BE_TRAIL;SELL;MULTI;19;1043159040000;FAST_GENETIC;628509751;RESEARCH;05_US_Stocks_CFD/TSLA/05_BE_TRAIL/SELL_MULTI.set;677F411AD5B06A9E8096DF92FBDEBD5BF043EA4F666FD2A62AA37E5A52B0885C
05_US_Stocks_CFD;TSLA;05_BE_TRAIL;SELL;ICHIMOKU;18;22759833600;FAST_GENETIC;620980957;RESEARCH;05_US_Stocks_CFD/TSLA/05_BE_TRAIL/SELL_ICHIMOKU.set;9BFC233BC679F5C94C95377530B1580789358811F59AE60E02B23355B921896E
05_US_Stocks_CFD;TSLA;06_REVERSAL_EXIT;BUY;MULTI;21;1669054464000;FAST_GENETIC;694464905;RESEARCH;05_US_Stocks_CFD/TSLA/06_REVERSAL_EXIT/BUY_MULTI.set;8113DF4FA700E798B5B059BD091EDAA328A8F52C7AB2D6A3E318356B970E74C8
05_US_Stocks_CFD;TSLA;06_REVERSAL_EXIT;BUY;ICHIMOKU;20;36415733760;FAST_GENETIC;647101488;RESEARCH;05_US_Stocks_CFD/TSLA/06_REVERSAL_EXIT/BUY_ICHIMOKU.set;46DF278E34B7D0DECFA05DCAB4079B614E8D5E3CBE895B3B183BC4332EC6BF64
05_US_Stocks_CFD;TSLA;06_REVERSAL_EXIT;SELL;MULTI;21;1669054464000;FAST_GENETIC;611848310;RESEARCH;05_US_Stocks_CFD/TSLA/06_REVERSAL_EXIT/SELL_MULTI.set;7BA60F83053645E4B05A13E029D1AF8138389B7F7A3DF2095927C14033A311D4
05_US_Stocks_CFD;TSLA;06_REVERSAL_EXIT;SELL;ICHIMOKU;20;36415733760;FAST_GENETIC;645376911;RESEARCH;05_US_Stocks_CFD/TSLA/06_REVERSAL_EXIT/SELL_ICHIMOKU.set;2FF9362977F7827138C1C77E3DDCBC95B3D8C7074A61244D186D6CE16D7E2D4A
05_US_Stocks_CFD;TSLA;07_GRID_SEPARATE;BUY;MULTI;20;3161410560000;FAST_GENETIC;627577827;HEDGE_ACCOUNT_REQUIRED;05_US_Stocks_CFD/TSLA/07_GRID_SEPARATE/BUY_MULTI.set;BD6F94EC200C300B8D78F7172BC40EBF51EFC5FF6BE49E762C225432A4008D0E
05_US_Stocks_CFD;TSLA;07_GRID_SEPARATE;BUY;ICHIMOKU;19;68976230400;FAST_GENETIC;624157895;HEDGE_ACCOUNT_REQUIRED;05_US_Stocks_CFD/TSLA/07_GRID_SEPARATE/BUY_ICHIMOKU.set;7EAEADF7BE05422E1902377DF8A300B5E07934DA3A13683B28F1C63E937CDE5D
05_US_Stocks_CFD;TSLA;07_GRID_SEPARATE;SELL;MULTI;20;3161410560000;FAST_GENETIC;689881653;HEDGE_ACCOUNT_REQUIRED;05_US_Stocks_CFD/TSLA/07_GRID_SEPARATE/SELL_MULTI.set;9B06450DF74D2E4A9499FDCABA229A319C865FFB6CF1A55F41835E8259191BFA
05_US_Stocks_CFD;TSLA;07_GRID_SEPARATE;SELL;ICHIMOKU;19;68976230400;FAST_GENETIC;644000748;HEDGE_ACCOUNT_REQUIRED;05_US_Stocks_CFD/TSLA/07_GRID_SEPARATE/SELL_ICHIMOKU.set;4567256D9483888157E9A28BBA3A790E3F8497286AC985DE7E636CD658287E4F
05_US_Stocks_CFD;TSLA;08_GRID_UNIFIED;BOTH;MULTI;21;15807052800000;FAST_GENETIC;659720866;HEDGE_ACCOUNT_REQUIRED;05_US_Stocks_CFD/TSLA/08_GRID_UNIFIED/BOTH_MULTI.set;488CA60C0CAE6663F2B5B98F089E5AD406ED983CAC773AFC64F9FB017105B20E
05_US_Stocks_CFD;TSLA;08_GRID_UNIFIED;BOTH;ICHIMOKU;20;344881152000;FAST_GENETIC;669926388;HEDGE_ACCOUNT_REQUIRED;05_US_Stocks_CFD/TSLA/08_GRID_UNIFIED/BOTH_ICHIMOKU.set;4716AFCE3523CE85855EF655E74DB2F419C49522169AD3DBF7E06651FEBC51E9
05_US_Stocks_CFD;TSLA;09_MARTINGALE;BUY;MULTI;21;18359599104000;FAST_GENETIC;624261551;HIGH_RISK;05_US_Stocks_CFD/TSLA/09_MARTINGALE/BUY_MULTI.set;9600EF7D62E9FD2FF5B2F8CC0040D575C8BE7A08B481093C75165B6A475D88DB
05_US_Stocks_CFD;TSLA;09_MARTINGALE;BUY;ICHIMOKU;20;400573071360;FAST_GENETIC;624533634;HIGH_RISK;05_US_Stocks_CFD/TSLA/09_MARTINGALE/BUY_ICHIMOKU.set;489CCD56A50AB39958EE1AA892998CB709BE718D11C17C3B984593FD9365892B
05_US_Stocks_CFD;TSLA;09_MARTINGALE;SELL;MULTI;21;18359599104000;FAST_GENETIC;690345167;HIGH_RISK;05_US_Stocks_CFD/TSLA/09_MARTINGALE/SELL_MULTI.set;1F63696AB9E6001F4A612E7B4F188E5EAEA6BEE5A39CA74C6C6FF74FBF5D8D5D
05_US_Stocks_CFD;TSLA;09_MARTINGALE;SELL;ICHIMOKU;20;400573071360;FAST_GENETIC;654620205;HIGH_RISK;05_US_Stocks_CFD/TSLA/09_MARTINGALE/SELL_ICHIMOKU.set;697A007186ACA0D3461CD5D237AA076D9049D4DD1DE3D493EA94A5FCFF968EC4
05_US_Stocks_CFD;TSLA;10_DALEMBERT;BUY;MULTI;21;13113999360000;FAST_GENETIC;624249283;HIGH_RISK;05_US_Stocks_CFD/TSLA/10_DALEMBERT/BUY_MULTI.set;E134C4AE8682F788E2A195F117986DFC723D3F64AFB74921F384E81E86A85AEF
05_US_Stocks_CFD;TSLA;10_DALEMBERT;BUY;ICHIMOKU;20;286123622400;FAST_GENETIC;684392916;HIGH_RISK;05_US_Stocks_CFD/TSLA/10_DALEMBERT/BUY_ICHIMOKU.set;3443B5D6DA7842C278E271A344E8E3369D0FC774145368719F87AED3C82C121D
05_US_Stocks_CFD;TSLA;10_DALEMBERT;SELL;MULTI;21;13113999360000;FAST_GENETIC;627786868;HIGH_RISK;05_US_Stocks_CFD/TSLA/10_DALEMBERT/SELL_MULTI.set;B3869A99F91980AE2D9E15425CFF91C7875342406FC8CE16DBB62B768FCAFABF
05_US_Stocks_CFD;TSLA;10_DALEMBERT;SELL;ICHIMOKU;20;286123622400;FAST_GENETIC;640371131;HIGH_RISK;05_US_Stocks_CFD/TSLA/10_DALEMBERT/SELL_ICHIMOKU.set;B364780345F286B22CA4078A980F378632E00D6C47CE6FBA1B9277A46BE0A20E
05_US_Stocks_CFD;TSLA;11_SIGNAL_ONLY;BUY;MULTI;16;354816000;FAST_GENETIC;623244462;HIGH_RISK_RESEARCH;05_US_Stocks_CFD/TSLA/11_SIGNAL_ONLY/BUY_MULTI.set;62DEFAC1E7655EF174894FC5978A937DD4797DE6D8CD4F039111B03D095104B2
05_US_Stocks_CFD;TSLA;11_SIGNAL_ONLY;BUY;ICHIMOKU;15;7741440;FAST_GENETIC;678786691;HIGH_RISK_RESEARCH;05_US_Stocks_CFD/TSLA/11_SIGNAL_ONLY/BUY_ICHIMOKU.set;B2EB2F2254F1EE41947775EEF0D009EB53552124FECDD7F8F635F78E21D15D34
05_US_Stocks_CFD;TSLA;11_SIGNAL_ONLY;SELL;MULTI;16;354816000;FAST_GENETIC;627810767;HIGH_RISK_RESEARCH;05_US_Stocks_CFD/TSLA/11_SIGNAL_ONLY/SELL_MULTI.set;26DC9EA5F8C28F2B6F9040BBAD4233554E68F95DB7B4FB1E994E575376AF51E0
05_US_Stocks_CFD;TSLA;11_SIGNAL_ONLY;SELL;ICHIMOKU;15;7741440;FAST_GENETIC;617258045;HIGH_RISK_RESEARCH;05_US_Stocks_CFD/TSLA/11_SIGNAL_ONLY/SELL_ICHIMOKU.set;E2EB92AFC6E67E5E62FFFC3E992FD8B8555075CE37E05DC36D0A1F69E2BBB15E
05_US_Stocks_CFD;UPS;01_SLTP;BUY;MULTI;19;655699968000;FAST_GENETIC;661770081;RESEARCH;05_US_Stocks_CFD/UPS/01_SLTP/BUY_MULTI.set;252387A308A6224E0773C76384A1A8F6D971A456F0EAFF35948EC0BE0CF133EE
05_US_Stocks_CFD;UPS;01_SLTP;BUY;ICHIMOKU;18;14306181120;FAST_GENETIC;677802359;RESEARCH;05_US_Stocks_CFD/UPS/01_SLTP/BUY_ICHIMOKU.set;30E413DBCB91EFE50F74AC02174303E6065E33DDDAB6B0F7B91008ABD9C314D8
05_US_Stocks_CFD;UPS;01_SLTP;SELL;MULTI;19;655699968000;FAST_GENETIC;636949880;RESEARCH;05_US_Stocks_CFD/UPS/01_SLTP/SELL_MULTI.set;3DA88BA15FEE3E1462FC4AA229A467F423830E18EDD013518D6298EE0334735E
05_US_Stocks_CFD;UPS;01_SLTP;SELL;ICHIMOKU;18;14306181120;FAST_GENETIC;668911403;RESEARCH;05_US_Stocks_CFD/UPS/01_SLTP/SELL_ICHIMOKU.set;85F185AD346FCDC3FB0EB7D60AF58B23C57D930651E5871585E6DF6649589CDE
05_US_Stocks_CFD;UPS;02_SLTP_ORGANIC;BUY;MULTI;19;655699968000;FAST_GENETIC;682268653;RESEARCH;05_US_Stocks_CFD/UPS/02_SLTP_ORGANIC/BUY_MULTI.set;21274B5A9CEB715CCE31D4B673987701A7AD2C45614EBF64083D6475BC4D51B7
05_US_Stocks_CFD;UPS;02_SLTP_ORGANIC;BUY;ICHIMOKU;18;14306181120;FAST_GENETIC;672548150;RESEARCH;05_US_Stocks_CFD/UPS/02_SLTP_ORGANIC/BUY_ICHIMOKU.set;CD54092F8F2020C411E006501DCE5B1A3065207A4CF0AC450C3B2AE23CB0D506
05_US_Stocks_CFD;UPS;02_SLTP_ORGANIC;SELL;MULTI;19;655699968000;FAST_GENETIC;630748057;RESEARCH;05_US_Stocks_CFD/UPS/02_SLTP_ORGANIC/SELL_MULTI.set;02FC9AFB35D65FDD7E6B14364E850C7D85DE19AF79015023888EB696E03F62CF
05_US_Stocks_CFD;UPS;02_SLTP_ORGANIC;SELL;ICHIMOKU;18;14306181120;FAST_GENETIC;670720173;RESEARCH;05_US_Stocks_CFD/UPS/02_SLTP_ORGANIC/SELL_ICHIMOKU.set;A85D9FFCB25F5E83D5B9F5E16AAFBB12E97A5499AEDD299EDE94530C7C6EE643
05_US_Stocks_CFD;UPS;03_TRAIL_ONLY;BUY;MULTI;20;2086318080000;FAST_GENETIC;612879403;RESEARCH;05_US_Stocks_CFD/UPS/03_TRAIL_ONLY/BUY_MULTI.set;5CF2AA3866D82290E80327D34760FDC71E73AFF5BD852C124BA473D260C502D7
05_US_Stocks_CFD;UPS;03_TRAIL_ONLY;BUY;ICHIMOKU;19;45519667200;FAST_GENETIC;661143471;RESEARCH;05_US_Stocks_CFD/UPS/03_TRAIL_ONLY/BUY_ICHIMOKU.set;33FFE197798357F23E6C2B7449B5AF888D2D44205E28F666F56A2EE70D8DEDCD
05_US_Stocks_CFD;UPS;03_TRAIL_ONLY;SELL;MULTI;20;2086318080000;FAST_GENETIC;653268423;RESEARCH;05_US_Stocks_CFD/UPS/03_TRAIL_ONLY/SELL_MULTI.set;DDFA577C1525D62FDFAC9E5EE2DF930232D3F19A0285F887B2DDF3190AB36198
05_US_Stocks_CFD;UPS;03_TRAIL_ONLY;SELL;ICHIMOKU;19;45519667200;FAST_GENETIC;671675480;RESEARCH;05_US_Stocks_CFD/UPS/03_TRAIL_ONLY/SELL_ICHIMOKU.set;C916F06F5EADAFB2B3C92C42C49C66176F1B139B813A1648276CFEABC88B8215
05_US_Stocks_CFD;UPS;04_SLTP_TRAIL;BUY;MULTI;20;9179799552000;FAST_GENETIC;619700324;RESEARCH;05_US_Stocks_CFD/UPS/04_SLTP_TRAIL/BUY_MULTI.set;F181222BD145EABDBC2D0A0F4508318AE93C8D3DEC47A066BCF194ACF52F5106
05_US_Stocks_CFD;UPS;04_SLTP_TRAIL;BUY;ICHIMOKU;19;200286535680;FAST_GENETIC;654436848;RESEARCH;05_US_Stocks_CFD/UPS/04_SLTP_TRAIL/BUY_ICHIMOKU.set;BECE1B405D23F11883BF96A0B74B939BFF5149DE72AF0126C6016458DF9A7330
05_US_Stocks_CFD;UPS;04_SLTP_TRAIL;SELL;MULTI;20;9179799552000;FAST_GENETIC;646465438;RESEARCH;05_US_Stocks_CFD/UPS/04_SLTP_TRAIL/SELL_MULTI.set;0A11B2282EE1167EAD846C742E0694AE1FB1C377795BF253C51E3C7AB56EB54E
05_US_Stocks_CFD;UPS;04_SLTP_TRAIL;SELL;ICHIMOKU;19;200286535680;FAST_GENETIC;695619949;RESEARCH;05_US_Stocks_CFD/UPS/04_SLTP_TRAIL/SELL_ICHIMOKU.set;95DAFBA926CFE3F08C78B13916C5646536994D86C79FB4F9AFA0415AF7585583
05_US_Stocks_CFD;UPS;05_BE_TRAIL;BUY;MULTI;19;1043159040000;FAST_GENETIC;697821394;RESEARCH;05_US_Stocks_CFD/UPS/05_BE_TRAIL/BUY_MULTI.set;A1C4610306CF61B49554575BA44838765018BEFF18DBF4B913B98036316AC4AE
05_US_Stocks_CFD;UPS;05_BE_TRAIL;BUY;ICHIMOKU;18;22759833600;FAST_GENETIC;662507663;RESEARCH;05_US_Stocks_CFD/UPS/05_BE_TRAIL/BUY_ICHIMOKU.set;1194CC5D5FC4C7C1170555958A360A0D8335EF7532FCEA3AEAA563E7AB27087E
05_US_Stocks_CFD;UPS;05_BE_TRAIL;SELL;MULTI;19;1043159040000;FAST_GENETIC;675733584;RESEARCH;05_US_Stocks_CFD/UPS/05_BE_TRAIL/SELL_MULTI.set;75F3E34E3A87ADD859FFD0DF0DB7867BDB0E4D245267E3814A8CD9F82C2D5C76
05_US_Stocks_CFD;UPS;05_BE_TRAIL;SELL;ICHIMOKU;18;22759833600;FAST_GENETIC;658352192;RESEARCH;05_US_Stocks_CFD/UPS/05_BE_TRAIL/SELL_ICHIMOKU.set;8571AA2A8622EC48E349D11B102DF4C03A7790B7083B1DD939AEC29C60DE92C1
05_US_Stocks_CFD;UPS;06_REVERSAL_EXIT;BUY;MULTI;21;1669054464000;FAST_GENETIC;699185330;RESEARCH;05_US_Stocks_CFD/UPS/06_REVERSAL_EXIT/BUY_MULTI.set;F449E79A5FE9C4FF7D26D8A5CE03AE53578DE9B27FE1424FB3B56D9B6B6503A6
05_US_Stocks_CFD;UPS;06_REVERSAL_EXIT;BUY;ICHIMOKU;20;36415733760;FAST_GENETIC;680978612;RESEARCH;05_US_Stocks_CFD/UPS/06_REVERSAL_EXIT/BUY_ICHIMOKU.set;6926449A0872366F6562991851C80A19121BDC4305A8F79D957DA90DFFE06F9C
05_US_Stocks_CFD;UPS;06_REVERSAL_EXIT;SELL;MULTI;21;1669054464000;FAST_GENETIC;695138865;RESEARCH;05_US_Stocks_CFD/UPS/06_REVERSAL_EXIT/SELL_MULTI.set;9CFF260D3302A62DBBB0CBFD7BA5F9570DB8D68C87B88FC3B38F0F0E9669D698
05_US_Stocks_CFD;UPS;06_REVERSAL_EXIT;SELL;ICHIMOKU;20;36415733760;FAST_GENETIC;650654602;RESEARCH;05_US_Stocks_CFD/UPS/06_REVERSAL_EXIT/SELL_ICHIMOKU.set;D0B643CE705D0E41DE2694BCB4E1425F51B63E0754EED2C5B1D3370842889C1B
05_US_Stocks_CFD;UPS;07_GRID_SEPARATE;BUY;MULTI;20;3161410560000;FAST_GENETIC;628502743;HEDGE_ACCOUNT_REQUIRED;05_US_Stocks_CFD/UPS/07_GRID_SEPARATE/BUY_MULTI.set;6E5D4721D5953D5ACB5617AC62E1617064B90B348A2C19984A446E7DC5EC8E1D
05_US_Stocks_CFD;UPS;07_GRID_SEPARATE;BUY;ICHIMOKU;19;68976230400;FAST_GENETIC;657865323;HEDGE_ACCOUNT_REQUIRED;05_US_Stocks_CFD/UPS/07_GRID_SEPARATE/BUY_ICHIMOKU.set;ADFC2958D3AB6A7604D6337C98C3ED5280A8F6B8246F7B6D1A30AE7606FD4609
05_US_Stocks_CFD;UPS;07_GRID_SEPARATE;SELL;MULTI;20;3161410560000;FAST_GENETIC;653198224;HEDGE_ACCOUNT_REQUIRED;05_US_Stocks_CFD/UPS/07_GRID_SEPARATE/SELL_MULTI.set;2E78369D69FD7855F0D3A17377B98CEE092BC0D629775BA738FC10C6FF735546
05_US_Stocks_CFD;UPS;07_GRID_SEPARATE;SELL;ICHIMOKU;19;68976230400;FAST_GENETIC;696790545;HEDGE_ACCOUNT_REQUIRED;05_US_Stocks_CFD/UPS/07_GRID_SEPARATE/SELL_ICHIMOKU.set;77C865AE3F9B37252074A8233297C37DA26A1C2A1D0E1FAF426905AEB9586A5B
05_US_Stocks_CFD;UPS;08_GRID_UNIFIED;BOTH;MULTI;21;15807052800000;FAST_GENETIC;617590005;HEDGE_ACCOUNT_REQUIRED;05_US_Stocks_CFD/UPS/08_GRID_UNIFIED/BOTH_MULTI.set;B28F0D78499DCE93108C881D82241A66C56DD7A00B4B6ABC9535EFFD88FE238E
05_US_Stocks_CFD;UPS;08_GRID_UNIFIED;BOTH;ICHIMOKU;20;344881152000;FAST_GENETIC;656604618;HEDGE_ACCOUNT_REQUIRED;05_US_Stocks_CFD/UPS/08_GRID_UNIFIED/BOTH_ICHIMOKU.set;369F285842399A3B12CA3E0A3540F25E548780A03A71816B131FFFD7B09DB98B
05_US_Stocks_CFD;UPS;09_MARTINGALE;BUY;MULTI;21;18359599104000;FAST_GENETIC;690089130;HIGH_RISK;05_US_Stocks_CFD/UPS/09_MARTINGALE/BUY_MULTI.set;5CCEC48888277E9FDD0AEE81070B02A32D8FB22A1EA346743E207B3A36535AAA
05_US_Stocks_CFD;UPS;09_MARTINGALE;BUY;ICHIMOKU;20;400573071360;FAST_GENETIC;686742001;HIGH_RISK;05_US_Stocks_CFD/UPS/09_MARTINGALE/BUY_ICHIMOKU.set;4CE897F6102F1AF15056D3024B41160D8B13C0A5556830A807EEDE87FFFED8D7
05_US_Stocks_CFD;UPS;09_MARTINGALE;SELL;MULTI;21;18359599104000;FAST_GENETIC;650991157;HIGH_RISK;05_US_Stocks_CFD/UPS/09_MARTINGALE/SELL_MULTI.set;B40D05D2A7F7833C942E4BEE4DD599BC965179AAA0ABEAB96F0A5DD2B3572B03
05_US_Stocks_CFD;UPS;09_MARTINGALE;SELL;ICHIMOKU;20;400573071360;FAST_GENETIC;653655768;HIGH_RISK;05_US_Stocks_CFD/UPS/09_MARTINGALE/SELL_ICHIMOKU.set;7AEC186AA0EB83031E263BCC31CA61F12D3727EC59B7EA7733FCA0C5CDB25235
05_US_Stocks_CFD;UPS;10_DALEMBERT;BUY;MULTI;21;13113999360000;FAST_GENETIC;689609526;HIGH_RISK;05_US_Stocks_CFD/UPS/10_DALEMBERT/BUY_MULTI.set;0EE388C7A56F931E9ACFD79CD3D322E8C5DD541E8269744210F515818B0BD229
05_US_Stocks_CFD;UPS;10_DALEMBERT;BUY;ICHIMOKU;20;286123622400;FAST_GENETIC;653975281;HIGH_RISK;05_US_Stocks_CFD/UPS/10_DALEMBERT/BUY_ICHIMOKU.set;B4A25EADDB33DA3EB6459C70C1439060199911F8D26A6669FE89C468454F6970
05_US_Stocks_CFD;UPS;10_DALEMBERT;SELL;MULTI;21;13113999360000;FAST_GENETIC;674026271;HIGH_RISK;05_US_Stocks_CFD/UPS/10_DALEMBERT/SELL_MULTI.set;915D2C3BFB7EEA19DED73F24DFBB954F12EFD2C71710F575E35E56EC36A6A533
05_US_Stocks_CFD;UPS;10_DALEMBERT;SELL;ICHIMOKU;20;286123622400;FAST_GENETIC;695481494;HIGH_RISK;05_US_Stocks_CFD/UPS/10_DALEMBERT/SELL_ICHIMOKU.set;93677E809C3BB3C921E5A94E413EAA2F9B0C7117C4D6CE5B7405EC78B2BF1882
05_US_Stocks_CFD;UPS;11_SIGNAL_ONLY;BUY;MULTI;16;354816000;FAST_GENETIC;687512458;HIGH_RISK_RESEARCH;05_US_Stocks_CFD/UPS/11_SIGNAL_ONLY/BUY_MULTI.set;6E16FB5D625742A50FA828FD9A83D3F66FA9902D00AC51C3792B6A63B60549E3
05_US_Stocks_CFD;UPS;11_SIGNAL_ONLY;BUY;ICHIMOKU;15;7741440;FAST_GENETIC;693691479;HIGH_RISK_RESEARCH;05_US_Stocks_CFD/UPS/11_SIGNAL_ONLY/BUY_ICHIMOKU.set;46EF4126DFE8DA1D292098D706C69D2E699B3BAA8558AE3D29EBB50FE4483DCE
05_US_Stocks_CFD;UPS;11_SIGNAL_ONLY;SELL;MULTI;16;354816000;FAST_GENETIC;617417529;HIGH_RISK_RESEARCH;05_US_Stocks_CFD/UPS/11_SIGNAL_ONLY/SELL_MULTI.set;9805F27F48498A11C203DC96DD9A1D09192875750767E0142D2284BF6354CCF8
05_US_Stocks_CFD;UPS;11_SIGNAL_ONLY;SELL;ICHIMOKU;15;7741440;FAST_GENETIC;695745882;HIGH_RISK_RESEARCH;05_US_Stocks_CFD/UPS/11_SIGNAL_ONLY/SELL_ICHIMOKU.set;0E32EC1A4F654024BC888367E368E908A0282388CF3A9597A0CAA15341871737
05_US_Stocks_CFD;V;01_SLTP;BUY;MULTI;19;655699968000;FAST_GENETIC;633185273;RESEARCH;05_US_Stocks_CFD/V/01_SLTP/BUY_MULTI.set;63AA09D1ADDF4D77AE4AD6ED8C8597503A0410BA2EE1609C912EB6903FB3E047
05_US_Stocks_CFD;V;01_SLTP;BUY;ICHIMOKU;18;14306181120;FAST_GENETIC;672491281;RESEARCH;05_US_Stocks_CFD/V/01_SLTP/BUY_ICHIMOKU.set;C376B75E9693C6CD95C4D009DA58F749C159D7EB0D43C7E96E4630D603F72D33
05_US_Stocks_CFD;V;01_SLTP;SELL;MULTI;19;655699968000;FAST_GENETIC;683621036;RESEARCH;05_US_Stocks_CFD/V/01_SLTP/SELL_MULTI.set;7A454E1DDD103E965AE3BFD21B20B0B031049C87CFAEF9F0CB149849547CDE09
05_US_Stocks_CFD;V;01_SLTP;SELL;ICHIMOKU;18;14306181120;FAST_GENETIC;644752654;RESEARCH;05_US_Stocks_CFD/V/01_SLTP/SELL_ICHIMOKU.set;A211EB6B59520C81F478E21834A06D87D4CD886F1387877E1E7F5909036DADA1
05_US_Stocks_CFD;V;02_SLTP_ORGANIC;BUY;MULTI;19;655699968000;FAST_GENETIC;681813850;RESEARCH;05_US_Stocks_CFD/V/02_SLTP_ORGANIC/BUY_MULTI.set;8CBF1C30354E52C7304403F79DA38ADF8845B5DCA76A116BE79ADD7DB7108BD2
05_US_Stocks_CFD;V;02_SLTP_ORGANIC;BUY;ICHIMOKU;18;14306181120;FAST_GENETIC;683273538;RESEARCH;05_US_Stocks_CFD/V/02_SLTP_ORGANIC/BUY_ICHIMOKU.set;94D96EA1D5A5912B2F155A22CFE6ED4CC5943106E168AE4627C8B30086FC0B20
05_US_Stocks_CFD;V;02_SLTP_ORGANIC;SELL;MULTI;19;655699968000;FAST_GENETIC;622147499;RESEARCH;05_US_Stocks_CFD/V/02_SLTP_ORGANIC/SELL_MULTI.set;A34BECD3BA2C0E15B83D10B4285327E67103C11C440D5A3318CD5C366EAD29BA
05_US_Stocks_CFD;V;02_SLTP_ORGANIC;SELL;ICHIMOKU;18;14306181120;FAST_GENETIC;673778262;RESEARCH;05_US_Stocks_CFD/V/02_SLTP_ORGANIC/SELL_ICHIMOKU.set;FC25A3E27048A18BF52DE931379056682AA4569B71CA51FFAD5BAF9BABA57651
05_US_Stocks_CFD;V;03_TRAIL_ONLY;BUY;MULTI;20;2086318080000;FAST_GENETIC;697469553;RESEARCH;05_US_Stocks_CFD/V/03_TRAIL_ONLY/BUY_MULTI.set;77AA42E2CD021454BAFC60E7F4BB1E922FD29A8B72BBAA684888931EE46CAAB6
05_US_Stocks_CFD;V;03_TRAIL_ONLY;BUY;ICHIMOKU;19;45519667200;FAST_GENETIC;648750772;RESEARCH;05_US_Stocks_CFD/V/03_TRAIL_ONLY/BUY_ICHIMOKU.set;0C7F0590148BF569B456A6BFA16F564808B734DDB0ED0EF2CE3DDD49B625F424
05_US_Stocks_CFD;V;03_TRAIL_ONLY;SELL;MULTI;20;2086318080000;FAST_GENETIC;631808071;RESEARCH;05_US_Stocks_CFD/V/03_TRAIL_ONLY/SELL_MULTI.set;1405BAAE175042B43452B7BB1A4F8C1EF4E679B25062A469F5881EB7BA490604
05_US_Stocks_CFD;V;03_TRAIL_ONLY;SELL;ICHIMOKU;19;45519667200;FAST_GENETIC;617739969;RESEARCH;05_US_Stocks_CFD/V/03_TRAIL_ONLY/SELL_ICHIMOKU.set;70370EF9A790919626B3267FA26F727AB9E3F2B0FC199E95398A6BFB1115DD24
05_US_Stocks_CFD;V;04_SLTP_TRAIL;BUY;MULTI;20;9179799552000;FAST_GENETIC;658866147;RESEARCH;05_US_Stocks_CFD/V/04_SLTP_TRAIL/BUY_MULTI.set;95A23FCB79C9E02B148652D67CD1F2C563B764F2B153255A8FED79A9521D168E
05_US_Stocks_CFD;V;04_SLTP_TRAIL;BUY;ICHIMOKU;19;200286535680;FAST_GENETIC;625230488;RESEARCH;05_US_Stocks_CFD/V/04_SLTP_TRAIL/BUY_ICHIMOKU.set;F96966770421073A9F024FBB2F7DD48CA89D6B84D65CC843EBB50ACD88A0DD0A
05_US_Stocks_CFD;V;04_SLTP_TRAIL;SELL;MULTI;20;9179799552000;FAST_GENETIC;660910769;RESEARCH;05_US_Stocks_CFD/V/04_SLTP_TRAIL/SELL_MULTI.set;232D2B84AD4F3594607BED9C33E8C7ADBABBA1E452577C839DBB31D638C2AACB
05_US_Stocks_CFD;V;04_SLTP_TRAIL;SELL;ICHIMOKU;19;200286535680;FAST_GENETIC;626181395;RESEARCH;05_US_Stocks_CFD/V/04_SLTP_TRAIL/SELL_ICHIMOKU.set;BC920F6BEC8B32EEC8CBF7DEFCF166999E98F9DE57AF0DA90BF233FF417B5080
05_US_Stocks_CFD;V;05_BE_TRAIL;BUY;MULTI;19;1043159040000;FAST_GENETIC;694639591;RESEARCH;05_US_Stocks_CFD/V/05_BE_TRAIL/BUY_MULTI.set;3918C8C1E11430A5FEC168011C1940A51DBE1D1BE809E52802AD1CA1E1339B81
05_US_Stocks_CFD;V;05_BE_TRAIL;BUY;ICHIMOKU;18;22759833600;FAST_GENETIC;659424960;RESEARCH;05_US_Stocks_CFD/V/05_BE_TRAIL/BUY_ICHIMOKU.set;8153B54809CB0D0583BF20D0CCDAA6030DD1891281F6E024A0594F4BB4345770
05_US_Stocks_CFD;V;05_BE_TRAIL;SELL;MULTI;19;1043159040000;FAST_GENETIC;686393536;RESEARCH;05_US_Stocks_CFD/V/05_BE_TRAIL/SELL_MULTI.set;01C2B25AF281B35DF829555A16B496BCDE24DBCD9A022B8891582F422CA00A3B
05_US_Stocks_CFD;V;05_BE_TRAIL;SELL;ICHIMOKU;18;22759833600;FAST_GENETIC;656515915;RESEARCH;05_US_Stocks_CFD/V/05_BE_TRAIL/SELL_ICHIMOKU.set;51149782E1944799E84E7A31830E06A6A4BED05B6113740A0A4FCD6204B1A118
05_US_Stocks_CFD;V;06_REVERSAL_EXIT;BUY;MULTI;21;1669054464000;FAST_GENETIC;686885444;RESEARCH;05_US_Stocks_CFD/V/06_REVERSAL_EXIT/BUY_MULTI.set;7C33F97F07DC4535EFF4ED6A350267B14A090BB53968FDBF7E50A1A4F39D402A
05_US_Stocks_CFD;V;06_REVERSAL_EXIT;BUY;ICHIMOKU;20;36415733760;FAST_GENETIC;687661465;RESEARCH;05_US_Stocks_CFD/V/06_REVERSAL_EXIT/BUY_ICHIMOKU.set;DC4D6EE291D6C1E5D08C8834111A7DD55D66004E65EC476946294C27F15D8CB3
05_US_Stocks_CFD;V;06_REVERSAL_EXIT;SELL;MULTI;21;1669054464000;FAST_GENETIC;626039842;RESEARCH;05_US_Stocks_CFD/V/06_REVERSAL_EXIT/SELL_MULTI.set;2B0E79D75116CEC104A918EAECEC2975C3E77E1517E5F13C664E156B28F16079
05_US_Stocks_CFD;V;06_REVERSAL_EXIT;SELL;ICHIMOKU;20;36415733760;FAST_GENETIC;681412169;RESEARCH;05_US_Stocks_CFD/V/06_REVERSAL_EXIT/SELL_ICHIMOKU.set;9C098D3B9CFFFC760AD6D1363D20C8FCE90407BE7422CF55B0A1F37F8162FAE6
05_US_Stocks_CFD;V;07_GRID_SEPARATE;BUY;MULTI;20;3161410560000;FAST_GENETIC;620288815;HEDGE_ACCOUNT_REQUIRED;05_US_Stocks_CFD/V/07_GRID_SEPARATE/BUY_MULTI.set;771C206F273351B939475708C1B10D11A573EBEDFFC9E27736EFFA43DBCE2907
05_US_Stocks_CFD;V;07_GRID_SEPARATE;BUY;ICHIMOKU;19;68976230400;FAST_GENETIC;631093333;HEDGE_ACCOUNT_REQUIRED;05_US_Stocks_CFD/V/07_GRID_SEPARATE/BUY_ICHIMOKU.set;32B0DBA2AF20EA04C65A9E4B4AC727E85DED43E3088D3E47BC3BC2224CC6C275
05_US_Stocks_CFD;V;07_GRID_SEPARATE;SELL;MULTI;20;3161410560000;FAST_GENETIC;646471418;HEDGE_ACCOUNT_REQUIRED;05_US_Stocks_CFD/V/07_GRID_SEPARATE/SELL_MULTI.set;98B7CC47430039E28CC32DB13D56A03F4BFED36015CEDA3062C38F012FACC9BB
05_US_Stocks_CFD;V;07_GRID_SEPARATE;SELL;ICHIMOKU;19;68976230400;FAST_GENETIC;648830675;HEDGE_ACCOUNT_REQUIRED;05_US_Stocks_CFD/V/07_GRID_SEPARATE/SELL_ICHIMOKU.set;C4E5A3ADFAF4890BD05DF1B5D12A8BE3F32791F84A4338AB37B3D4B543762392
05_US_Stocks_CFD;V;08_GRID_UNIFIED;BOTH;MULTI;21;15807052800000;FAST_GENETIC;656623135;HEDGE_ACCOUNT_REQUIRED;05_US_Stocks_CFD/V/08_GRID_UNIFIED/BOTH_MULTI.set;D336355282C82003946D92AA4C2DA257E7867049D66DC82DBE26015005B96B08
05_US_Stocks_CFD;V;08_GRID_UNIFIED;BOTH;ICHIMOKU;20;344881152000;FAST_GENETIC;626582357;HEDGE_ACCOUNT_REQUIRED;05_US_Stocks_CFD/V/08_GRID_UNIFIED/BOTH_ICHIMOKU.set;E115B1C42AE439229640D2BD1A39150FEFAF23E620F3DBC303BE9BEBD266435C
05_US_Stocks_CFD;V;09_MARTINGALE;BUY;MULTI;21;18359599104000;FAST_GENETIC;671507524;HIGH_RISK;05_US_Stocks_CFD/V/09_MARTINGALE/BUY_MULTI.set;1BD21DFB8FBA637A7045569EC48D5853CF76D7CEB4783C3E0BF7E6E080C8DC31
05_US_Stocks_CFD;V;09_MARTINGALE;BUY;ICHIMOKU;20;400573071360;FAST_GENETIC;684185959;HIGH_RISK;05_US_Stocks_CFD/V/09_MARTINGALE/BUY_ICHIMOKU.set;E66549E215C1678366B091E585C5A54B9F1A2AFA4458B98520E8FF2CE6450267
05_US_Stocks_CFD;V;09_MARTINGALE;SELL;MULTI;21;18359599104000;FAST_GENETIC;649431390;HIGH_RISK;05_US_Stocks_CFD/V/09_MARTINGALE/SELL_MULTI.set;5EC32E6AAC629E0F7AD79A9ABAF4571BBF287C71EA7782BAD09869378B558600
05_US_Stocks_CFD;V;09_MARTINGALE;SELL;ICHIMOKU;20;400573071360;FAST_GENETIC;639529013;HIGH_RISK;05_US_Stocks_CFD/V/09_MARTINGALE/SELL_ICHIMOKU.set;E2B57D87C45CE321689D451B678271C3F190130623B9F0C415D6724438CDC8C2
05_US_Stocks_CFD;V;10_DALEMBERT;BUY;MULTI;21;13113999360000;FAST_GENETIC;689228989;HIGH_RISK;05_US_Stocks_CFD/V/10_DALEMBERT/BUY_MULTI.set;5884B7DCF7F26C05B8DD390CB2865D498F7DDA2FBD34B06510F59FE986C18292
05_US_Stocks_CFD;V;10_DALEMBERT;BUY;ICHIMOKU;20;286123622400;FAST_GENETIC;620758705;HIGH_RISK;05_US_Stocks_CFD/V/10_DALEMBERT/BUY_ICHIMOKU.set;7B8F32505885D4CB196FDC6D77CA28C8D56A4180EC5595D591CF51DB1EB72A70
05_US_Stocks_CFD;V;10_DALEMBERT;SELL;MULTI;21;13113999360000;FAST_GENETIC;632246807;HIGH_RISK;05_US_Stocks_CFD/V/10_DALEMBERT/SELL_MULTI.set;2E98AF041B421880672EC813249D2CB5BD4A447F3DFA11D1A41C4F864D356854
05_US_Stocks_CFD;V;10_DALEMBERT;SELL;ICHIMOKU;20;286123622400;FAST_GENETIC;678525901;HIGH_RISK;05_US_Stocks_CFD/V/10_DALEMBERT/SELL_ICHIMOKU.set;698C2BE293A842153C68DC65E134AA2E4B3250723CE2AAEE49C70B7AD88B4422
05_US_Stocks_CFD;V;11_SIGNAL_ONLY;BUY;MULTI;16;354816000;FAST_GENETIC;684958252;HIGH_RISK_RESEARCH;05_US_Stocks_CFD/V/11_SIGNAL_ONLY/BUY_MULTI.set;1031D5E45086E06281D352A9BC29BF0E4FD444BE7634889BD576C3E40DE0EDE2
05_US_Stocks_CFD;V;11_SIGNAL_ONLY;BUY;ICHIMOKU;15;7741440;FAST_GENETIC;658441760;HIGH_RISK_RESEARCH;05_US_Stocks_CFD/V/11_SIGNAL_ONLY/BUY_ICHIMOKU.set;18B2B55135C8822EE4197B9057E671E312AECE5C7DF5C04E27E078B0FF1368B8
05_US_Stocks_CFD;V;11_SIGNAL_ONLY;SELL;MULTI;16;354816000;FAST_GENETIC;662387124;HIGH_RISK_RESEARCH;05_US_Stocks_CFD/V/11_SIGNAL_ONLY/SELL_MULTI.set;9047AE2BC68BA1D832C48FE8C0F7F1B9B2021536CB885F4733D875B217800CE0
05_US_Stocks_CFD;V;11_SIGNAL_ONLY;SELL;ICHIMOKU;15;7741440;FAST_GENETIC;678657549;HIGH_RISK_RESEARCH;05_US_Stocks_CFD/V/11_SIGNAL_ONLY/SELL_ICHIMOKU.set;E667EC3FF37F6355977215D922551098B17022005B6FDA0D77FA677B62FAD241
05_US_Stocks_CFD;VZ;01_SLTP;BUY;MULTI;19;655699968000;FAST_GENETIC;654529399;RESEARCH;05_US_Stocks_CFD/VZ/01_SLTP/BUY_MULTI.set;13F7E2672BCA023808F68375C14E36624646B46B39FD5D3F2E0A26519903D219
05_US_Stocks_CFD;VZ;01_SLTP;BUY;ICHIMOKU;18;14306181120;FAST_GENETIC;661855667;RESEARCH;05_US_Stocks_CFD/VZ/01_SLTP/BUY_ICHIMOKU.set;282E834B009114131D85F316D547EA43FC3B9B15DB908AA8649292EA8602FF86
05_US_Stocks_CFD;VZ;01_SLTP;SELL;MULTI;19;655699968000;FAST_GENETIC;656095860;RESEARCH;05_US_Stocks_CFD/VZ/01_SLTP/SELL_MULTI.set;AB6CE1ABD3A48A8C7BEE025962930C4379B2131526EF0E27BC7CD519706F0DA7
05_US_Stocks_CFD;VZ;01_SLTP;SELL;ICHIMOKU;18;14306181120;FAST_GENETIC;652370171;RESEARCH;05_US_Stocks_CFD/VZ/01_SLTP/SELL_ICHIMOKU.set;958E506E55937F695CB5DC0E7B050B8D9456789CE4649CBFE5EF09A7C565A3CE
05_US_Stocks_CFD;VZ;02_SLTP_ORGANIC;BUY;MULTI;19;655699968000;FAST_GENETIC;688661499;RESEARCH;05_US_Stocks_CFD/VZ/02_SLTP_ORGANIC/BUY_MULTI.set;832EDE315DA1920E6CFB13167A2256B4BECD006913A43F9DFEAD6B76D96D28E8
05_US_Stocks_CFD;VZ;02_SLTP_ORGANIC;BUY;ICHIMOKU;18;14306181120;FAST_GENETIC;610524872;RESEARCH;05_US_Stocks_CFD/VZ/02_SLTP_ORGANIC/BUY_ICHIMOKU.set;0B45E74F8E0BF69A4653965C5CDA539190697E1281CA407F542A0242AB35B389
05_US_Stocks_CFD;VZ;02_SLTP_ORGANIC;SELL;MULTI;19;655699968000;FAST_GENETIC;633159676;RESEARCH;05_US_Stocks_CFD/VZ/02_SLTP_ORGANIC/SELL_MULTI.set;31A44755EB01707E0626DBDF9AAD194A9AA2869181C585B4E132E25E42061E39
05_US_Stocks_CFD;VZ;02_SLTP_ORGANIC;SELL;ICHIMOKU;18;14306181120;FAST_GENETIC;610267304;RESEARCH;05_US_Stocks_CFD/VZ/02_SLTP_ORGANIC/SELL_ICHIMOKU.set;3B15194EDDF810CB5894F52606ED803EBEBFBB1795C59F9C94DE00D2A2A315AC
05_US_Stocks_CFD;VZ;03_TRAIL_ONLY;BUY;MULTI;20;2086318080000;FAST_GENETIC;634426614;RESEARCH;05_US_Stocks_CFD/VZ/03_TRAIL_ONLY/BUY_MULTI.set;CF506447B67E74B15E659C369586C3E47728044322963DCF3E4633D96D9A272E
05_US_Stocks_CFD;VZ;03_TRAIL_ONLY;BUY;ICHIMOKU;19;45519667200;FAST_GENETIC;622645108;RESEARCH;05_US_Stocks_CFD/VZ/03_TRAIL_ONLY/BUY_ICHIMOKU.set;F0857DE432BE2936F16BE7FDE34421F6C52726E7E8B4E87706EF154BA4264092
05_US_Stocks_CFD;VZ;03_TRAIL_ONLY;SELL;MULTI;20;2086318080000;FAST_GENETIC;670755559;RESEARCH;05_US_Stocks_CFD/VZ/03_TRAIL_ONLY/SELL_MULTI.set;FBF2E537A08239CB3623AE52FB57D5A56948CC85C1FF094A21C6C29AB65FB629
05_US_Stocks_CFD;VZ;03_TRAIL_ONLY;SELL;ICHIMOKU;19;45519667200;FAST_GENETIC;627229680;RESEARCH;05_US_Stocks_CFD/VZ/03_TRAIL_ONLY/SELL_ICHIMOKU.set;4BFF121E6E1CC21D0D7E711CA06DB2A6D1E3A7BB3B743057414F03C887F281D0
05_US_Stocks_CFD;VZ;04_SLTP_TRAIL;BUY;MULTI;20;9179799552000;FAST_GENETIC;652743389;RESEARCH;05_US_Stocks_CFD/VZ/04_SLTP_TRAIL/BUY_MULTI.set;E31274460BC47470699A813AF2BB453510B0420F32C7BFCC8FC03D21C976A7E6
05_US_Stocks_CFD;VZ;04_SLTP_TRAIL;BUY;ICHIMOKU;19;200286535680;FAST_GENETIC;651165719;RESEARCH;05_US_Stocks_CFD/VZ/04_SLTP_TRAIL/BUY_ICHIMOKU.set;CE13FBAAC84994A26D7B14EA50A146C7964A181EE7A784BB9D348075E870C7C1
05_US_Stocks_CFD;VZ;04_SLTP_TRAIL;SELL;MULTI;20;9179799552000;FAST_GENETIC;675517354;RESEARCH;05_US_Stocks_CFD/VZ/04_SLTP_TRAIL/SELL_MULTI.set;2D595AC3F97D21DE6C08D36397568F72B681E3D9DA0191DA7CF3C40A24565D52
05_US_Stocks_CFD;VZ;04_SLTP_TRAIL;SELL;ICHIMOKU;19;200286535680;FAST_GENETIC;618158858;RESEARCH;05_US_Stocks_CFD/VZ/04_SLTP_TRAIL/SELL_ICHIMOKU.set;2B7E1D5B7D3DCEC2EC0E794C4A575EDB17F25A1C49EB336D167B5680A88B7834
05_US_Stocks_CFD;VZ;05_BE_TRAIL;BUY;MULTI;19;1043159040000;FAST_GENETIC;682827425;RESEARCH;05_US_Stocks_CFD/VZ/05_BE_TRAIL/BUY_MULTI.set;0221BE62651DAA79DC2F7C7D33BF62591B146FD8527D380CA1F1EE412FF1389D
05_US_Stocks_CFD;VZ;05_BE_TRAIL;BUY;ICHIMOKU;18;22759833600;FAST_GENETIC;632011147;RESEARCH;05_US_Stocks_CFD/VZ/05_BE_TRAIL/BUY_ICHIMOKU.set;2C7B46578BA8113C0CF1D393EFBD74749918F38FB626A2DB796054B7A4781B7F
05_US_Stocks_CFD;VZ;05_BE_TRAIL;SELL;MULTI;19;1043159040000;FAST_GENETIC;660423885;RESEARCH;05_US_Stocks_CFD/VZ/05_BE_TRAIL/SELL_MULTI.set;774D7CA299C660472340E385188167E59F7F83E28EAF0D100E195E4CBF4CD57A
05_US_Stocks_CFD;VZ;05_BE_TRAIL;SELL;ICHIMOKU;18;22759833600;FAST_GENETIC;697539760;RESEARCH;05_US_Stocks_CFD/VZ/05_BE_TRAIL/SELL_ICHIMOKU.set;62563BDADC80A999CF9A6453ECFA4568F72128A5969E2D3730A289F25F056062
05_US_Stocks_CFD;VZ;06_REVERSAL_EXIT;BUY;MULTI;21;1669054464000;FAST_GENETIC;664285755;RESEARCH;05_US_Stocks_CFD/VZ/06_REVERSAL_EXIT/BUY_MULTI.set;2C80BA5EEE46CF498B0139B80028C35C7DD10564E4EDED683B97E66B16683CF1
05_US_Stocks_CFD;VZ;06_REVERSAL_EXIT;BUY;ICHIMOKU;20;36415733760;FAST_GENETIC;678890451;RESEARCH;05_US_Stocks_CFD/VZ/06_REVERSAL_EXIT/BUY_ICHIMOKU.set;909C81C4C68D3E7CD83991609B661136B843A314FDF405AF2995CD28A90A3F2C
05_US_Stocks_CFD;VZ;06_REVERSAL_EXIT;SELL;MULTI;21;1669054464000;FAST_GENETIC;642036631;RESEARCH;05_US_Stocks_CFD/VZ/06_REVERSAL_EXIT/SELL_MULTI.set;CF9AD643DFACF1210369185D3384DEC64E7097B9C8D49543E63FF38510F35926
05_US_Stocks_CFD;VZ;06_REVERSAL_EXIT;SELL;ICHIMOKU;20;36415733760;FAST_GENETIC;699325528;RESEARCH;05_US_Stocks_CFD/VZ/06_REVERSAL_EXIT/SELL_ICHIMOKU.set;C5D3E84C860AE7A2C98C3B0C3E2D6605ACDBF08B309E677F31F9349CFB2B185F
05_US_Stocks_CFD;VZ;07_GRID_SEPARATE;BUY;MULTI;20;3161410560000;FAST_GENETIC;694351987;HEDGE_ACCOUNT_REQUIRED;05_US_Stocks_CFD/VZ/07_GRID_SEPARATE/BUY_MULTI.set;715E48A04FC2CFE460EA06215C595624D83CA26E00DE86061B9FF230005A62B0
05_US_Stocks_CFD;VZ;07_GRID_SEPARATE;BUY;ICHIMOKU;19;68976230400;FAST_GENETIC;695985212;HEDGE_ACCOUNT_REQUIRED;05_US_Stocks_CFD/VZ/07_GRID_SEPARATE/BUY_ICHIMOKU.set;B76ABDF81F6B97C3FB7D9284F9A963E259B9E09002B0F79291807F569316DF89
05_US_Stocks_CFD;VZ;07_GRID_SEPARATE;SELL;MULTI;20;3161410560000;FAST_GENETIC;690154452;HEDGE_ACCOUNT_REQUIRED;05_US_Stocks_CFD/VZ/07_GRID_SEPARATE/SELL_MULTI.set;4CF9528C60B8D039ABC5CD0D4EC0BAECD84C22E9C46AB92CED5DDB8016D234B2
05_US_Stocks_CFD;VZ;07_GRID_SEPARATE;SELL;ICHIMOKU;19;68976230400;FAST_GENETIC;684573974;HEDGE_ACCOUNT_REQUIRED;05_US_Stocks_CFD/VZ/07_GRID_SEPARATE/SELL_ICHIMOKU.set;FE4CCEEFF986B72750026FD86C6B9F0643D9EF46F31592A9731519C999314CF5
05_US_Stocks_CFD;VZ;08_GRID_UNIFIED;BOTH;MULTI;21;15807052800000;FAST_GENETIC;646627817;HEDGE_ACCOUNT_REQUIRED;05_US_Stocks_CFD/VZ/08_GRID_UNIFIED/BOTH_MULTI.set;381B09E21CB74E4B24DA85B084B865536E95BF050645FE3555457BAE3F39BA6F
05_US_Stocks_CFD;VZ;08_GRID_UNIFIED;BOTH;ICHIMOKU;20;344881152000;FAST_GENETIC;698011976;HEDGE_ACCOUNT_REQUIRED;05_US_Stocks_CFD/VZ/08_GRID_UNIFIED/BOTH_ICHIMOKU.set;986F762886CA3BE11928FF437AD2EF083CEA31EB6AE81E2B633535257DFCA8F8
05_US_Stocks_CFD;VZ;09_MARTINGALE;BUY;MULTI;21;18359599104000;FAST_GENETIC;688982819;HIGH_RISK;05_US_Stocks_CFD/VZ/09_MARTINGALE/BUY_MULTI.set;C64F1D67A9C06FE4CB4EA201A39D6D5DCD81FDDDC5A123AE860A325FC3764F50
05_US_Stocks_CFD;VZ;09_MARTINGALE;BUY;ICHIMOKU;20;400573071360;FAST_GENETIC;640637748;HIGH_RISK;05_US_Stocks_CFD/VZ/09_MARTINGALE/BUY_ICHIMOKU.set;FCAAFA8267ABC76C215EFFB922CED7FD1E414C5214FD4AF357F85D5E887FE084
05_US_Stocks_CFD;VZ;09_MARTINGALE;SELL;MULTI;21;18359599104000;FAST_GENETIC;630459260;HIGH_RISK;05_US_Stocks_CFD/VZ/09_MARTINGALE/SELL_MULTI.set;DF7D869DB150342E326EDD38C3B098CE644E134559301EAC30F07AB178D89528
05_US_Stocks_CFD;VZ;09_MARTINGALE;SELL;ICHIMOKU;20;400573071360;FAST_GENETIC;656126525;HIGH_RISK;05_US_Stocks_CFD/VZ/09_MARTINGALE/SELL_ICHIMOKU.set;D8D874AC7E8F3B8981EE2E9B56DCBD0DAB83A81287FE10EF7AF2196EB71619F8
05_US_Stocks_CFD;VZ;10_DALEMBERT;BUY;MULTI;21;13113999360000;FAST_GENETIC;699137182;HIGH_RISK;05_US_Stocks_CFD/VZ/10_DALEMBERT/BUY_MULTI.set;D2A7EDE56E8E3949E333E50620B0237124253DA49B55A64E27C798A29C2D4BA8
05_US_Stocks_CFD;VZ;10_DALEMBERT;BUY;ICHIMOKU;20;286123622400;FAST_GENETIC;665841541;HIGH_RISK;05_US_Stocks_CFD/VZ/10_DALEMBERT/BUY_ICHIMOKU.set;375AD77BEC921E684D5AA27B005C752294A72157C116A2EE2A5F758484C10C2B
05_US_Stocks_CFD;VZ;10_DALEMBERT;SELL;MULTI;21;13113999360000;FAST_GENETIC;615809004;HIGH_RISK;05_US_Stocks_CFD/VZ/10_DALEMBERT/SELL_MULTI.set;820EA29A9A4900FE6EBBB518816979785EDF1AB2506EADBF32033F87F21585F1
05_US_Stocks_CFD;VZ;10_DALEMBERT;SELL;ICHIMOKU;20;286123622400;FAST_GENETIC;694284641;HIGH_RISK;05_US_Stocks_CFD/VZ/10_DALEMBERT/SELL_ICHIMOKU.set;03623AD0E85516553DA2EC3D90D5ADB49290DC7287147D8A68D4B75F75F519BD
05_US_Stocks_CFD;VZ;11_SIGNAL_ONLY;BUY;MULTI;16;354816000;FAST_GENETIC;626878140;HIGH_RISK_RESEARCH;05_US_Stocks_CFD/VZ/11_SIGNAL_ONLY/BUY_MULTI.set;69C98F3D358E8AEAF5DD05B5A68AC29D38ABF7054031AF1FAF762463CE7656D9
05_US_Stocks_CFD;VZ;11_SIGNAL_ONLY;BUY;ICHIMOKU;15;7741440;FAST_GENETIC;690352837;HIGH_RISK_RESEARCH;05_US_Stocks_CFD/VZ/11_SIGNAL_ONLY/BUY_ICHIMOKU.set;384A624F2AB877D0ECFA8903C2D7D9C28C96A7F04F0C09A3A7D14BFBD30183A3
05_US_Stocks_CFD;VZ;11_SIGNAL_ONLY;SELL;MULTI;16;354816000;FAST_GENETIC;675268711;HIGH_RISK_RESEARCH;05_US_Stocks_CFD/VZ/11_SIGNAL_ONLY/SELL_MULTI.set;1F8EADDA771409E9EE7F9BE046F4CB7F87409777F84DE2BF565D20D3F9689BDA
05_US_Stocks_CFD;VZ;11_SIGNAL_ONLY;SELL;ICHIMOKU;15;7741440;FAST_GENETIC;643304966;HIGH_RISK_RESEARCH;05_US_Stocks_CFD/VZ/11_SIGNAL_ONLY/SELL_ICHIMOKU.set;8A3F2CC4D547DDA6B00A6ACEDD71F1FECC7EBAC7FF9EF30348D03C3BCBA8A7DB
05_US_Stocks_CFD;WFC;01_SLTP;BUY;MULTI;19;655699968000;FAST_GENETIC;614217923;RESEARCH;05_US_Stocks_CFD/WFC/01_SLTP/BUY_MULTI.set;5ABB4D7B06A11D82EFC7C5583C3EFF0E013EA703FA303225A9F4B1EE5F148409
05_US_Stocks_CFD;WFC;01_SLTP;BUY;ICHIMOKU;18;14306181120;FAST_GENETIC;627460443;RESEARCH;05_US_Stocks_CFD/WFC/01_SLTP/BUY_ICHIMOKU.set;2FFC01AE8B809E774B16A9A642C12367E57B869D758C2ABEDC1F6C7D544E20EA
05_US_Stocks_CFD;WFC;01_SLTP;SELL;MULTI;19;655699968000;FAST_GENETIC;643973931;RESEARCH;05_US_Stocks_CFD/WFC/01_SLTP/SELL_MULTI.set;F80706C1434EE75CB4F2BDFF8B1624B5B9FB59D170EEAE8870F506429E43CE8B
05_US_Stocks_CFD;WFC;01_SLTP;SELL;ICHIMOKU;18;14306181120;FAST_GENETIC;658969477;RESEARCH;05_US_Stocks_CFD/WFC/01_SLTP/SELL_ICHIMOKU.set;01FC15DAC893EE37B2E7822DCFB92B8618C7CA8A0A289245E9B4905C1F8B0894
05_US_Stocks_CFD;WFC;02_SLTP_ORGANIC;BUY;MULTI;19;655699968000;FAST_GENETIC;668392969;RESEARCH;05_US_Stocks_CFD/WFC/02_SLTP_ORGANIC/BUY_MULTI.set;63EE997AED961F939BE4102BBAA184DE31BE5C31A1ECA3B85F2FE5F28C106AC2
05_US_Stocks_CFD;WFC;02_SLTP_ORGANIC;BUY;ICHIMOKU;18;14306181120;FAST_GENETIC;611155101;RESEARCH;05_US_Stocks_CFD/WFC/02_SLTP_ORGANIC/BUY_ICHIMOKU.set;07CE4F55E66C81B676D251C4E266E2C52134F04A73B8BA39F77445B025351259
05_US_Stocks_CFD;WFC;02_SLTP_ORGANIC;SELL;MULTI;19;655699968000;FAST_GENETIC;649059552;RESEARCH;05_US_Stocks_CFD/WFC/02_SLTP_ORGANIC/SELL_MULTI.set;EA850CF9E69FA567CB24A4530DC8B545D8EEB2B4C987F3E9C83BCA70EEFB5BCC
05_US_Stocks_CFD;WFC;02_SLTP_ORGANIC;SELL;ICHIMOKU;18;14306181120;FAST_GENETIC;617772954;RESEARCH;05_US_Stocks_CFD/WFC/02_SLTP_ORGANIC/SELL_ICHIMOKU.set;E89D86E2A844CED9449297BEFC1653C53C4AFD73F0CF9C9292DD0619F834AAC1
05_US_Stocks_CFD;WFC;03_TRAIL_ONLY;BUY;MULTI;20;2086318080000;FAST_GENETIC;669827772;RESEARCH;05_US_Stocks_CFD/WFC/03_TRAIL_ONLY/BUY_MULTI.set;3452E49B225DD768193645EE0CB9113DB0EFBCA47052B987EEA8CD2FCECF6564
05_US_Stocks_CFD;WFC;03_TRAIL_ONLY;BUY;ICHIMOKU;19;45519667200;FAST_GENETIC;614174373;RESEARCH;05_US_Stocks_CFD/WFC/03_TRAIL_ONLY/BUY_ICHIMOKU.set;B4EA803F67327B9D423A71FDE9A8407497AA43C84A816A12E64B5EDECCC98F76
05_US_Stocks_CFD;WFC;03_TRAIL_ONLY;SELL;MULTI;20;2086318080000;FAST_GENETIC;638363213;RESEARCH;05_US_Stocks_CFD/WFC/03_TRAIL_ONLY/SELL_MULTI.set;568AC88566D1E24E3700AC47F7FA591809B8DE0B4C4CC037EB1CFCD686FBEE01
05_US_Stocks_CFD;WFC;03_TRAIL_ONLY;SELL;ICHIMOKU;19;45519667200;FAST_GENETIC;663383887;RESEARCH;05_US_Stocks_CFD/WFC/03_TRAIL_ONLY/SELL_ICHIMOKU.set;3E3115A297E0D8AD6C6FA7E0399855C0601D1070D0382B8EE1684679515EBF8E
05_US_Stocks_CFD;WFC;04_SLTP_TRAIL;BUY;MULTI;20;9179799552000;FAST_GENETIC;654881495;RESEARCH;05_US_Stocks_CFD/WFC/04_SLTP_TRAIL/BUY_MULTI.set;33C1BA77F75AF8719D118EA75AC0B25C732977BB36606F9CD0AA6BB9806DCF1B
05_US_Stocks_CFD;WFC;04_SLTP_TRAIL;BUY;ICHIMOKU;19;200286535680;FAST_GENETIC;633519157;RESEARCH;05_US_Stocks_CFD/WFC/04_SLTP_TRAIL/BUY_ICHIMOKU.set;54B406918E39AB7E85E6C12EA088AF3D97538102D2CCD8569FCF509517C5B53F
05_US_Stocks_CFD;WFC;04_SLTP_TRAIL;SELL;MULTI;20;9179799552000;FAST_GENETIC;611017700;RESEARCH;05_US_Stocks_CFD/WFC/04_SLTP_TRAIL/SELL_MULTI.set;AB37F2A0D0A352B0D55BF1C467AEAF226CE1E4EFC8AC09C42CFB418D424C3B72
05_US_Stocks_CFD;WFC;04_SLTP_TRAIL;SELL;ICHIMOKU;19;200286535680;FAST_GENETIC;627563771;RESEARCH;05_US_Stocks_CFD/WFC/04_SLTP_TRAIL/SELL_ICHIMOKU.set;4040F9C18BD7E738A24D704CE737D983016027A0681A0D3C19B4DD7D2D8D7090
05_US_Stocks_CFD;WFC;05_BE_TRAIL;BUY;MULTI;19;1043159040000;FAST_GENETIC;696797212;RESEARCH;05_US_Stocks_CFD/WFC/05_BE_TRAIL/BUY_MULTI.set;1A0B84C104520AB45B8E9D7465B6B62F8307B9B9A09EAD7C6A35E64FB3B5FCEE
05_US_Stocks_CFD;WFC;05_BE_TRAIL;BUY;ICHIMOKU;18;22759833600;FAST_GENETIC;674692053;RESEARCH;05_US_Stocks_CFD/WFC/05_BE_TRAIL/BUY_ICHIMOKU.set;6EC48996D966615568A55412C10E627E94ADEEB9DF23E4FFCECF38F6949B0B22
05_US_Stocks_CFD;WFC;05_BE_TRAIL;SELL;MULTI;19;1043159040000;FAST_GENETIC;653116577;RESEARCH;05_US_Stocks_CFD/WFC/05_BE_TRAIL/SELL_MULTI.set;0B1C58F9F0E79C66D9A0B54D751C00F2283DF91301B8209787CB8552D81407A4
05_US_Stocks_CFD;WFC;05_BE_TRAIL;SELL;ICHIMOKU;18;22759833600;FAST_GENETIC;686061581;RESEARCH;05_US_Stocks_CFD/WFC/05_BE_TRAIL/SELL_ICHIMOKU.set;D662D23C9F0832EEC54AE5B6B12076A549B5E5E40FDCAA2B27F898D31F6D71FF
05_US_Stocks_CFD;WFC;06_REVERSAL_EXIT;BUY;MULTI;21;1669054464000;FAST_GENETIC;693551779;RESEARCH;05_US_Stocks_CFD/WFC/06_REVERSAL_EXIT/BUY_MULTI.set;1EDED0342263CF82A43517C90DACA8801605ACE46CF1F0D83A02539B860FCA69
05_US_Stocks_CFD;WFC;06_REVERSAL_EXIT;BUY;ICHIMOKU;20;36415733760;FAST_GENETIC;643341313;RESEARCH;05_US_Stocks_CFD/WFC/06_REVERSAL_EXIT/BUY_ICHIMOKU.set;F369858FB109924EC73F19D6CBBE7E72456A565C7F7EE6F1AF86D11ADB0379B9
05_US_Stocks_CFD;WFC;06_REVERSAL_EXIT;SELL;MULTI;21;1669054464000;FAST_GENETIC;616260578;RESEARCH;05_US_Stocks_CFD/WFC/06_REVERSAL_EXIT/SELL_MULTI.set;3E1A8FBEB20B3257920D31771EAAF82BEC1EFE6A48F2D166FA31B83A6A985FEF
05_US_Stocks_CFD;WFC;06_REVERSAL_EXIT;SELL;ICHIMOKU;20;36415733760;FAST_GENETIC;619048890;RESEARCH;05_US_Stocks_CFD/WFC/06_REVERSAL_EXIT/SELL_ICHIMOKU.set;96525C04533BC9357B3869B68A2F4727F32B0698817DAF32053AA820CB75DC95
05_US_Stocks_CFD;WFC;07_GRID_SEPARATE;BUY;MULTI;20;3161410560000;FAST_GENETIC;689943059;HEDGE_ACCOUNT_REQUIRED;05_US_Stocks_CFD/WFC/07_GRID_SEPARATE/BUY_MULTI.set;505B05F6E682455DA23DDBFA27981AC3F8FB30E3D556514E53A3DA6B3AC59EA1
05_US_Stocks_CFD;WFC;07_GRID_SEPARATE;BUY;ICHIMOKU;19;68976230400;FAST_GENETIC;696599253;HEDGE_ACCOUNT_REQUIRED;05_US_Stocks_CFD/WFC/07_GRID_SEPARATE/BUY_ICHIMOKU.set;8A19A43EF86F9042D52BECA6AD46BE4DAACF878E98D4AC3C3F08BD09E2E98D5C
05_US_Stocks_CFD;WFC;07_GRID_SEPARATE;SELL;MULTI;20;3161410560000;FAST_GENETIC;633523702;HEDGE_ACCOUNT_REQUIRED;05_US_Stocks_CFD/WFC/07_GRID_SEPARATE/SELL_MULTI.set;0D8E4D4733D6EDD9ED6C5C2AEFECF5F85097F527F26FAD343937F973F8C39F72
05_US_Stocks_CFD;WFC;07_GRID_SEPARATE;SELL;ICHIMOKU;19;68976230400;FAST_GENETIC;631108916;HEDGE_ACCOUNT_REQUIRED;05_US_Stocks_CFD/WFC/07_GRID_SEPARATE/SELL_ICHIMOKU.set;653F97DFA9704DC047437904BD8431131D9416545F95F7510C6292B9F172554A
05_US_Stocks_CFD;WFC;08_GRID_UNIFIED;BOTH;MULTI;21;15807052800000;FAST_GENETIC;633235147;HEDGE_ACCOUNT_REQUIRED;05_US_Stocks_CFD/WFC/08_GRID_UNIFIED/BOTH_MULTI.set;5D832031C44C7CDD21156F6C20ABDFCE60C08056D009F208B36B3024A02EBE2F
05_US_Stocks_CFD;WFC;08_GRID_UNIFIED;BOTH;ICHIMOKU;20;344881152000;FAST_GENETIC;638035928;HEDGE_ACCOUNT_REQUIRED;05_US_Stocks_CFD/WFC/08_GRID_UNIFIED/BOTH_ICHIMOKU.set;398E90A76C3AA26EBA6683B56B322ACDD908E9392C232DD21B9CED5871755AFD
05_US_Stocks_CFD;WFC;09_MARTINGALE;BUY;MULTI;21;18359599104000;FAST_GENETIC;698519297;HIGH_RISK;05_US_Stocks_CFD/WFC/09_MARTINGALE/BUY_MULTI.set;85398CAB3C4C1EDCAB6F3BAFC431AB075974DCB219DD98958271A5CBE713D6CA
05_US_Stocks_CFD;WFC;09_MARTINGALE;BUY;ICHIMOKU;20;400573071360;FAST_GENETIC;628206860;HIGH_RISK;05_US_Stocks_CFD/WFC/09_MARTINGALE/BUY_ICHIMOKU.set;82369A4D20B4E70F77EF82F9E60097F5A4EBBC9AF8E5F26A7BFFE89ADE31422A
05_US_Stocks_CFD;WFC;09_MARTINGALE;SELL;MULTI;21;18359599104000;FAST_GENETIC;664794004;HIGH_RISK;05_US_Stocks_CFD/WFC/09_MARTINGALE/SELL_MULTI.set;E89B17BB3FEB7B77EECA0F47C2BDDD421FE7B43B95F1AFCFBC26F839DFAAF13C
05_US_Stocks_CFD;WFC;09_MARTINGALE;SELL;ICHIMOKU;20;400573071360;FAST_GENETIC;694839485;HIGH_RISK;05_US_Stocks_CFD/WFC/09_MARTINGALE/SELL_ICHIMOKU.set;894A4F82266EA0C137CD8BE114D244186998046DDEB713779E1AA309060A07BC
05_US_Stocks_CFD;WFC;10_DALEMBERT;BUY;MULTI;21;13113999360000;FAST_GENETIC;638810408;HIGH_RISK;05_US_Stocks_CFD/WFC/10_DALEMBERT/BUY_MULTI.set;89BB5F4B0D87B485A8B5F0D1BC5B3C1A264E722CD0B8D295F6A348E0DDEA9D7B
05_US_Stocks_CFD;WFC;10_DALEMBERT;BUY;ICHIMOKU;20;286123622400;FAST_GENETIC;679390515;HIGH_RISK;05_US_Stocks_CFD/WFC/10_DALEMBERT/BUY_ICHIMOKU.set;168AA580B538BD67C562FD54AB98345C5064F6DA527CC980C5070E96198FC0C1
05_US_Stocks_CFD;WFC;10_DALEMBERT;SELL;MULTI;21;13113999360000;FAST_GENETIC;618572649;HIGH_RISK;05_US_Stocks_CFD/WFC/10_DALEMBERT/SELL_MULTI.set;01B603574768A6D0BEA42BE1CBACD1C6F4D21A2DF9A4B5BA763FED6F1FF4F13B
05_US_Stocks_CFD;WFC;10_DALEMBERT;SELL;ICHIMOKU;20;286123622400;FAST_GENETIC;650907686;HIGH_RISK;05_US_Stocks_CFD/WFC/10_DALEMBERT/SELL_ICHIMOKU.set;E844335AEEC74C832AB3DBA389FB34B07024422FD95F05639D7732B82C9E5BF4
05_US_Stocks_CFD;WFC;11_SIGNAL_ONLY;BUY;MULTI;16;354816000;FAST_GENETIC;669053400;HIGH_RISK_RESEARCH;05_US_Stocks_CFD/WFC/11_SIGNAL_ONLY/BUY_MULTI.set;AB974F72514B3E22280FF250D8DCFEA530EAFDB41C7DE92BD61681A3C72D7015
05_US_Stocks_CFD;WFC;11_SIGNAL_ONLY;BUY;ICHIMOKU;15;7741440;FAST_GENETIC;627364459;HIGH_RISK_RESEARCH;05_US_Stocks_CFD/WFC/11_SIGNAL_ONLY/BUY_ICHIMOKU.set;FF2EC98D8F322EC33BBB6D2C95029CEAB16E29C1AE7FECF9E7F05880399C8B02
05_US_Stocks_CFD;WFC;11_SIGNAL_ONLY;SELL;MULTI;16;354816000;FAST_GENETIC;665626747;HIGH_RISK_RESEARCH;05_US_Stocks_CFD/WFC/11_SIGNAL_ONLY/SELL_MULTI.set;691286643BC12002313B0E5E09FA72205801270EE8887C919DBAD0664430DC7B
05_US_Stocks_CFD;WFC;11_SIGNAL_ONLY;SELL;ICHIMOKU;15;7741440;FAST_GENETIC;630407631;HIGH_RISK_RESEARCH;05_US_Stocks_CFD/WFC/11_SIGNAL_ONLY/SELL_ICHIMOKU.set;F888A24B652E1D1FC39F31974FCBF176B0846834F1745A12A13DEE874304CF33
05_US_Stocks_CFD;WMT;01_SLTP;BUY;MULTI;19;655699968000;FAST_GENETIC;653839347;RESEARCH;05_US_Stocks_CFD/WMT/01_SLTP/BUY_MULTI.set;CAF1CAE37DB255A137803580E595B0BAF0B6E137FEC1D6760378064B802C01F1
05_US_Stocks_CFD;WMT;01_SLTP;BUY;ICHIMOKU;18;14306181120;FAST_GENETIC;653661562;RESEARCH;05_US_Stocks_CFD/WMT/01_SLTP/BUY_ICHIMOKU.set;E858639EC8712784A9A6133091BF28D1763CE67FF5D159C158AEDC04619E06AA
05_US_Stocks_CFD;WMT;01_SLTP;SELL;MULTI;19;655699968000;FAST_GENETIC;693334950;RESEARCH;05_US_Stocks_CFD/WMT/01_SLTP/SELL_MULTI.set;BD99BC5C1A566A7DDED91BEEA3D1912059F37BFB8D507884579B16B7EB2780DC
05_US_Stocks_CFD;WMT;01_SLTP;SELL;ICHIMOKU;18;14306181120;FAST_GENETIC;663987251;RESEARCH;05_US_Stocks_CFD/WMT/01_SLTP/SELL_ICHIMOKU.set;9821241D10DB47AE0A523DF6A8717F569A122578F45CB42C4E0D663B92407DB3
05_US_Stocks_CFD;WMT;02_SLTP_ORGANIC;BUY;MULTI;19;655699968000;FAST_GENETIC;680595307;RESEARCH;05_US_Stocks_CFD/WMT/02_SLTP_ORGANIC/BUY_MULTI.set;97C4125F6C0AA2C3BA4AE60CC6511D74DAEDA0B260D356E59B1E9C0CFFD7942F
05_US_Stocks_CFD;WMT;02_SLTP_ORGANIC;BUY;ICHIMOKU;18;14306181120;FAST_GENETIC;630598506;RESEARCH;05_US_Stocks_CFD/WMT/02_SLTP_ORGANIC/BUY_ICHIMOKU.set;C2844A4C5D9EEA34AFFCAEFEA8B7F6341FCEA991F7B2E0D6546D3DB9132956E6
05_US_Stocks_CFD;WMT;02_SLTP_ORGANIC;SELL;MULTI;19;655699968000;FAST_GENETIC;615326770;RESEARCH;05_US_Stocks_CFD/WMT/02_SLTP_ORGANIC/SELL_MULTI.set;92CE087E584054C98658A11904FD3D859B3D5685CD06856363CC6986474A3830
05_US_Stocks_CFD;WMT;02_SLTP_ORGANIC;SELL;ICHIMOKU;18;14306181120;FAST_GENETIC;651028935;RESEARCH;05_US_Stocks_CFD/WMT/02_SLTP_ORGANIC/SELL_ICHIMOKU.set;02177C581957E9B8030250E1E536428298772EE715FA42EFA9DD73EC04EF2822
05_US_Stocks_CFD;WMT;03_TRAIL_ONLY;BUY;MULTI;20;2086318080000;FAST_GENETIC;672799032;RESEARCH;05_US_Stocks_CFD/WMT/03_TRAIL_ONLY/BUY_MULTI.set;37113817DF63CC928FE107C620CFA28BF4CFF298C4D1C5EFFECAD4C8D4CF7773
05_US_Stocks_CFD;WMT;03_TRAIL_ONLY;BUY;ICHIMOKU;19;45519667200;FAST_GENETIC;698747472;RESEARCH;05_US_Stocks_CFD/WMT/03_TRAIL_ONLY/BUY_ICHIMOKU.set;B4CC8E7E275F591FA5698F5D4B77BD5DD90218291F6021A052813B6B5668E637
05_US_Stocks_CFD;WMT;03_TRAIL_ONLY;SELL;MULTI;20;2086318080000;FAST_GENETIC;698032447;RESEARCH;05_US_Stocks_CFD/WMT/03_TRAIL_ONLY/SELL_MULTI.set;27B598250B90A4ACED0059164E4EA65C743E8E65E9BE88C6C2A205F5802B0CA6
05_US_Stocks_CFD;WMT;03_TRAIL_ONLY;SELL;ICHIMOKU;19;45519667200;FAST_GENETIC;617288141;RESEARCH;05_US_Stocks_CFD/WMT/03_TRAIL_ONLY/SELL_ICHIMOKU.set;158B66AF855980A4AAEA56CFB431A1DD1D884DA4ED5958EFBD201691C713CD7A
05_US_Stocks_CFD;WMT;04_SLTP_TRAIL;BUY;MULTI;20;9179799552000;FAST_GENETIC;642091804;RESEARCH;05_US_Stocks_CFD/WMT/04_SLTP_TRAIL/BUY_MULTI.set;B75296745ADE88710AE558B4127A61A262736277CF3D792FA40783C681D39625
05_US_Stocks_CFD;WMT;04_SLTP_TRAIL;BUY;ICHIMOKU;19;200286535680;FAST_GENETIC;645089037;RESEARCH;05_US_Stocks_CFD/WMT/04_SLTP_TRAIL/BUY_ICHIMOKU.set;D9879CC30B0CB9DC53F98FD1C6030CE079947C8A749279D324CEC0FA7375EDBF
05_US_Stocks_CFD;WMT;04_SLTP_TRAIL;SELL;MULTI;20;9179799552000;FAST_GENETIC;688365866;RESEARCH;05_US_Stocks_CFD/WMT/04_SLTP_TRAIL/SELL_MULTI.set;4FFB39C3A590876F976EC69641133233B0D1FDA12B18023BAD6A859B3E9953D8
05_US_Stocks_CFD;WMT;04_SLTP_TRAIL;SELL;ICHIMOKU;19;200286535680;FAST_GENETIC;623285731;RESEARCH;05_US_Stocks_CFD/WMT/04_SLTP_TRAIL/SELL_ICHIMOKU.set;D9E99A9B9451A35BC0EC8BBFC2E09A2856E4783BF5F9187B4DF460378E7A0BD4
05_US_Stocks_CFD;WMT;05_BE_TRAIL;BUY;MULTI;19;1043159040000;FAST_GENETIC;623603022;RESEARCH;05_US_Stocks_CFD/WMT/05_BE_TRAIL/BUY_MULTI.set;0D531D14815C86622A1F6785059884493B3611DA43F8D95E1391C15632661720
05_US_Stocks_CFD;WMT;05_BE_TRAIL;BUY;ICHIMOKU;18;22759833600;FAST_GENETIC;631625142;RESEARCH;05_US_Stocks_CFD/WMT/05_BE_TRAIL/BUY_ICHIMOKU.set;64E14DAF6AB3129584D74E594E99D57FCE6D47E2681208626E11D287D7C061C6
05_US_Stocks_CFD;WMT;05_BE_TRAIL;SELL;MULTI;19;1043159040000;FAST_GENETIC;685064435;RESEARCH;05_US_Stocks_CFD/WMT/05_BE_TRAIL/SELL_MULTI.set;1C4CDC31BF0252160791AB6EFD3E495CDE233F812922BB4A8FAA108E5F43330E
05_US_Stocks_CFD;WMT;05_BE_TRAIL;SELL;ICHIMOKU;18;22759833600;FAST_GENETIC;663825201;RESEARCH;05_US_Stocks_CFD/WMT/05_BE_TRAIL/SELL_ICHIMOKU.set;AC74D4620D498608E2A2847379014FB9F7850429D191F0486C6C9A1B407329BF
05_US_Stocks_CFD;WMT;06_REVERSAL_EXIT;BUY;MULTI;21;1669054464000;FAST_GENETIC;627279269;RESEARCH;05_US_Stocks_CFD/WMT/06_REVERSAL_EXIT/BUY_MULTI.set;048EBE0FF016DE51A2947CF1B8C7C594848B016640AF5DF0CDE527868705557F
05_US_Stocks_CFD;WMT;06_REVERSAL_EXIT;BUY;ICHIMOKU;20;36415733760;FAST_GENETIC;693236900;RESEARCH;05_US_Stocks_CFD/WMT/06_REVERSAL_EXIT/BUY_ICHIMOKU.set;D7386F980363F5EAF6214F4AC458D800BAD418A259AAAEB3AB83990EC90A1126
05_US_Stocks_CFD;WMT;06_REVERSAL_EXIT;SELL;MULTI;21;1669054464000;FAST_GENETIC;650136829;RESEARCH;05_US_Stocks_CFD/WMT/06_REVERSAL_EXIT/SELL_MULTI.set;B7B007321D78CBC5CA6B3DBA4D71F8B5ABAE787DD2FC53F68C36B4077F8FC9B1
05_US_Stocks_CFD;WMT;06_REVERSAL_EXIT;SELL;ICHIMOKU;20;36415733760;FAST_GENETIC;636449018;RESEARCH;05_US_Stocks_CFD/WMT/06_REVERSAL_EXIT/SELL_ICHIMOKU.set;DEE804BE871532F092121E0A2AA6F170ED7741DB5A1BD00BB227FB66329488AB
05_US_Stocks_CFD;WMT;07_GRID_SEPARATE;BUY;MULTI;20;3161410560000;FAST_GENETIC;645348624;HEDGE_ACCOUNT_REQUIRED;05_US_Stocks_CFD/WMT/07_GRID_SEPARATE/BUY_MULTI.set;76ED3C8DCE6058E6CEC08397740DC8C9394A996232EA13BB381162180F63E88A
05_US_Stocks_CFD;WMT;07_GRID_SEPARATE;BUY;ICHIMOKU;19;68976230400;FAST_GENETIC;636298632;HEDGE_ACCOUNT_REQUIRED;05_US_Stocks_CFD/WMT/07_GRID_SEPARATE/BUY_ICHIMOKU.set;739A85909418AD1DE6A5DFFFFA9A61A42D408D875681CF26C288BF90D022F2CB
05_US_Stocks_CFD;WMT;07_GRID_SEPARATE;SELL;MULTI;20;3161410560000;FAST_GENETIC;656893497;HEDGE_ACCOUNT_REQUIRED;05_US_Stocks_CFD/WMT/07_GRID_SEPARATE/SELL_MULTI.set;1B209A82C67371ADDC3167D0BAAA00C3E98394334171F64B192DE4336530FFAF
05_US_Stocks_CFD;WMT;07_GRID_SEPARATE;SELL;ICHIMOKU;19;68976230400;FAST_GENETIC;617008963;HEDGE_ACCOUNT_REQUIRED;05_US_Stocks_CFD/WMT/07_GRID_SEPARATE/SELL_ICHIMOKU.set;8BBB95CA93FB4E3D934810EBD85A0EB32FFFFC129B3F2B32E251AAE2ACD6D4AD
05_US_Stocks_CFD;WMT;08_GRID_UNIFIED;BOTH;MULTI;21;15807052800000;FAST_GENETIC;690549897;HEDGE_ACCOUNT_REQUIRED;05_US_Stocks_CFD/WMT/08_GRID_UNIFIED/BOTH_MULTI.set;27F1EFD5DBBACC4E19956A6448C88C41E251A18341D9C81343DC906137CDCA68
05_US_Stocks_CFD;WMT;08_GRID_UNIFIED;BOTH;ICHIMOKU;20;344881152000;FAST_GENETIC;644709168;HEDGE_ACCOUNT_REQUIRED;05_US_Stocks_CFD/WMT/08_GRID_UNIFIED/BOTH_ICHIMOKU.set;F229CF908B1AC0B060679E3BF09BDC01A65BD577A2B605DC5A066BB78C42E04C
05_US_Stocks_CFD;WMT;09_MARTINGALE;BUY;MULTI;21;18359599104000;FAST_GENETIC;634715347;HIGH_RISK;05_US_Stocks_CFD/WMT/09_MARTINGALE/BUY_MULTI.set;47870F8B8D9C6B2EE8E3BCE64CC1B02464C55AE7581F708DA8BBB64F32D6D553
05_US_Stocks_CFD;WMT;09_MARTINGALE;BUY;ICHIMOKU;20;400573071360;FAST_GENETIC;664458039;HIGH_RISK;05_US_Stocks_CFD/WMT/09_MARTINGALE/BUY_ICHIMOKU.set;5C11040E809B80E6AD47DB7EED66E7DFA5446A4B839BF7570C16242EF7E135C3
05_US_Stocks_CFD;WMT;09_MARTINGALE;SELL;MULTI;21;18359599104000;FAST_GENETIC;691894885;HIGH_RISK;05_US_Stocks_CFD/WMT/09_MARTINGALE/SELL_MULTI.set;79F3F0FB23AC221A12D97B19307992CCDD66E8A963B196B8294D33646B2F0CB6
05_US_Stocks_CFD;WMT;09_MARTINGALE;SELL;ICHIMOKU;20;400573071360;FAST_GENETIC;646319943;HIGH_RISK;05_US_Stocks_CFD/WMT/09_MARTINGALE/SELL_ICHIMOKU.set;97BD3E842FE184BFE71C2EB832049CCDC8FD600BF9966316C17F1D23FB40A598
05_US_Stocks_CFD;WMT;10_DALEMBERT;BUY;MULTI;21;13113999360000;FAST_GENETIC;654658616;HIGH_RISK;05_US_Stocks_CFD/WMT/10_DALEMBERT/BUY_MULTI.set;626CC011CE850DEC9297067134969AFD07DA2DB8C9264D2288AD44200B05B4F8
05_US_Stocks_CFD;WMT;10_DALEMBERT;BUY;ICHIMOKU;20;286123622400;FAST_GENETIC;639563063;HIGH_RISK;05_US_Stocks_CFD/WMT/10_DALEMBERT/BUY_ICHIMOKU.set;A41FCCC814CBC8DF9E569585E2FA621FD35B9F0F068676FF1921C1D6B378182C
05_US_Stocks_CFD;WMT;10_DALEMBERT;SELL;MULTI;21;13113999360000;FAST_GENETIC;658104294;HIGH_RISK;05_US_Stocks_CFD/WMT/10_DALEMBERT/SELL_MULTI.set;2C540B9B4A6175EF74A86BA68A8DE5AAF7665CC581F9ECE288EBEF3A065D3237
05_US_Stocks_CFD;WMT;10_DALEMBERT;SELL;ICHIMOKU;20;286123622400;FAST_GENETIC;690407223;HIGH_RISK;05_US_Stocks_CFD/WMT/10_DALEMBERT/SELL_ICHIMOKU.set;953AE2CCB8AB6EB2022A848EE930FD4947A679C96E28CFE9C3B52E7BF8F7E571
05_US_Stocks_CFD;WMT;11_SIGNAL_ONLY;BUY;MULTI;16;354816000;FAST_GENETIC;623251838;HIGH_RISK_RESEARCH;05_US_Stocks_CFD/WMT/11_SIGNAL_ONLY/BUY_MULTI.set;321ED504B19966CE545DF6D63289E6DFADCDD6469520A8C37D02AFD94D91C83F
05_US_Stocks_CFD;WMT;11_SIGNAL_ONLY;BUY;ICHIMOKU;15;7741440;FAST_GENETIC;613371886;HIGH_RISK_RESEARCH;05_US_Stocks_CFD/WMT/11_SIGNAL_ONLY/BUY_ICHIMOKU.set;E3E70415AEA3FFF00E5173DB105F403551172A9502372FF06A8F6DC3040FF734
05_US_Stocks_CFD;WMT;11_SIGNAL_ONLY;SELL;MULTI;16;354816000;FAST_GENETIC;676080079;HIGH_RISK_RESEARCH;05_US_Stocks_CFD/WMT/11_SIGNAL_ONLY/SELL_MULTI.set;64189B6E1B7A877A8B8A1D6840C13484A964F1B7FD8252C30B4560DBEE8A17A7
05_US_Stocks_CFD;WMT;11_SIGNAL_ONLY;SELL;ICHIMOKU;15;7741440;FAST_GENETIC;620478087;HIGH_RISK_RESEARCH;05_US_Stocks_CFD/WMT/11_SIGNAL_ONLY/SELL_ICHIMOKU.set;7C573D7395B6224FAD892CF421FA01B7C8103560BACCC292BE40C5ADF755EB6D
05_US_Stocks_CFD;XOM;01_SLTP;BUY;MULTI;19;655699968000;FAST_GENETIC;653222249;RESEARCH;05_US_Stocks_CFD/XOM/01_SLTP/BUY_MULTI.set;D51B1883ECB7144B5F1E70EE990EC6D5385CCD7392DCAB8229D6522E005AF63A
05_US_Stocks_CFD;XOM;01_SLTP;BUY;ICHIMOKU;18;14306181120;FAST_GENETIC;659441597;RESEARCH;05_US_Stocks_CFD/XOM/01_SLTP/BUY_ICHIMOKU.set;3A2D3061CA01A9BE344700DA03E224530E76D1453FE986227D4928207A06D5E1
05_US_Stocks_CFD;XOM;01_SLTP;SELL;MULTI;19;655699968000;FAST_GENETIC;655424079;RESEARCH;05_US_Stocks_CFD/XOM/01_SLTP/SELL_MULTI.set;9241F41D1AB92EE49B892D44B951BA45BC7369EE56EC5F51999B015171F1748B
05_US_Stocks_CFD;XOM;01_SLTP;SELL;ICHIMOKU;18;14306181120;FAST_GENETIC;616627182;RESEARCH;05_US_Stocks_CFD/XOM/01_SLTP/SELL_ICHIMOKU.set;143937D1E0D57F736CE676FC0142CE4E08C0314ECBCD25304E7DEAA9859FE63B
05_US_Stocks_CFD;XOM;02_SLTP_ORGANIC;BUY;MULTI;19;655699968000;FAST_GENETIC;619060922;RESEARCH;05_US_Stocks_CFD/XOM/02_SLTP_ORGANIC/BUY_MULTI.set;0456F8D3B11DAFC64C255C975E0F731A22B22C9F79E332318FCC993469500205
05_US_Stocks_CFD;XOM;02_SLTP_ORGANIC;BUY;ICHIMOKU;18;14306181120;FAST_GENETIC;689650975;RESEARCH;05_US_Stocks_CFD/XOM/02_SLTP_ORGANIC/BUY_ICHIMOKU.set;7E67EBB5AC33A3076DB24A84E2D1882B02943FA2BAA0E50260FD7B0FEE6122AF
05_US_Stocks_CFD;XOM;02_SLTP_ORGANIC;SELL;MULTI;19;655699968000;FAST_GENETIC;644249074;RESEARCH;05_US_Stocks_CFD/XOM/02_SLTP_ORGANIC/SELL_MULTI.set;36FA70B225A07DBDA592D474B2F8053A8F37CD82A27ED2C4832BB73F3856E179
05_US_Stocks_CFD;XOM;02_SLTP_ORGANIC;SELL;ICHIMOKU;18;14306181120;FAST_GENETIC;667477460;RESEARCH;05_US_Stocks_CFD/XOM/02_SLTP_ORGANIC/SELL_ICHIMOKU.set;EA11BF31F42CE83CB1342D2A78048411E4BE13526ED362124DAC0445563AE03A
05_US_Stocks_CFD;XOM;03_TRAIL_ONLY;BUY;MULTI;20;2086318080000;FAST_GENETIC;650278283;RESEARCH;05_US_Stocks_CFD/XOM/03_TRAIL_ONLY/BUY_MULTI.set;9E6EED44D7DB4AFD9959A2558A3F832A6195D421DEC2DCB7788DA026496A3BC5
05_US_Stocks_CFD;XOM;03_TRAIL_ONLY;BUY;ICHIMOKU;19;45519667200;FAST_GENETIC;611624749;RESEARCH;05_US_Stocks_CFD/XOM/03_TRAIL_ONLY/BUY_ICHIMOKU.set;9380AAABCBC5DBDAF28DF415FF9514D47D69E5E1D0FEBDE042927EA272FF8294
05_US_Stocks_CFD;XOM;03_TRAIL_ONLY;SELL;MULTI;20;2086318080000;FAST_GENETIC;640421950;RESEARCH;05_US_Stocks_CFD/XOM/03_TRAIL_ONLY/SELL_MULTI.set;612066E23EF6340B85634218485A6659FFCFD38137A1831567ED1E753D09A533
05_US_Stocks_CFD;XOM;03_TRAIL_ONLY;SELL;ICHIMOKU;19;45519667200;FAST_GENETIC;655213165;RESEARCH;05_US_Stocks_CFD/XOM/03_TRAIL_ONLY/SELL_ICHIMOKU.set;4B07C65C49E7E427D416B1E6FF93AB4C416E6C30F60C9D412DAB9E9EF004E692
05_US_Stocks_CFD;XOM;04_SLTP_TRAIL;BUY;MULTI;20;9179799552000;FAST_GENETIC;681910289;RESEARCH;05_US_Stocks_CFD/XOM/04_SLTP_TRAIL/BUY_MULTI.set;236E94AF6ADE58792CCCF844985E0C653CDEA9E757CF89E74C6411C1C123345D
05_US_Stocks_CFD;XOM;04_SLTP_TRAIL;BUY;ICHIMOKU;19;200286535680;FAST_GENETIC;657609124;RESEARCH;05_US_Stocks_CFD/XOM/04_SLTP_TRAIL/BUY_ICHIMOKU.set;B16CFFAC89084B0FA7B8A1BB85E5ACFD4BE9782CF02B08C5F47E5E66BFB486F4
05_US_Stocks_CFD;XOM;04_SLTP_TRAIL;SELL;MULTI;20;9179799552000;FAST_GENETIC;627286071;RESEARCH;05_US_Stocks_CFD/XOM/04_SLTP_TRAIL/SELL_MULTI.set;1552000020858BDC4F93D9AD957B3367EB13C407E31B00ABA09B9EB1A0CE9358
05_US_Stocks_CFD;XOM;04_SLTP_TRAIL;SELL;ICHIMOKU;19;200286535680;FAST_GENETIC;674004337;RESEARCH;05_US_Stocks_CFD/XOM/04_SLTP_TRAIL/SELL_ICHIMOKU.set;30CE8EAFA47474E1E0D1824A3733BE4A7BB8FCEFDC40FC2341C6027B1AA6FF3F
05_US_Stocks_CFD;XOM;05_BE_TRAIL;BUY;MULTI;19;1043159040000;FAST_GENETIC;685534611;RESEARCH;05_US_Stocks_CFD/XOM/05_BE_TRAIL/BUY_MULTI.set;B66C8D31DC5394D56FC9AA4CDAA315DC7E94CD5212C78373DC8DE1806EFFC73C
05_US_Stocks_CFD;XOM;05_BE_TRAIL;BUY;ICHIMOKU;18;22759833600;FAST_GENETIC;654557428;RESEARCH;05_US_Stocks_CFD/XOM/05_BE_TRAIL/BUY_ICHIMOKU.set;65273A0375F73E90F60B1835FE61D03AEFDFE587BD9DCEA3BFC29355FF29D0BB
05_US_Stocks_CFD;XOM;05_BE_TRAIL;SELL;MULTI;19;1043159040000;FAST_GENETIC;629995953;RESEARCH;05_US_Stocks_CFD/XOM/05_BE_TRAIL/SELL_MULTI.set;D33A6F8C9FD7B5974012D721B52DEA168493E98461C877D9ECAAB4781AD1C860
05_US_Stocks_CFD;XOM;05_BE_TRAIL;SELL;ICHIMOKU;18;22759833600;FAST_GENETIC;662974386;RESEARCH;05_US_Stocks_CFD/XOM/05_BE_TRAIL/SELL_ICHIMOKU.set;EA64B9A3B55B19CD1746157582D45DA71B38EEB731BE4F5DC4313DA9CA50875F
05_US_Stocks_CFD;XOM;06_REVERSAL_EXIT;BUY;MULTI;21;1669054464000;FAST_GENETIC;622131403;RESEARCH;05_US_Stocks_CFD/XOM/06_REVERSAL_EXIT/BUY_MULTI.set;F97CA86EAEA15971CCCC0906E43522DCBB74F5B6BE81726873F1D6C1A21D8FFA
05_US_Stocks_CFD;XOM;06_REVERSAL_EXIT;BUY;ICHIMOKU;20;36415733760;FAST_GENETIC;696978702;RESEARCH;05_US_Stocks_CFD/XOM/06_REVERSAL_EXIT/BUY_ICHIMOKU.set;56D690D7B654B28A9239126B9A07EA36EA4F9B62FB07ADAA480F61087C68902D
05_US_Stocks_CFD;XOM;06_REVERSAL_EXIT;SELL;MULTI;21;1669054464000;FAST_GENETIC;673255686;RESEARCH;05_US_Stocks_CFD/XOM/06_REVERSAL_EXIT/SELL_MULTI.set;CB29EB0920518C027FB4ECF29CD0881FFE976FFED1247016C60088E6F961D7E4
05_US_Stocks_CFD;XOM;06_REVERSAL_EXIT;SELL;ICHIMOKU;20;36415733760;FAST_GENETIC;625015567;RESEARCH;05_US_Stocks_CFD/XOM/06_REVERSAL_EXIT/SELL_ICHIMOKU.set;9921CDF35DB8BE7EEC6AEB9F2AF46CF22E15B488EFDAB72E080036B52077F9CA
05_US_Stocks_CFD;XOM;07_GRID_SEPARATE;BUY;MULTI;20;3161410560000;FAST_GENETIC;629783721;HEDGE_ACCOUNT_REQUIRED;05_US_Stocks_CFD/XOM/07_GRID_SEPARATE/BUY_MULTI.set;F6CC7760E23BEF66F99BA5AC2C76878946B019949079DCB55D69734A72958C7F
05_US_Stocks_CFD;XOM;07_GRID_SEPARATE;BUY;ICHIMOKU;19;68976230400;FAST_GENETIC;614701077;HEDGE_ACCOUNT_REQUIRED;05_US_Stocks_CFD/XOM/07_GRID_SEPARATE/BUY_ICHIMOKU.set;C04F3660BC884AA1E570B69C7F58E6581009975624FA3A304CA17CEB67607AA4
05_US_Stocks_CFD;XOM;07_GRID_SEPARATE;SELL;MULTI;20;3161410560000;FAST_GENETIC;634757409;HEDGE_ACCOUNT_REQUIRED;05_US_Stocks_CFD/XOM/07_GRID_SEPARATE/SELL_MULTI.set;75686CE8476505162CE9EE466AD23B9204E717AC6B8F4D26A8E32899B6B7AD39
05_US_Stocks_CFD;XOM;07_GRID_SEPARATE;SELL;ICHIMOKU;19;68976230400;FAST_GENETIC;615389933;HEDGE_ACCOUNT_REQUIRED;05_US_Stocks_CFD/XOM/07_GRID_SEPARATE/SELL_ICHIMOKU.set;2E65D46DBC627BABC2F2EBA08771F0FC4D5B3B7A957A7E5389559E7DBE490182
05_US_Stocks_CFD;XOM;08_GRID_UNIFIED;BOTH;MULTI;21;15807052800000;FAST_GENETIC;645609511;HEDGE_ACCOUNT_REQUIRED;05_US_Stocks_CFD/XOM/08_GRID_UNIFIED/BOTH_MULTI.set;C47692F5329D36F24D0436229FE1A80002EFDEDF2D00181915457626C929315D
05_US_Stocks_CFD;XOM;08_GRID_UNIFIED;BOTH;ICHIMOKU;20;344881152000;FAST_GENETIC;672365129;HEDGE_ACCOUNT_REQUIRED;05_US_Stocks_CFD/XOM/08_GRID_UNIFIED/BOTH_ICHIMOKU.set;B9BB064387FD27643181A8CC54312506666C9038C85BF6FC8C8FB08B47DE4787
05_US_Stocks_CFD;XOM;09_MARTINGALE;BUY;MULTI;21;18359599104000;FAST_GENETIC;648480460;HIGH_RISK;05_US_Stocks_CFD/XOM/09_MARTINGALE/BUY_MULTI.set;4DC111BAE7FF2999AC738C63F132E58FDC1A6241EACF22C4954CB52308BE5755
05_US_Stocks_CFD;XOM;09_MARTINGALE;BUY;ICHIMOKU;20;400573071360;FAST_GENETIC;618523268;HIGH_RISK;05_US_Stocks_CFD/XOM/09_MARTINGALE/BUY_ICHIMOKU.set;FCB630EBFBE4F184FE559FB30A7B62EB800343840C84109521EF8C41EFC4C210
05_US_Stocks_CFD;XOM;09_MARTINGALE;SELL;MULTI;21;18359599104000;FAST_GENETIC;636971578;HIGH_RISK;05_US_Stocks_CFD/XOM/09_MARTINGALE/SELL_MULTI.set;FF76BC3BFFEC7A5904BAF1A017CFD6662079EA33A2E214544428843589710491
05_US_Stocks_CFD;XOM;09_MARTINGALE;SELL;ICHIMOKU;20;400573071360;FAST_GENETIC;642752257;HIGH_RISK;05_US_Stocks_CFD/XOM/09_MARTINGALE/SELL_ICHIMOKU.set;5A1DE79D90D0648DE2DA67DB667A7CB194BECA868672EFBF5206246695ABA4A1
05_US_Stocks_CFD;XOM;10_DALEMBERT;BUY;MULTI;21;13113999360000;FAST_GENETIC;662122410;HIGH_RISK;05_US_Stocks_CFD/XOM/10_DALEMBERT/BUY_MULTI.set;6C1332EDFAA08F902549C8E69D9FA4C45BE92134D9FE189406D194E80462B5AA
05_US_Stocks_CFD;XOM;10_DALEMBERT;BUY;ICHIMOKU;20;286123622400;FAST_GENETIC;673274775;HIGH_RISK;05_US_Stocks_CFD/XOM/10_DALEMBERT/BUY_ICHIMOKU.set;DD40FBC855EFE60A5983D008BCDB94D5B7DA660422681CF71618CBD6CFB84873
05_US_Stocks_CFD;XOM;10_DALEMBERT;SELL;MULTI;21;13113999360000;FAST_GENETIC;695041777;HIGH_RISK;05_US_Stocks_CFD/XOM/10_DALEMBERT/SELL_MULTI.set;420C733841A311D5460BA779E36578C31AD3176578449BD8CCE73D7B4AA7B4D1
05_US_Stocks_CFD;XOM;10_DALEMBERT;SELL;ICHIMOKU;20;286123622400;FAST_GENETIC;670051179;HIGH_RISK;05_US_Stocks_CFD/XOM/10_DALEMBERT/SELL_ICHIMOKU.set;226865950DECAC781D07CB2D5B953AD83F242C97C993F8770847489A0C822B9A
05_US_Stocks_CFD;XOM;11_SIGNAL_ONLY;BUY;MULTI;16;354816000;FAST_GENETIC;670338786;HIGH_RISK_RESEARCH;05_US_Stocks_CFD/XOM/11_SIGNAL_ONLY/BUY_MULTI.set;B31D20378730D72F6338DF3EEECC3107001B100BE1785BF170A3B5C3F93EC60D
05_US_Stocks_CFD;XOM;11_SIGNAL_ONLY;BUY;ICHIMOKU;15;7741440;FAST_GENETIC;627915825;HIGH_RISK_RESEARCH;05_US_Stocks_CFD/XOM/11_SIGNAL_ONLY/BUY_ICHIMOKU.set;182E65030BCDBA15249BB450BAA66BAA108882CB4B095D231885E8AFD1ED29CD
05_US_Stocks_CFD;XOM;11_SIGNAL_ONLY;SELL;MULTI;16;354816000;FAST_GENETIC;668013752;HIGH_RISK_RESEARCH;05_US_Stocks_CFD/XOM/11_SIGNAL_ONLY/SELL_MULTI.set;E2CBF659E7A1D65AF24B38A1D52036EC67EC4759C1A048D25EB63F57E57294E5
05_US_Stocks_CFD;XOM;11_SIGNAL_ONLY;SELL;ICHIMOKU;15;7741440;FAST_GENETIC;668655392;HIGH_RISK_RESEARCH;05_US_Stocks_CFD/XOM/11_SIGNAL_ONLY/SELL_ICHIMOKU.set;0F684159952D5FD44770BE14862CF0AA2C53CE12E0579125B491874341AB6ABC
